/*========================== begin_copyright_notice ============================

Copyright (C) 2017-2026 Intel Corporation

SPDX-License-Identifier: MIT

============================= end_copyright_notice ===========================*/

const unsigned char preCompiledFunctionLibrary[] = {
    0x42, 0x43, 0xc0, 0xde, 0x35, 0x14, 0x00, 0x00, 0x05, 0x00, 0x00, 0x00, 0x62, 0x0c, 0x30, 0x24, 0x4a, 0x59, 0xbe,
    0x66, 0x8d, 0xfb, 0xb4, 0xaf, 0x0b, 0x51, 0x80, 0x4c, 0x01, 0x00, 0x00, 0x00, 0x21, 0x0c, 0x00, 0x00, 0xe4, 0x4b,
    0x00, 0x00, 0x0b, 0x02, 0x21, 0x00, 0x02, 0x00, 0x00, 0x00, 0x16, 0x00, 0x00, 0x00, 0x07, 0x81, 0x23, 0x91, 0x41,
    0xc8, 0x04, 0x49, 0x06, 0x10, 0x32, 0x39, 0x92, 0x01, 0x84, 0x0c, 0x25, 0x05, 0x08, 0x19, 0x1e, 0x04, 0x8b, 0x62,
    0x80, 0x18, 0x45, 0x02, 0x42, 0x92, 0x0b, 0x42, 0xc4, 0x10, 0x32, 0x14, 0x38, 0x08, 0x18, 0x4b, 0x0a, 0x32, 0x62,
    0x88, 0x48, 0x70, 0xc4, 0x21, 0x23, 0x44, 0x12, 0x87, 0x8c, 0x10, 0x41, 0x92, 0x02, 0x64, 0xc8, 0x08, 0xb1, 0x14,
    0x20, 0x43, 0x46, 0x88, 0x20, 0xc9, 0x01, 0x32, 0x62, 0x84, 0x18, 0x2a, 0x28, 0x2a, 0x90, 0x31, 0x7c, 0xb0, 0x5c,
    0x91, 0x20, 0xc6, 0xc8, 0x00, 0x00, 0x00, 0x89, 0x20, 0x00, 0x00, 0x23, 0x00, 0x00, 0x00, 0x32, 0x22, 0x88, 0x09,
    0x20, 0x62, 0x46, 0x00, 0x21, 0x2b, 0x24, 0x98, 0x18, 0x21, 0x25, 0x24, 0x98, 0x18, 0x19, 0x27, 0x0c, 0x85, 0xa4,
    0x90, 0x60, 0x62, 0x64, 0x5c, 0x20, 0x24, 0x66, 0x82, 0xe0, 0x0c, 0x46, 0x01, 0x86, 0x00, 0xe6, 0x08, 0xc0, 0xc0,
    0x0c, 0x40, 0x20, 0xd0, 0x60, 0x86, 0x20, 0x08, 0xa8, 0x30, 0x02, 0x10, 0xd0, 0x31, 0x47, 0x00, 0x0a, 0x46, 0x48,
    0x12, 0x52, 0xe6, 0x08, 0x02, 0x33, 0x24, 0x09, 0x43, 0x8d, 0x19, 0x92, 0x24, 0xa1, 0x67, 0x18, 0x41, 0x48, 0xcc,
    0x10, 0x45, 0x11, 0x49, 0xc3, 0x08, 0x43, 0x62, 0x06, 0x8a, 0xa2, 0xa8, 0x1a, 0x46, 0x20, 0x12, 0x33, 0x5c, 0xd7,
    0x45, 0xd8, 0x30, 0x02, 0x92, 0x98, 0x41, 0xd3, 0x34, 0xda, 0x86, 0x11, 0xa0, 0xc4, 0x0c, 0x5d, 0xd7, 0x91, 0x37,
    0x10, 0x30, 0x47, 0x00, 0x4d, 0x01, 0x8c, 0x00, 0x0c, 0x23, 0x10, 0xc2, 0x30, 0x02, 0x22, 0x0c, 0x23, 0x40, 0x02,
    0x00, 0x00, 0x00, 0x51, 0x18, 0x00, 0x00, 0x72, 0x01, 0x00, 0x00, 0x1b, 0xdc, 0x21, 0xf8, 0xff, 0xff, 0xff, 0xff,
    0x01, 0x10, 0x80, 0x35, 0x00, 0xe0, 0x00, 0x90, 0x08, 0x73, 0x90, 0x87, 0x70, 0x68, 0x87, 0x72, 0x68, 0x03, 0x78,
    0x78, 0x87, 0x74, 0x70, 0x07, 0x7a, 0x28, 0x07, 0x79, 0x00, 0xdc, 0xe1, 0x1d, 0xdc, 0xa1, 0x1c, 0x00, 0xa2, 0x1d,
    0xd2, 0xc1, 0x1d, 0xda, 0x80, 0x1d, 0xca, 0xe1, 0x1c, 0xc2, 0x81, 0x1d, 0xda, 0xc0, 0x1e, 0xca, 0x61, 0x1c, 0xe8,
    0xe1, 0x1d, 0xe4, 0xa1, 0x0d, 0xee, 0x21, 0x1d, 0xc8, 0x81, 0x1e, 0xd0, 0x01, 0x80, 0x03, 0x80, 0x70, 0x87, 0x77,
    0x68, 0x03, 0x7a, 0x90, 0x87, 0x70, 0x80, 0x07, 0x78, 0x48, 0x07, 0x77, 0x38, 0x87, 0x36, 0x68, 0x87, 0x70, 0xa0,
    0x07, 0x74, 0x00, 0xe8, 0x41, 0x1e, 0xea, 0xa1, 0x1c, 0x00, 0x62, 0x1e, 0xe8, 0x21, 0x1c, 0xc6, 0x61, 0x1d, 0xda,
    0x00, 0x1e, 0xe4, 0xe1, 0x1d, 0xe8, 0xa1, 0x1c, 0xc6, 0x81, 0x1e, 0xde, 0x41, 0x1e, 0xda, 0x40, 0x1c, 0xea, 0xc1,
    0x1c, 0xcc, 0xa1, 0x1c, 0xe4, 0xa1, 0x0d, 0xe6, 0x21, 0x1d, 0xf4, 0xa1, 0x1c, 0x00, 0x3c, 0x00, 0x36, 0x10, 0x42,
    0x00, 0x90, 0xc2, 0x06, 0x62, 0x10, 0x00, 0x52, 0xd8, 0xe0, 0x0a, 0xc4, 0xff, 0xff, 0xff, 0xff, 0x0f, 0xc0, 0x1a,
    0x10, 0xe6, 0x20, 0x0f, 0xe1, 0xd0, 0x0e, 0xe5, 0xd0, 0x06, 0xf0, 0xf0, 0x0e, 0xe9, 0xe0, 0x0e, 0xf4, 0x50, 0x0e,
    0xf2, 0x00, 0xb8, 0xc3, 0x3b, 0xb8, 0x43, 0x39, 0x00, 0x84, 0x3b, 0xbc, 0x43, 0x1b, 0xd0, 0x83, 0x3c, 0x84, 0x03,
    0x3c, 0xc0, 0x43, 0x3a, 0xb8, 0xc3, 0x39, 0xb4, 0x41, 0x3b, 0x84, 0x03, 0x3d, 0xa0, 0x03, 0x40, 0x0f, 0xf2, 0x50,
    0x0f, 0xe5, 0x00, 0x10, 0xf3, 0x40, 0x0f, 0xe1, 0x30, 0x0e, 0xeb, 0xd0, 0x06, 0xf0, 0x20, 0x0f, 0xef, 0x40, 0x0f,
    0xe5, 0x30, 0x0e, 0xf4, 0xf0, 0x0e, 0xf2, 0xd0, 0x06, 0xe2, 0x50, 0x0f, 0xe6, 0x60, 0x0e, 0xe5, 0x20, 0x0f, 0x6d,
    0x30, 0x0f, 0xe9, 0xa0, 0x0f, 0xe5, 0x00, 0xe0, 0x01, 0xb0, 0xc1, 0x1e, 0x8a, 0xff, 0xff, 0xff, 0xff, 0x1f, 0x00,
    0x01, 0x30, 0x05, 0xc0, 0x0f, 0x00, 0x38, 0x00, 0xfe, 0x00, 0x90, 0x00, 0x0a, 0xe8, 0x03, 0xc2, 0x1c, 0xe4, 0x21,
    0x1c, 0xda, 0xa1, 0x1c, 0xda, 0x00, 0x1e, 0xde, 0x21, 0x1d, 0xdc, 0x81, 0x1e, 0xca, 0x41, 0x1e, 0x00, 0x77, 0x78,
    0x07, 0x77, 0x28, 0x07, 0x80, 0x68, 0x87, 0x74, 0x70, 0x87, 0x36, 0x60, 0x87, 0x72, 0x38, 0x87, 0x70, 0x60, 0x87,
    0x36, 0xb0, 0x87, 0x72, 0x18, 0x07, 0x7a, 0x78, 0x07, 0x79, 0x68, 0x83, 0x7b, 0x48, 0x07, 0x72, 0xa0, 0x07, 0x74,
    0x00, 0xe0, 0x00, 0x20, 0xdc, 0xe1, 0x1d, 0xda, 0x80, 0x1e, 0xe4, 0x21, 0x1c, 0xe0, 0x01, 0x1e, 0xd2, 0xc1, 0x1d,
    0xce, 0xa1, 0x0d, 0xda, 0x21, 0x1c, 0xe8, 0x01, 0x1d, 0x00, 0x7a, 0x90, 0x87, 0x7a, 0x28, 0x07, 0x80, 0x98, 0x07,
    0x7a, 0x08, 0x87, 0x71, 0x58, 0x87, 0x36, 0x80, 0x07, 0x79, 0x78, 0x07, 0x7a, 0x28, 0x87, 0x71, 0xa0, 0x87, 0x77,
    0x90, 0x87, 0x36, 0x10, 0x87, 0x7a, 0x30, 0x07, 0x73, 0x28, 0x07, 0x79, 0x68, 0x83, 0x79, 0x48, 0x07, 0x7d, 0x28,
    0x07, 0x00, 0x0f, 0x80, 0x0d, 0x8e, 0xf1, 0xff, 0xff, 0xff, 0xff, 0x03, 0xe0, 0x07, 0xc0, 0x1f, 0x00, 0x12, 0x40,
    0x01, 0x75, 0x00, 0xf4, 0xc1, 0x06, 0xe2, 0x10, 0x00, 0x3e, 0xd8, 0x20, 0x0f, 0xc8, 0xff, 0xff, 0xff, 0xff, 0x0f,
    0x80, 0x00, 0xf8, 0x01, 0x00, 0x07, 0xc0, 0x1f, 0x00, 0x12, 0x40, 0x11, 0xe6, 0x20, 0x0f, 0xe1, 0xd0, 0x0e, 0xe5,
    0xd0, 0x06, 0xf0, 0xf0, 0x0e, 0xe9, 0xe0, 0x0e, 0xf4, 0x50, 0x0e, 0xf2, 0x00, 0xb8, 0xc3, 0x3b, 0xb8, 0x43, 0x39,
    0x00, 0x44, 0x3b, 0xa4, 0x83, 0x3b, 0xb4, 0x01, 0x3b, 0x94, 0xc3, 0x39, 0x84, 0x03, 0x3b, 0xb4, 0x81, 0x3d, 0x94,
    0xc3, 0x38, 0xd0, 0xc3, 0x3b, 0xc8, 0x43, 0x1b, 0xdc, 0x43, 0x3a, 0x90, 0x03, 0x3d, 0xa0, 0x03, 0x00, 0x07, 0x00,
    0xe1, 0x0e, 0xef, 0xd0, 0x06, 0xf4, 0x20, 0x0f, 0xe1, 0x00, 0x0f, 0xf0, 0x90, 0x0e, 0xee, 0x70, 0x0e, 0x6d, 0xd0,
    0x0e, 0xe1, 0x40, 0x0f, 0xe8, 0x00, 0xd0, 0x83, 0x3c, 0xd4, 0x43, 0x39, 0x00, 0xc4, 0x3c, 0xd0, 0x43, 0x38, 0x8c,
    0xc3, 0x3a, 0xb4, 0x01, 0x3c, 0xc8, 0xc3, 0x3b, 0xd0, 0x43, 0x39, 0x8c, 0x03, 0x3d, 0xbc, 0x83, 0x3c, 0xb4, 0x81,
    0x38, 0xd4, 0x83, 0x39, 0x98, 0x43, 0x39, 0xc8, 0x43, 0x1b, 0xcc, 0x43, 0x3a, 0xe8, 0x43, 0x39, 0x00, 0x78, 0x00,
    0x6c, 0xa0, 0x87, 0xe4, 0xff, 0xff, 0xff, 0xff, 0x07, 0x40, 0x00, 0xfc, 0x00, 0x80, 0x03, 0xe0, 0x0f, 0x00, 0x09,
    0xa0, 0x08, 0x73, 0x90, 0x87, 0x70, 0x68, 0x87, 0x72, 0x68, 0x03, 0x78, 0x78, 0x87, 0x74, 0x70, 0x07, 0x7a, 0x28,
    0x07, 0x79, 0x00, 0xdc, 0xe1, 0x1d, 0xdc, 0xa1, 0x1c, 0x00, 0xa2, 0x1d, 0xd2, 0xc1, 0x1d, 0xda, 0x80, 0x1d, 0xca,
    0xe1, 0x1c, 0xc2, 0x81, 0x1d, 0xda, 0xc0, 0x1e, 0xca, 0x61, 0x1c, 0xe8, 0xe1, 0x1d, 0xe4, 0xa1, 0x0d, 0xee, 0x21,
    0x1d, 0xc8, 0x81, 0x1e, 0xd0, 0x01, 0x88, 0x03, 0x39, 0xc0, 0x03, 0x80, 0x70, 0x87, 0x77, 0x68, 0x03, 0x7a, 0x90,
    0x87, 0x70, 0x80, 0x07, 0x78, 0x48, 0x07, 0x77, 0x38, 0x87, 0x36, 0x68, 0x87, 0x70, 0xa0, 0x07, 0x74, 0x00, 0xe8,
    0x41, 0x1e, 0xea, 0xa1, 0x1c, 0x00, 0x62, 0x1e, 0xe8, 0x21, 0x1c, 0xc6, 0x61, 0x1d, 0xda, 0x00, 0x1e, 0xe4, 0xe1,
    0x1d, 0xe8, 0xa1, 0x1c, 0xc6, 0x81, 0x1e, 0xde, 0x41, 0x1e, 0xda, 0x40, 0x1c, 0xea, 0xc1, 0x1c, 0xcc, 0xa1, 0x1c,
    0xe4, 0xa1, 0x0d, 0xe6, 0x21, 0x1d, 0xf4, 0xa1, 0x1c, 0x00, 0x3c, 0x00, 0x36, 0xd0, 0x83, 0xf2, 0xff, 0xff, 0xff,
    0xff, 0x03, 0x20, 0x00, 0x7e, 0x00, 0xc0, 0x01, 0xf0, 0x07, 0x80, 0x04, 0x50, 0x84, 0x39, 0xc8, 0x43, 0x38, 0xb4,
    0x43, 0x39, 0xb4, 0x01, 0x3c, 0xbc, 0x43, 0x3a, 0xb8, 0x03, 0x3d, 0x94, 0x83, 0x3c, 0x00, 0xee, 0xf0, 0x0e, 0xee,
    0x50, 0x0e, 0x00, 0xd1, 0x0e, 0xe9, 0xe0, 0x0e, 0x6d, 0xc0, 0x0e, 0xe5, 0x70, 0x0e, 0xe1, 0xc0, 0x0e, 0x6d, 0x60,
    0x0f, 0xe5, 0x30, 0x0e, 0xf4, 0xf0, 0x0e, 0xf2, 0xd0, 0x06, 0xf7, 0x90, 0x0e, 0xe4, 0x40, 0x0f, 0xe8, 0x00, 0xc4,
    0x41, 0x1e, 0xc8, 0x01, 0x40, 0xb8, 0xc3, 0x3b, 0xb4, 0x01, 0x3d, 0xc8, 0x43, 0x38, 0xc0, 0x03, 0x3c, 0xa4, 0x83,
    0x3b, 0x9c, 0x43, 0x1b, 0xb4, 0x43, 0x38, 0xd0, 0x03, 0x3a, 0x00, 0xf4, 0x20, 0x0f, 0xf5, 0x50, 0x0e, 0x00, 0x31,
    0x0f, 0xf4, 0x10, 0x0e, 0xe3, 0xb0, 0x0e, 0x6d, 0x00, 0x0f, 0xf2, 0xf0, 0x0e, 0xf4, 0x50, 0x0e, 0xe3, 0x40, 0x0f,
    0xef, 0x20, 0x0f, 0x6d, 0x20, 0x0e, 0xf5, 0x60, 0x0e, 0xe6, 0x50, 0x0e, 0xf2, 0xd0, 0x06, 0xf3, 0x90, 0x0e, 0xfa,
    0x50, 0x0e, 0x00, 0x1e, 0x00, 0x1b, 0xe8, 0x61, 0xf9, 0xff, 0xff, 0xff, 0xff, 0x01, 0x10, 0x00, 0x3f, 0x00, 0xe0,
    0x00, 0xf8, 0x03, 0x40, 0x02, 0x28, 0xc2, 0x1c, 0xe4, 0x21, 0x1c, 0xda, 0xa1, 0x1c, 0xda, 0x00, 0x1e, 0xde, 0x21,
    0x1d, 0xdc, 0x81, 0x1e, 0xca, 0x41, 0x1e, 0x00, 0x77, 0x78, 0x07, 0x77, 0x28, 0x07, 0x80, 0x68, 0x87, 0x74, 0x70,
    0x87, 0x36, 0x60, 0x87, 0x72, 0x38, 0x87, 0x70, 0x60, 0x87, 0x36, 0xb0, 0x87, 0x72, 0x18, 0x07, 0x7a, 0x78, 0x07,
    0x79, 0x68, 0x83, 0x7b, 0x48, 0x07, 0x72, 0xa0, 0x07, 0x74, 0x00, 0xe4, 0xa0, 0x0e, 0xec, 0x00, 0x20, 0xdc, 0xe1,
    0x1d, 0xda, 0x80, 0x1e, 0xe4, 0x21, 0x1c, 0xe0, 0x01, 0x1e, 0xd2, 0xc1, 0x1d, 0xce, 0xa1, 0x0d, 0xda, 0x21, 0x1c,
    0xe8, 0x01, 0x1d, 0x00, 0x7a, 0x90, 0x87, 0x7a, 0x28, 0x07, 0x80, 0x98, 0x07, 0x7a, 0x08, 0x87, 0x71, 0x58, 0x87,
    0x36, 0x80, 0x07, 0x79, 0x78, 0x07, 0x7a, 0x28, 0x87, 0x71, 0xa0, 0x87, 0x77, 0x90, 0x87, 0x36, 0x10, 0x87, 0x7a,
    0x30, 0x07, 0x73, 0x28, 0x07, 0x79, 0x68, 0x83, 0x79, 0x48, 0x07, 0x7d, 0x28, 0x07, 0x00, 0x0f, 0x80, 0x0d, 0xf4,
    0xc0, 0xfc, 0xff, 0xff, 0xff, 0xff, 0x00, 0x08, 0x80, 0x1f, 0x00, 0x70, 0x00, 0xfc, 0x01, 0x20, 0x01, 0x14, 0x61,
    0x0e, 0xf2, 0x10, 0x0e, 0xed, 0x50, 0x0e, 0x6d, 0x00, 0x0f, 0xef, 0x90, 0x0e, 0xee, 0x40, 0x0f, 0xe5, 0x20, 0x0f,
    0x80, 0x3b, 0xbc, 0x83, 0x3b, 0x94, 0x03, 0x40, 0xb4, 0x43, 0x3a, 0xb8, 0x43, 0x1b, 0xb0, 0x43, 0x39, 0x9c, 0x43,
    0x38, 0xb0, 0x43, 0x1b, 0xd8, 0x43, 0x39, 0x8c, 0x03, 0x3d, 0xbc, 0x83, 0x3c, 0xb4, 0xc1, 0x3d, 0xa4, 0x03, 0x39,
    0xd0, 0x03, 0x3a, 0x00, 0x75, 0x10, 0x07, 0x72, 0x00, 0x10, 0xee, 0xf0, 0x0e, 0x6d, 0x40, 0x0f, 0xf2, 0x10, 0x0e,
    0xf0, 0x00, 0x0f, 0xe9, 0xe0, 0x0e, 0xe7, 0xd0, 0x06, 0xed, 0x10, 0x0e, 0xf4, 0x80, 0x0e, 0x00, 0x3d, 0xc8, 0x43,
    0x3d, 0x94, 0x03, 0x40, 0xcc, 0x03, 0x3d, 0x84, 0xc3, 0x38, 0xac, 0x43, 0x1b, 0xc0, 0x83, 0x3c, 0xbc, 0x03, 0x3d,
    0x94, 0xc3, 0x38, 0xd0, 0xc3, 0x3b, 0xc8, 0x43, 0x1b, 0x88, 0x43, 0x3d, 0x98, 0x83, 0x39, 0x94, 0x83, 0x3c, 0xb4,
    0xc1, 0x3c, 0xa4, 0x83, 0x3e, 0x94, 0x03, 0x80, 0x07, 0xc0, 0x86, 0x7a, 0x68, 0xfe, 0xff, 0xff, 0xff, 0x7f, 0x00,
    0x04, 0xc0, 0x0f, 0x00, 0x38, 0x00, 0xfe, 0x00, 0x90, 0x00, 0x8a, 0x30, 0x07, 0x79, 0x08, 0x87, 0x76, 0x28, 0x87,
    0x36, 0x80, 0x87, 0x77, 0x48, 0x07, 0x77, 0xa0, 0x87, 0x72, 0x90, 0x07, 0xc0, 0x1d, 0xde, 0xc1, 0x1d, 0xca, 0x01,
    0x20, 0xda, 0x21, 0x1d, 0xdc, 0xa1, 0x0d, 0xd8, 0xa1, 0x1c, 0xce, 0x21, 0x1c, 0xd8, 0xa1, 0x0d, 0xec, 0xa1, 0x1c,
    0xc6, 0x81, 0x1e, 0xde, 0x41, 0x1e, 0xda, 0xe0, 0x1e, 0xd2, 0x81, 0x1c, 0xe8, 0x01, 0x1d, 0x80, 0x38, 0x80, 0x03,
    0x39, 0xa0, 0x03, 0x80, 0x70, 0x87, 0x77, 0x68, 0x03, 0x7a, 0x90, 0x87, 0x70, 0x80, 0x07, 0x78, 0x48, 0x07, 0x77,
    0x38, 0x87, 0x36, 0x68, 0x87, 0x70, 0xa0, 0x07, 0x74, 0x00, 0xe8, 0x41, 0x1e, 0xea, 0xa1, 0x1c, 0x00, 0x62, 0x1e,
    0xe8, 0x21, 0x1c, 0xc6, 0x61, 0x1d, 0xda, 0x00, 0x1e, 0xe4, 0xe1, 0x1d, 0xe8, 0xa1, 0x1c, 0xc6, 0x81, 0x1e, 0xde,
    0x41, 0x1e, 0xda, 0x40, 0x1c, 0xea, 0xc1, 0x1c, 0xcc, 0xa1, 0x1c, 0xe4, 0xa1, 0x0d, 0xe6, 0x21, 0x1d, 0xf4, 0xa1,
    0x1c, 0x00, 0x3c, 0x00, 0x36, 0x18, 0xce, 0xff, 0xff, 0xff, 0xff, 0x0f, 0xc0, 0x1a, 0x00, 0xd2, 0x06, 0xe2, 0xf9,
    0xff, 0xff, 0xff, 0xff, 0x01, 0x90, 0x00, 0x00, 0x00, 0x49, 0x18, 0x00, 0x00, 0x0d, 0x00, 0x00, 0x00, 0x13, 0x86,
    0x40, 0x18, 0x26, 0x0c, 0x84, 0x30, 0x4c, 0x10, 0x02, 0x61, 0x82, 0x50, 0x08, 0x13, 0x04, 0xe3, 0x98, 0x30, 0x20,
    0xc2, 0x30, 0x61, 0x48, 0x84, 0x61, 0xc2, 0xa0, 0x08, 0xc3, 0x84, 0x61, 0x11, 0x86, 0x09, 0x03, 0x23, 0x0c, 0x13,
    0x86, 0x46, 0x18, 0x26, 0x0c, 0x8e, 0x30, 0x4c, 0x08, 0x1e, 0x00, 0x00, 0x13, 0xac, 0x79, 0x80, 0x87, 0x74, 0x90,
    0x07, 0x3b, 0xa0, 0x83, 0x36, 0xa8, 0x07, 0x77, 0x58, 0x07, 0x77, 0x78, 0x87, 0x7b, 0x70, 0x87, 0x36, 0xa8, 0x07,
    0x77, 0x58, 0x07, 0x77, 0x78, 0x87, 0x7b, 0x70, 0x87, 0x0d, 0xb2, 0x50, 0x0e, 0x6d, 0x90, 0x0e, 0x76, 0x40, 0x07,
    0x7a, 0x60, 0x07, 0x74, 0xd0, 0x06, 0xf6, 0x10, 0x07, 0x76, 0xa0, 0x07, 0x71, 0x60, 0x07, 0x6d, 0x60, 0x0f, 0x72,
    0x40, 0x07, 0x7a, 0x30, 0x07, 0x72, 0xd0, 0x06, 0xf6, 0x30, 0x07, 0x72, 0xa0, 0x07, 0x73, 0x20, 0x07, 0x6d, 0x60,
    0x0f, 0x74, 0x80, 0x07, 0x7a, 0x60, 0x07, 0x74, 0xd0, 0x06, 0xf6, 0x90, 0x07, 0x76, 0xa0, 0x07, 0x71, 0x20, 0x07,
    0x78, 0xd0, 0x06, 0xf6, 0x10, 0x07, 0x79, 0x20, 0x07, 0x7a, 0x20, 0x07, 0x75, 0x60, 0x07, 0x6d, 0x60, 0x0f, 0x72,
    0x50, 0x07, 0x76, 0xa0, 0x07, 0x72, 0x50, 0x07, 0x76, 0xd0, 0x06, 0xf6, 0x50, 0x07, 0x71, 0x20, 0x07, 0x7a, 0x50,
    0x07, 0x71, 0x20, 0x07, 0x6d, 0x60, 0x0f, 0x71, 0x00, 0x07, 0x72, 0x40, 0x07, 0x7a, 0x10, 0x07, 0x70, 0x20, 0x07,
    0x74, 0xa0, 0x11, 0xc2, 0xe4, 0x30, 0x61, 0xb3, 0xed, 0xed, 0x16, 0x3b, 0xed, 0x5e, 0x0f, 0xa9, 0x80, 0x32, 0x18,
    0x56, 0x01, 0x00, 0x02, 0x00, 0x00, 0x00, 0x01, 0x00, 0x00, 0x00, 0x08, 0x80, 0x32, 0x00, 0x86, 0x54, 0x65, 0x20,
    0x15, 0xab, 0x10, 0x00, 0x02, 0x00, 0x00, 0x80, 0x00, 0x00, 0x00, 0x00, 0x00, 0x40, 0x19, 0x00, 0x43, 0xaa, 0x3b,
    0x90, 0x8a, 0x55, 0x08, 0x00, 0x01, 0x00, 0x00, 0x40, 0x00, 0x00, 0x00, 0x00, 0x00, 0xa0, 0x0c, 0x80, 0x21, 0x55,
    0x2a, 0x48, 0xc5, 0x2a, 0x04, 0x80, 0x00, 0x00, 0x00, 0x20, 0x00, 0x00, 0x00, 0x00, 0x00, 0x50, 0x06, 0xc0, 0x90,
    0x6a, 0x17, 0xa4, 0x62, 0x15, 0x02, 0x40, 0x00, 0x00, 0x00, 0x10, 0x00, 0x00, 0x00, 0x00, 0x00, 0x28, 0x03, 0x60,
    0x48, 0xd5, 0x0e, 0x64, 0x70, 0xac, 0x02, 0x00, 0x0c, 0x00, 0x00, 0x00, 0x02, 0x00, 0x00, 0x00, 0x10, 0x00, 0x65,
    0x00, 0x0c, 0xa9, 0x62, 0x82, 0x0c, 0x8e, 0x55, 0x00, 0x80, 0x01, 0x00, 0x00, 0x40, 0x00, 0x00, 0x00, 0x00, 0x02,
    0xa0, 0x0c, 0x80, 0x21, 0x55, 0x5d, 0x90, 0xc1, 0xb1, 0x0a, 0x00, 0x30, 0x00, 0x00, 0x00, 0x08, 0x00, 0x00, 0x00,
    0x40, 0x00, 0x94, 0x01, 0x30, 0xa4, 0xca, 0x0d, 0x32, 0x38, 0x56, 0x01, 0x00, 0x06, 0x00, 0x00, 0x00, 0x01, 0x00,
    0x00, 0x00, 0x08, 0x80, 0x32, 0x00, 0x86, 0x54, 0xfd, 0x51, 0x29, 0xab, 0x00, 0x00, 0x04, 0x00, 0x00, 0x80, 0x00,
    0x00, 0x00, 0x00, 0x04, 0x40, 0x19, 0x00, 0x43, 0x2a, 0x19, 0x61, 0x1a, 0x20, 0x00, 0x0a, 0x00, 0x00, 0x00, 0x00,
    0x00, 0x00, 0x00, 0x00, 0x80, 0x32, 0x00, 0x86, 0x54, 0x3e, 0x22, 0x3d, 0xab, 0x00, 0x00, 0x06, 0x00, 0x00, 0x80,
    0x00, 0x00, 0x00, 0x00, 0x04, 0x40, 0x19, 0x00, 0x43, 0x2a, 0x38, 0x99, 0xa4, 0x55, 0x00, 0x80, 0x03, 0x00, 0x00,
    0x40, 0x00, 0x00, 0x00, 0x00, 0x02, 0xa0, 0x0c, 0x80, 0x21, 0xd5, 0xa8, 0x4c, 0xd5, 0x2a, 0x00, 0x00, 0x02, 0x00,
    0x00, 0x20, 0x00, 0x00, 0x00, 0x00, 0x01, 0x50, 0x06, 0xc0, 0x90, 0xca, 0x56, 0x26, 0x6c, 0x15, 0x00, 0x20, 0x01,
    0x00, 0x00, 0x10, 0x00, 0x00, 0x00, 0x80, 0x00, 0x28, 0x03, 0x60, 0x48, 0x95, 0x2e, 0xd3, 0xb6, 0x0a, 0x00, 0xa0,
    0x00, 0x00, 0x00, 0x08, 0x00, 0x00, 0x00, 0x40, 0x00, 0x94, 0x01, 0x30, 0xa4, 0xe2, 0x17, 0xca, 0x5b, 0x05, 0x00,
    0x58, 0x00, 0x00, 0x00, 0x04, 0x00, 0x00, 0x00, 0x20, 0x00, 0xca, 0x00, 0x18, 0x52, 0xc1, 0x8c, 0xf4, 0xac, 0x02,
    0x00, 0x18, 0x00, 0x00, 0x00, 0x02, 0x00, 0x00, 0x00, 0x10, 0x00, 0x65, 0x00, 0x0c, 0xa9, 0xc4, 0x66, 0x92, 0x56,
    0x01, 0x00, 0x0e, 0x00, 0x00, 0x00, 0x01, 0x00, 0x00, 0x00, 0x08, 0x80, 0x32, 0x00, 0x86, 0x54, 0x75, 0x33, 0x55,
    0xab, 0x00, 0x00, 0x08, 0x00, 0x00, 0x80, 0x00, 0x00, 0x00, 0x00, 0x04, 0x40, 0x19, 0x00, 0x43, 0x2a, 0xd4, 0x99,
    0xb0, 0x55, 0x00, 0x80, 0x04, 0x00, 0x00, 0x40, 0x00, 0x00, 0x00, 0x00, 0x02, 0xa0, 0x0c, 0x80, 0x21, 0xd5, 0xee,
    0x4c, 0xdb, 0x2a, 0x00, 0x80, 0x02, 0x00, 0x00, 0x20, 0x00, 0x00, 0x00, 0x00, 0x01, 0x50, 0x06, 0xc0, 0x90, 0xca,
    0x7d, 0x28, 0x6f, 0x15, 0x00, 0x60, 0x01, 0x00, 0x00, 0x10, 0x00, 0x00, 0x00, 0x80, 0x00, 0x28, 0x03, 0x60, 0x48,
    0x25, 0x42, 0xd2, 0xb3, 0x0a, 0x00, 0x60, 0x00, 0x00, 0x00, 0x08, 0x00, 0x00, 0x00, 0x40, 0x00, 0x94, 0x01, 0x30,
    0xa4, 0xa2, 0xa1, 0x49, 0x5a, 0x05, 0x00, 0x38, 0x00, 0x00, 0x00, 0x04, 0x00, 0x00, 0x00, 0x20, 0x00, 0xca, 0x00,
    0x18, 0x52, 0x9d, 0xd1, 0x54, 0xad, 0x02, 0x00, 0x20, 0x00, 0x00, 0x00, 0x02, 0x00, 0x00, 0x00, 0x10, 0x00, 0x65,
    0x00, 0x0c, 0xa9, 0xf4, 0x68, 0xc2, 0x56, 0x01, 0x00, 0x12, 0x00, 0x00, 0x00, 0x01, 0x00, 0x00, 0x00, 0x08, 0x80,
    0x32, 0x00, 0x86, 0x54, 0xad, 0x34, 0x6d, 0xab, 0x00, 0x00, 0x0a, 0x00, 0x00, 0x80, 0x00, 0x00, 0x00, 0x00, 0x04,
    0x40, 0x19, 0x00, 0x43, 0x2a, 0x70, 0xa2, 0xbc, 0x55, 0x00, 0x80, 0x05, 0x00, 0x00, 0x40, 0x00, 0x00, 0x00, 0x00,
    0x02, 0xa0, 0x0c, 0x80, 0x21, 0x15, 0x3d, 0x49, 0xcf, 0x2a, 0x00, 0x80, 0x01, 0x00, 0x00, 0x20, 0x00, 0x00, 0x00,
    0x00, 0x01, 0x50, 0x06, 0xc0, 0x90, 0xca, 0xa4, 0x26, 0x69, 0x15, 0x00, 0xe0, 0x00, 0x00, 0x00, 0x10, 0x00, 0x00,
    0x00, 0x80, 0x00, 0x28, 0x03, 0x60, 0x48, 0x95, 0x53, 0x53, 0xb5, 0x0a, 0x00, 0x80, 0x00, 0x00, 0x00, 0x08, 0x00,
    0x00, 0x00, 0x40, 0x00, 0x94, 0x01, 0x30, 0xa4, 0x62, 0xab, 0x09, 0x5b, 0x05, 0x00, 0x48, 0x00, 0x00, 0x00, 0x04,
    0x00, 0x00, 0x00, 0x20, 0x00, 0xca, 0x00, 0x18, 0x52, 0xfd, 0xd5, 0xb4, 0xad, 0x02, 0x00, 0x28, 0x00, 0x00, 0x00,
    0x02, 0x00, 0x00, 0x00, 0x10, 0x00, 0x65, 0x00, 0x0c, 0xa9, 0x64, 0x8b, 0xf2, 0x56, 0x01, 0x00, 0x16, 0x00, 0x00,
    0x00, 0x01, 0x00, 0x00, 0x00, 0x08, 0x80, 0x32, 0x00, 0x24, 0x36, 0x08, 0x14, 0x7d, 0x5e, 0x02, 0x00, 0xc8, 0x02,
    0x01, 0x00, 0x00, 0x06, 0x00, 0x00, 0x00, 0x32, 0x1e, 0x98, 0x18, 0x19, 0x11, 0x4c, 0x90, 0x8c, 0x09, 0x26, 0x47,
    0xc6, 0x04, 0x43, 0x12, 0x8a, 0x60, 0x04, 0xa0, 0x04, 0x0a, 0x01, 0x00, 0xb1, 0x18, 0x00, 0x00, 0x9d, 0x00, 0x00,
    0x00, 0x33, 0x08, 0x80, 0x1c, 0xc4, 0xe1, 0x1c, 0x66, 0x14, 0x01, 0x3d, 0x88, 0x43, 0x38, 0x84, 0xc3, 0x8c, 0x42,
    0x80, 0x07, 0x79, 0x78, 0x07, 0x73, 0x98, 0x71, 0x0c, 0xe6, 0x00, 0x0f, 0xed, 0x10, 0x0e, 0xf4, 0x80, 0x0e, 0x33,
    0x0c, 0x42, 0x1e, 0xc2, 0xc1, 0x1d, 0xce, 0xa1, 0x1c, 0x66, 0x30, 0x05, 0x3d, 0x88, 0x43, 0x38, 0x84, 0x83, 0x1b,
    0xcc, 0x03, 0x3d, 0xc8, 0x43, 0x3d, 0x8c, 0x03, 0x3d, 0xcc, 0x78, 0x8c, 0x74, 0x70, 0x07, 0x7b, 0x08, 0x07, 0x79,
    0x48, 0x87, 0x70, 0x70, 0x07, 0x7a, 0x70, 0x03, 0x76, 0x78, 0x87, 0x70, 0x20, 0x87, 0x19, 0xcc, 0x11, 0x0e, 0xec,
    0x90, 0x0e, 0xe1, 0x30, 0x0f, 0x6e, 0x30, 0x0f, 0xe3, 0xf0, 0x0e, 0xf0, 0x50, 0x0e, 0x33, 0x10, 0xc4, 0x1d, 0xde,
    0x21, 0x1c, 0xd8, 0x21, 0x1d, 0xc2, 0x61, 0x1e, 0x66, 0x30, 0x89, 0x3b, 0xbc, 0x83, 0x3b, 0xd0, 0x43, 0x39, 0xb4,
    0x03, 0x3c, 0xbc, 0x83, 0x3c, 0x84, 0x03, 0x3b, 0xcc, 0xf0, 0x14, 0x76, 0x60, 0x07, 0x7b, 0x68, 0x07, 0x37, 0x68,
    0x87, 0x72, 0x68, 0x07, 0x37, 0x80, 0x87, 0x70, 0x90, 0x87, 0x70, 0x60, 0x07, 0x76, 0x28, 0x07, 0x76, 0xf8, 0x05,
    0x76, 0x78, 0x87, 0x77, 0x80, 0x87, 0x5f, 0x08, 0x87, 0x71, 0x18, 0x87, 0x72, 0x98, 0x87, 0x79, 0x98, 0x81, 0x2c,
    0xee, 0xf0, 0x0e, 0xee, 0xe0, 0x0e, 0xf5, 0xc0, 0x0e, 0xec, 0x30, 0x03, 0x62, 0xc8, 0xa1, 0x1c, 0xe4, 0xa1, 0x1c,
    0xcc, 0xa1, 0x1c, 0xe4, 0xa1, 0x1c, 0xdc, 0x61, 0x1c, 0xca, 0x21, 0x1c, 0xc4, 0x81, 0x1d, 0xca, 0x61, 0x06, 0xd6,
    0x90, 0x43, 0x39, 0xc8, 0x43, 0x39, 0x98, 0x43, 0x39, 0xc8, 0x43, 0x39, 0xb8, 0xc3, 0x38, 0x94, 0x43, 0x38, 0x88,
    0x03, 0x3b, 0x94, 0xc3, 0x2f, 0xbc, 0x83, 0x3c, 0xfc, 0x82, 0x3b, 0xd4, 0x03, 0x3b, 0xb0, 0xc3, 0x0c, 0xc7, 0x69,
    0x87, 0x70, 0x58, 0x87, 0x72, 0x70, 0x83, 0x74, 0x68, 0x07, 0x78, 0x60, 0x87, 0x74, 0x18, 0x87, 0x74, 0xa0, 0x87,
    0x19, 0xce, 0x53, 0x0f, 0xee, 0x00, 0x0f, 0xf2, 0x50, 0x0e, 0xe4, 0x90, 0x0e, 0xe3, 0x40, 0x0f, 0xe1, 0x20, 0x0e,
    0xec, 0x50, 0x0e, 0x33, 0x20, 0x28, 0x1d, 0xdc, 0xc1, 0x1e, 0xc2, 0x41, 0x1e, 0xd2, 0x21, 0x1c, 0xdc, 0x81, 0x1e,
    0xdc, 0xe0, 0x1c, 0xe4, 0xe1, 0x1d, 0xea, 0x01, 0x1e, 0x66, 0x18, 0x51, 0x38, 0xb0, 0x43, 0x3a, 0x9c, 0x83, 0x3b,
    0xcc, 0x50, 0x24, 0x76, 0x60, 0x07, 0x7b, 0x68, 0x07, 0x37, 0x60, 0x87, 0x77, 0x78, 0x07, 0x78, 0x98, 0x51, 0x4c,
    0xf4, 0x90, 0x0f, 0xf0, 0x50, 0x0e, 0x33, 0x1e, 0x6a, 0x1e, 0xca, 0x61, 0x1c, 0xe8, 0x21, 0x1d, 0xde, 0xc1, 0x1d,
    0x7e, 0x01, 0x1e, 0xe4, 0xa1, 0x1c, 0xcc, 0x21, 0x1d, 0xf0, 0x61, 0x06, 0x54, 0x85, 0x83, 0x38, 0xcc, 0xc3, 0x3b,
    0xb0, 0x43, 0x3d, 0xd0, 0x43, 0x39, 0xfc, 0xc2, 0x3c, 0xe4, 0x43, 0x3b, 0x88, 0xc3, 0x3b, 0xb0, 0xc3, 0x8c, 0xc5,
    0x0a, 0x87, 0x79, 0x98, 0x87, 0x77, 0x18, 0x87, 0x74, 0x08, 0x07, 0x7a, 0x28, 0x07, 0x72, 0x98, 0x81, 0x5c, 0xe3,
    0x10, 0x0e, 0xec, 0xc0, 0x0e, 0xe5, 0x50, 0x0e, 0xf3, 0x30, 0x23, 0xc1, 0xd2, 0x41, 0x1e, 0xe4, 0xe1, 0x17, 0xd8,
    0xe1, 0x1d, 0xde, 0x01, 0x1e, 0x66, 0x48, 0x19, 0x3b, 0xb0, 0x83, 0x3d, 0xb4, 0x83, 0x1b, 0x84, 0xc3, 0x38, 0x8c,
    0x43, 0x39, 0xcc, 0xc3, 0x3c, 0xb8, 0xc1, 0x39, 0xc8, 0xc3, 0x3b, 0xd4, 0x03, 0x3c, 0xcc, 0x48, 0xb4, 0x71, 0x08,
    0x07, 0x76, 0x60, 0x07, 0x71, 0x08, 0x87, 0x71, 0x58, 0x87, 0x19, 0xdb, 0xc6, 0x0e, 0xec, 0x60, 0x0f, 0xed, 0xe0,
    0x06, 0xf0, 0x20, 0x0f, 0xe5, 0x30, 0x0f, 0xe5, 0x20, 0x0f, 0xf6, 0x50, 0x0e, 0x6e, 0x10, 0x0e, 0xe3, 0x30, 0x0e,
    0xe5, 0x30, 0x0f, 0xf3, 0xe0, 0x06, 0xe9, 0xe0, 0x0e, 0xe4, 0x50, 0x0e, 0xf8, 0x30, 0x23, 0xe2, 0xec, 0x61, 0x1c,
    0xc2, 0x81, 0x1d, 0xd8, 0xe1, 0x17, 0xec, 0x21, 0x1d, 0xe6, 0x21, 0x1d, 0xc4, 0x21, 0x1d, 0xd8, 0x21, 0x1d, 0xe8,
    0x21, 0x1f, 0x66, 0x20, 0x9d, 0x3b, 0xbc, 0x43, 0x3d, 0xb8, 0x03, 0x39, 0x94, 0x83, 0x39, 0xcc, 0x58, 0xbc, 0x70,
    0x70, 0x07, 0x77, 0x78, 0x07, 0x7a, 0x08, 0x07, 0x7a, 0x48, 0x87, 0x77, 0x70, 0x87, 0x19, 0xce, 0x87, 0x0e, 0xe5,
    0x10, 0x0e, 0xf0, 0x10, 0x0e, 0xec, 0xc0, 0x0e, 0xef, 0x30, 0x0e, 0xf3, 0x90, 0x0e, 0xf4, 0x50, 0x0e, 0x00, 0x00,
    0x00, 0x00, 0x79, 0x20, 0x00, 0x00, 0x38, 0x00, 0x00, 0x00, 0x72, 0x1e, 0x48, 0x20, 0x43, 0x88, 0x0c, 0x19, 0x09,
    0x72, 0x32, 0x48, 0x20, 0x23, 0x81, 0x8c, 0x91, 0x91, 0xd1, 0x44, 0xa0, 0x10, 0x28, 0x64, 0x3c, 0x31, 0x32, 0x42,
    0x8e, 0x90, 0x21, 0xa3, 0x38, 0x10, 0xa1, 0x00, 0x9b, 0x82, 0x01, 0x00, 0x55, 0x62, 0x75, 0x6e, 0x74, 0x75, 0x20,
    0x63, 0x6c, 0x61, 0x6e, 0x67, 0x20, 0x76, 0x65, 0x72, 0x73, 0x69, 0x6f, 0x6e, 0x20, 0x31, 0x34, 0x2e, 0x30, 0x2e,
    0x36, 0x77, 0x63, 0x68, 0x61, 0x72, 0x5f, 0x73, 0x69, 0x7a, 0x65, 0x6c, 0x6c, 0x76, 0x6d, 0x2e, 0x6c, 0x6f, 0x6f,
    0x70, 0x2e, 0x75, 0x6e, 0x72, 0x6f, 0x6c, 0x6c, 0x2e, 0x64, 0x69, 0x73, 0x61, 0x62, 0x6c, 0x65, 0x00, 0x00, 0x00,
    0x23, 0x08, 0xc2, 0x18, 0x8c, 0x20, 0x08, 0x64, 0x30, 0x82, 0x20, 0x94, 0xc1, 0x08, 0x82, 0x60, 0x06, 0x53, 0x08,
    0x08, 0x33, 0x83, 0x40, 0x14, 0x33, 0x04, 0xc1, 0x0c, 0x83, 0x21, 0x1c, 0x33, 0x04, 0x83, 0x8c, 0x04, 0x26, 0x28,
    0xa5, 0x37, 0xb8, 0x32, 0xb7, 0x31, 0x36, 0x97, 0xb7, 0x31, 0x36, 0x17, 0xbb, 0x32, 0xb9, 0xb9, 0xb4, 0x37, 0xb7,
    0x51, 0x02, 0x24, 0xa7, 0x37, 0xb8, 0x32, 0xb7, 0x31, 0x36, 0x97, 0x39, 0xb8, 0x34, 0x39, 0x17, 0xbb, 0x32, 0xb9,
    0xb9, 0xb4, 0x37, 0xb7, 0x51, 0x02, 0x24, 0x15, 0x36, 0x36, 0xbb, 0x36, 0x97, 0x34, 0xb2, 0x32, 0x37, 0xba, 0x51,
    0x82, 0x24, 0x23, 0x36, 0x36, 0xbb, 0x36, 0x97, 0xb6, 0x37, 0xb2, 0x3a, 0xb6, 0x32, 0x17, 0x33, 0xb6, 0xb0, 0xb3,
    0xb9, 0x51, 0x02, 0x05, 0x00, 0x00, 0xa9, 0x18, 0x00, 0x00, 0x21, 0x00, 0x00, 0x00, 0x0b, 0x0a, 0x72, 0x28, 0x87,
    0x77, 0x80, 0x07, 0x7a, 0x58, 0x70, 0x98, 0x43, 0x3d, 0xb8, 0xc3, 0x38, 0xb0, 0x43, 0x39, 0xd0, 0xc3, 0x82, 0xe6,
    0x1c, 0xc6, 0xa1, 0x0d, 0xe8, 0x41, 0x1e, 0xc2, 0xc1, 0x1d, 0xe6, 0x21, 0x1d, 0xe8, 0x21, 0x1d, 0xde, 0xc1, 0x1d,
    0x16, 0x34, 0xe3, 0x60, 0x0e, 0xe7, 0x50, 0x0f, 0xe1, 0x20, 0x0f, 0xe4, 0x40, 0x0f, 0xe1, 0x20, 0x0f, 0xe7, 0x50,
    0x0e, 0xf4, 0xb0, 0x80, 0x81, 0x07, 0x79, 0x28, 0x87, 0x70, 0x60, 0x07, 0x76, 0x78, 0x87, 0x71, 0x08, 0x07, 0x7a,
    0x28, 0x07, 0x72, 0x58, 0x70, 0x9c, 0xc3, 0x38, 0xb4, 0x01, 0x3b, 0xa4, 0x83, 0x3d, 0x94, 0xc3, 0x02, 0x6b, 0x1c,
    0xd8, 0x21, 0x1c, 0xdc, 0xe1, 0x1c, 0xdc, 0x20, 0x1c, 0xe4, 0x61, 0x1c, 0xdc, 0x20, 0x1c, 0xe8, 0x81, 0x1e, 0xc2,
    0x61, 0x1c, 0xd0, 0xa1, 0x1c, 0xc8, 0x61, 0x1c, 0xc2, 0x81, 0x1d, 0xd8, 0x01, 0xd1, 0x10, 0x00, 0x00, 0x06, 0x00,
    0x00, 0x00, 0x07, 0xcc, 0x3c, 0xa4, 0x83, 0x3b, 0x9c, 0x03, 0x3b, 0x94, 0x03, 0x3d, 0xa0, 0x83, 0x3c, 0x94, 0x43,
    0x38, 0x90, 0xc3, 0x01, 0x00, 0x00, 0x00, 0x61, 0x20, 0x00, 0x00, 0x4a, 0x01, 0x00, 0x00, 0x13, 0x04, 0x5a, 0x2c,
    0x10, 0x00, 0x00, 0x00, 0x27, 0x00, 0x00, 0x00, 0x94, 0x14, 0x18, 0x85, 0x15, 0x08, 0x48, 0x40, 0x49, 0xf9, 0xff,
    0xff, 0xff, 0xff, 0xff, 0xff, 0xff, 0xff, 0x07, 0x10, 0x53, 0x03, 0x14, 0x8e, 0x00, 0x90, 0x50, 0x06, 0x14, 0x8c,
    0x00, 0x50, 0x58, 0xfe, 0x0f, 0x14, 0x8c, 0x11, 0x80, 0x20, 0x08, 0x82, 0x20, 0x08, 0xfa, 0xff, 0x1e, 0x12, 0x63,
    0x04, 0x20, 0x08, 0x82, 0x20, 0x08, 0x82, 0xfc, 0xbf, 0x87, 0x04, 0x25, 0x05, 0x08, 0x08, 0x08, 0x08, 0x08, 0x08,
    0x08, 0xff, 0x1f, 0x40, 0x61, 0xf9, 0xbf, 0x0f, 0x14, 0x20, 0xfc, 0x00, 0x05, 0x63, 0x04, 0x20, 0x08, 0x82, 0x20,
    0x08, 0x82, 0x20, 0x88, 0xf3, 0xc3, 0x18, 0x01, 0x08, 0x82, 0x20, 0x08, 0x82, 0x20, 0x08, 0xf2, 0xfc, 0x40, 0xcc,
    0x08, 0x00, 0x85, 0x25, 0x40, 0xc1, 0x18, 0x01, 0x08, 0x82, 0x20, 0x08, 0x82, 0x20, 0x08, 0x92, 0xfe, 0x30, 0x46,
    0x00, 0x82, 0x20, 0x08, 0x8d, 0x11, 0x80, 0x20, 0x08, 0x82, 0x20, 0x08, 0x82, 0x20, 0x59, 0x12, 0x63, 0x04, 0x20,
    0x08, 0x82, 0x20, 0x08, 0x82, 0x20, 0xc8, 0x07, 0x94, 0x14, 0x15, 0x00, 0x89, 0x25, 0x7b, 0xc1, 0x85, 0x19, 0x84,
    0x70, 0x01, 0xa6, 0x47, 0x60, 0x9a, 0x41, 0xb0, 0xc3, 0x0d, 0x9d, 0x18, 0x80, 0xc1, 0x05, 0x1a, 0x0f, 0x37, 0x14,
    0x1a, 0x18, 0x5c, 0x20, 0xec, 0x2c, 0x43, 0x20, 0x04, 0xc3, 0x0d, 0x61, 0xb0, 0x81, 0xc1, 0x05, 0x83, 0xce, 0x12,
    0x08, 0x03, 0x15, 0x8c, 0x10, 0xf8, 0x01, 0x30, 0xcb, 0x30, 0x10, 0xc4, 0x70, 0x03, 0x19, 0x78, 0x60, 0x70, 0x81,
    0xa1, 0xc3, 0x0d, 0x66, 0x90, 0x06, 0x60, 0x70, 0x81, 0xb0, 0xb3, 0x04, 0xc4, 0x40, 0x05, 0x83, 0x0a, 0x82, 0x30,
    0x0c, 0x37, 0x34, 0x62, 0x80, 0xcc, 0x32, 0x14, 0x46, 0x70, 0x4f, 0x1a, 0x60, 0x06, 0x21, 0x9c, 0x14, 0xec, 0x05,
    0x65, 0xb0, 0xb3, 0x04, 0xd9, 0x70, 0x83, 0x1b, 0xc8, 0x01, 0x18, 0x0c, 0x37, 0x4c, 0x66, 0x30, 0x9c, 0x10, 0xe8,
    0x2c, 0x03, 0x72, 0x04, 0xc3, 0x0d, 0xd5, 0x19, 0x08, 0x17, 0x28, 0x7a, 0x02, 0xa4, 0xd3, 0x0d, 0x70, 0x10, 0x08,
    0xb3, 0x0c, 0x48, 0x12, 0x0c, 0x37, 0x68, 0x6a, 0x10, 0x06, 0x17, 0x38, 0x3a, 0xdd, 0xb0, 0x06, 0x6a, 0x10, 0x5c,
    0xe0, 0xed, 0x2c, 0x41, 0x36, 0xdc, 0xd0, 0xad, 0x41, 0x71, 0x4c, 0xa0, 0xc3, 0x0d, 0x1f, 0x1d, 0x04, 0x17, 0x64,
    0x3a, 0xdd, 0x90, 0x07, 0xc1, 0x30, 0xdc, 0x20, 0x06, 0x6f, 0x40, 0x5c, 0x70, 0xe9, 0x74, 0x03, 0x1f, 0x04, 0xc3,
    0x2c, 0x43, 0xa6, 0x04, 0x37, 0x79, 0x3b, 0xdd, 0x10, 0xc8, 0x01, 0x31, 0xcb, 0xb0, 0x30, 0xc1, 0xa5, 0x81, 0x1c,
    0xec, 0x2c, 0x41, 0x36, 0xdc, 0x80, 0x06, 0x72, 0x40, 0xcc, 0x32, 0x34, 0x4e, 0x70, 0x69, 0x20, 0x07, 0x92, 0x41,
    0xb2, 0x19, 0x84, 0x30, 0x4b, 0x80, 0x5d, 0x2a, 0xd0, 0x81, 0x64, 0x90, 0xec, 0x05, 0x7f, 0xa0, 0x19, 0x04, 0x3b,
    0xcb, 0xf0, 0x40, 0xde, 0x88, 0x81, 0xc1, 0xd8, 0x24, 0x18, 0x14, 0xf3, 0x00, 0x07, 0xc1, 0x2c, 0xc1, 0x35, 0xdc,
    0xd0, 0x0a, 0xb0, 0x00, 0x06, 0xb3, 0x0c, 0x91, 0x14, 0x8c, 0x18, 0x18, 0x8c, 0x4d, 0x82, 0x41, 0x41, 0x0f, 0x72,
    0x30, 0xcc, 0x12, 0x5c, 0xb3, 0x0c, 0x13, 0x25, 0x07, 0x23, 0x06, 0x06, 0x63, 0x93, 0x60, 0x50, 0xd0, 0xc3, 0x1c,
    0x10, 0xb3, 0x04, 0xd7, 0x70, 0x03, 0x2c, 0xa8, 0x02, 0x18, 0xcc, 0x32, 0x54, 0x56, 0x30, 0x62, 0x60, 0x30, 0x36,
    0x09, 0x06, 0x45, 0x3d, 0xd4, 0x81, 0x31, 0x4b, 0x70, 0x9d, 0x1d, 0x1c, 0x30, 0x4b, 0x70, 0x0d, 0xb4, 0x04, 0xce,
    0xa3, 0x44, 0xc8, 0x44, 0x54, 0x82, 0x75, 0x41, 0x12, 0x17, 0x80, 0x82, 0x64, 0x90, 0xec, 0x05, 0xa1, 0x80, 0x19,
    0x84, 0x30, 0x4b, 0x80, 0x0d, 0x54, 0x84, 0x81, 0x70, 0x91, 0x41, 0x73, 0x01, 0x28, 0xec, 0x2c, 0x41, 0x36, 0xd0,
    0x12, 0x06, 0xbc, 0x50, 0x98, 0x02, 0x02, 0x07, 0x8b, 0x80, 0x89, 0x44, 0x92, 0x01, 0xb0, 0x1b, 0x84, 0x03, 0x01,
    0x00, 0x00, 0xb8, 0x00, 0x00, 0x00, 0x66, 0x55, 0x08, 0xcc, 0x83, 0xd3, 0x76, 0x55, 0x08, 0xcc, 0x83, 0xdf, 0xd6,
    0x67, 0x30, 0xd4, 0x52, 0xeb, 0xf7, 0x55, 0x30, 0x82, 0xd3, 0x0c, 0xfe, 0x14, 0x51, 0x44, 0x9d, 0xdb, 0x36, 0x56,
    0x08, 0xcc, 0xc3, 0xdf, 0x96, 0x55, 0x08, 0xcc, 0x83, 0xf3, 0x06, 0x34, 0x48, 0x47, 0x74, 0x0c, 0x09, 0x52, 0xf8,
    0x44, 0x33, 0xd4, 0xf5, 0x6e, 0x7f, 0x86, 0x74, 0x44, 0xb5, 0xae, 0x1b, 0x92, 0xe2, 0x44, 0xbe, 0xe0, 0x34, 0x83,
    0x8d, 0xf3, 0x66, 0x56, 0x08, 0xcc, 0xc3, 0xf7, 0x76, 0xa2, 0x7c, 0x8b, 0x03, 0x4c, 0x2f, 0xb0, 0x50, 0x84, 0x49,
    0x15, 0xd2, 0x11, 0xdd, 0xf8, 0x19, 0x18, 0x48, 0xe1, 0x13, 0xcd, 0x60, 0x78, 0x86, 0xc0, 0x3c, 0x75, 0x4e, 0x9b,
    0x9c, 0x01, 0x34, 0x43, 0x7d, 0xe3, 0x37, 0xd0, 0x2c, 0x4e, 0xe4, 0x2f, 0x87, 0xe4, 0x17, 0xc0, 0x22, 0x11, 0x07,
    0xd1, 0x08, 0x4e, 0x33, 0xf8, 0x05, 0xb0, 0x48, 0x44, 0x7d, 0xf7, 0x46, 0x65, 0x08, 0x4e, 0x53, 0xdd, 0xb9, 0x11,
    0x06, 0x20, 0x11, 0x31, 0x55, 0xc0, 0xe2, 0xe3, 0x56, 0x34, 0x08, 0xcc, 0x73, 0x0a, 0x08, 0x52, 0xf8, 0x44, 0x33,
    0xf4, 0xbb, 0xc1, 0x19, 0x0c, 0xb5, 0xd4, 0xb7, 0x7d, 0x18, 0x87, 0xb0, 0x10, 0x40, 0x43, 0x3d, 0xc6, 0x54, 0x08,
    0xcc, 0x53, 0xf7, 0x86, 0xc2, 0x44, 0x0e, 0xd5, 0x0c, 0x48, 0x63, 0x98, 0xce, 0x40, 0x58, 0x93, 0xe2, 0x44, 0xbe,
    0xe0, 0x34, 0x83, 0x9d, 0xd7, 0x56, 0xa6, 0x38, 0x91, 0x2f, 0x38, 0xcd, 0x60, 0xe7, 0xb7, 0xb5, 0x0d, 0x0c, 0xb5,
    0x98, 0x9a, 0xe2, 0x44, 0xbe, 0xe0, 0x34, 0x83, 0x9d, 0xe7, 0x86, 0xa6, 0x38, 0x91, 0x2f, 0x38, 0xcd, 0x60, 0xe7,
    0xba, 0x09, 0x06, 0x2c, 0x11, 0x31, 0x55, 0xc0, 0xe2, 0xd3, 0x3e, 0xd2, 0x1c, 0x40, 0x41, 0x34, 0x53, 0x84, 0x19,
    0x9b, 0x21, 0x30, 0x4f, 0x6d, 0xd3, 0xa6, 0xa5, 0x38, 0x91, 0x2f, 0x38, 0xcd, 0x50, 0xef, 0xbc, 0x89, 0x29, 0x4e,
    0xe4, 0x0b, 0x4e, 0x33, 0xd4, 0x7b, 0x7f, 0x12, 0x8d, 0xe0, 0x34, 0x83, 0x5f, 0x00, 0x8b, 0x44, 0xd4, 0x38, 0x6e,
    0x83, 0x01, 0x4b, 0x44, 0x4c, 0x15, 0xb0, 0xf8, 0xb8, 0x8f, 0x34, 0xc6, 0xb5, 0x48, 0x0f, 0x21, 0xf8, 0x12, 0xb1,
    0x10, 0xc2, 0x74, 0x14, 0x8d, 0xe0, 0x34, 0x83, 0x5f, 0x00, 0x8b, 0x44, 0xd4, 0x78, 0x6f, 0x60, 0x89, 0xe0, 0x34,
    0x83, 0xef, 0x14, 0x05, 0x6d, 0x80, 0x01, 0x09, 0x71, 0x4d, 0x11, 0x20, 0x4c, 0xfe, 0x64, 0x46, 0x87, 0xc0, 0x3c,
    0x7e, 0xe3, 0x4c, 0xb7, 0xa0, 0x20, 0x85, 0x3f, 0x1d, 0x44, 0x53, 0xd7, 0xf6, 0x1d, 0x3c, 0x8b, 0x13, 0xf9, 0xcb,
    0x21, 0xf9, 0x05, 0xb0, 0x48, 0x04, 0x9e, 0xdb, 0x10, 0x01, 0x34, 0x83, 0x6d, 0x7c, 0x83, 0x44, 0x05, 0xe6, 0x54,
    0x08, 0xcc, 0x63, 0xeb, 0xe7, 0x90, 0x20, 0x85, 0x4f, 0x34, 0x43, 0x7d, 0xd7, 0x57, 0x70, 0x20, 0x85, 0x3f, 0x1d,
    0x44, 0x63, 0x64, 0x8a, 0x13, 0xf9, 0x82, 0xd3, 0x0c, 0x35, 0x4f, 0xdf, 0x03, 0x23, 0x38, 0xcd, 0xe0, 0x4f, 0x11,
    0x45, 0xd4, 0x37, 0x6f, 0x6e, 0x09, 0x20, 0x4d, 0xd8, 0x43, 0xd4, 0xf6, 0x7e, 0x02, 0xc7, 0xe2, 0x44, 0x3e, 0xd1,
    0x0c, 0x86, 0x75, 0x38, 0x91, 0x2f, 0x38, 0xcd, 0x60, 0x4f, 0x8e, 0xf4, 0x10, 0x82, 0x2f, 0x11, 0x0b, 0x21, 0x4c,
    0x76, 0x8e, 0x9b, 0xdd, 0x21, 0x00, 0xcb, 0x52, 0xe3, 0xb7, 0x09, 0x11, 0x82, 0xd3, 0x54, 0x67, 0xd1, 0x08, 0x4e,
    0x33, 0xf8, 0x05, 0xb0, 0x48, 0x44, 0x9d, 0xe3, 0x96, 0x44, 0x08, 0xcc, 0xc3, 0xdb, 0xdd, 0x21, 0x00, 0xcb, 0x52,
    0xe3, 0xbc, 0xbd, 0x31, 0xc4, 0x35, 0x45, 0x80, 0x30, 0xf9, 0x93, 0x9d, 0xef, 0xe6, 0x97, 0x00, 0xd2, 0x84, 0x3d,
    0x44, 0xad, 0xe7, 0xb6, 0x77, 0x08, 0x4e, 0x33, 0xd4, 0xba, 0x7d, 0x09, 0x08, 0x52, 0xf8, 0x44, 0x33, 0xec, 0xb7,
    0x7d, 0x2d, 0x82, 0xd3, 0x0c, 0xbe, 0x53, 0x14, 0xb4, 0x5f, 0xdd, 0xc5, 0x22, 0x38, 0xcd, 0xe0, 0x13, 0xcd, 0x50,
    0xeb, 0xb5, 0x45, 0x15, 0x02, 0xf3, 0xdc, 0xf4, 0x35, 0x28, 0x48, 0xe1, 0x4f, 0x07, 0xd1, 0xd4, 0x76, 0x6e, 0x81,
    0x01, 0x90, 0x74, 0x44, 0xb5, 0xae, 0xfb, 0x12, 0xd2, 0x28, 0xbe, 0x53, 0x14, 0xf4, 0x05, 0x1c, 0x8b, 0x13, 0xf9,
    0xd1, 0x21, 0x19, 0xd1, 0x01, 0x48, 0x13, 0xf6, 0x10, 0xb7, 0x75, 0x25, 0x02, 0xf3, 0xe8, 0xb9, 0xdf, 0x38, 0xd3,
    0x45, 0x30, 0x82, 0xd3, 0x0c, 0xfe, 0x14, 0x51, 0x44, 0x8d, 0xdb, 0x16, 0x97, 0x00, 0xd2, 0x84, 0x3d, 0x44, 0x7d,
    0xdf, 0x16, 0x56, 0x08, 0xcc, 0xb3, 0xef, 0x36, 0x97, 0x00, 0xd2, 0x84, 0x3d, 0x44, 0x7d, 0xe7, 0x37, 0xc1, 0x08,
    0x4e, 0x33, 0xf8, 0x53, 0x44, 0x11, 0x35, 0xbe, 0x1f, 0x42, 0x82, 0x14, 0xfe, 0x74, 0x10, 0x8d, 0x4e, 0x9b, 0xde,
    0x00, 0x0c, 0x83, 0x1d, 0x21, 0x02, 0xf3, 0xe8, 0x7e, 0xe3, 0x4c, 0xf6, 0x63, 0x00, 0xd2, 0x84, 0x3d, 0x84, 0xd5,
    0x19, 0x02, 0xf3, 0xd4, 0x38, 0x6d, 0x79, 0x87, 0x00, 0x2c, 0x4b, 0x9d, 0xdf, 0x47, 0x90, 0x2c, 0x4e, 0xe4, 0x13,
    0xcd, 0x60, 0xf3, 0x46, 0x47, 0x08, 0xc0, 0xb2, 0x5c, 0x86, 0x22, 0x2c, 0x04, 0xd0, 0x50, 0x4f, 0xbd, 0xdf, 0x00,
    0x00, 0x00, 0x00, 0x00, 0x00, 0x61, 0x20, 0x00, 0x00, 0xb7, 0x00, 0x00, 0x00, 0x13, 0x04, 0x4c, 0x2c, 0x10, 0x00,
    0x00, 0x00, 0x21, 0x00, 0x00, 0x00, 0x94, 0x14, 0x18, 0x85, 0x15, 0x08, 0x48, 0x40, 0x49, 0xf9, 0xff, 0xff, 0xff,
    0xff, 0xff, 0xff, 0xff, 0xff, 0x07, 0x50, 0x30, 0x02, 0x40, 0x61, 0xf9, 0x3f, 0x50, 0x30, 0x46, 0x00, 0x82, 0x20,
    0x08, 0x82, 0x20, 0xe8, 0xff, 0x7b, 0x48, 0x8c, 0x11, 0x80, 0x20, 0x08, 0x82, 0x20, 0x08, 0x82, 0x20, 0xce, 0x0f,
    0x14, 0x16, 0x20, 0xfc, 0x00, 0x05, 0x63, 0x04, 0x20, 0x08, 0x82, 0x20, 0x08, 0x82, 0x20, 0xc8, 0xf3, 0x03, 0x85,
    0x25, 0x40, 0xc1, 0x18, 0x01, 0x08, 0x82, 0x20, 0x08, 0x82, 0x20, 0x08, 0x92, 0xfe, 0x30, 0x46, 0x00, 0x82, 0x20,
    0x08, 0x8d, 0x11, 0x80, 0x20, 0x08, 0x82, 0x20, 0x08, 0x82, 0x20, 0x59, 0x12, 0x94, 0x14, 0x20, 0x20, 0x20, 0x20,
    0x20, 0x20, 0x20, 0xfc, 0x7f, 0x00, 0x05, 0x63, 0x04, 0x20, 0x08, 0x82, 0x20, 0x08, 0x82, 0x20, 0xc8, 0x07, 0x94,
    0x14, 0x15, 0x00, 0x00, 0x00, 0x19, 0x25, 0x7b, 0x41, 0x84, 0x19, 0x84, 0x70, 0x81, 0xa4, 0x47, 0x48, 0x9a, 0x41,
    0xb0, 0xc3, 0x0d, 0xc1, 0x84, 0xcc, 0x32, 0x04, 0x42, 0x70, 0xc3, 0x85, 0x19, 0x84, 0x70, 0x46, 0xb0, 0x17, 0x58,
    0x3b, 0x4b, 0xb0, 0x0c, 0x37, 0x18, 0x16, 0x33, 0xcb, 0x30, 0x10, 0xc1, 0x70, 0xc3, 0x61, 0x29, 0xb3, 0x0c, 0xc5,
    0x12, 0x9c, 0x62, 0xed, 0x2c, 0xc1, 0x32, 0xdc, 0x90, 0x58, 0xc4, 0x2c, 0x83, 0x71, 0x04, 0xc7, 0x58, 0x3b, 0x4b,
    0xb0, 0x0c, 0x37, 0x2c, 0x16, 0x31, 0xcb, 0x80, 0x24, 0xc1, 0x31, 0x96, 0x64, 0x90, 0x6c, 0x06, 0x21, 0xcc, 0x12,
    0x28, 0x57, 0x06, 0x98, 0x64, 0x90, 0xec, 0x05, 0x99, 0x66, 0x10, 0xec, 0x88, 0x81, 0xc1, 0xd8, 0x24, 0x18, 0x14,
    0xaf, 0x30, 0x05, 0x17, 0x08, 0x71, 0x01, 0x27, 0x19, 0x24, 0x7b, 0x41, 0x87, 0x19, 0x84, 0x30, 0x4b, 0xa0, 0x0c,
    0x54, 0x84, 0x81, 0x90, 0x58, 0xc8, 0x05, 0xdc, 0xce, 0x12, 0x2c, 0x03, 0x2d, 0x61, 0xc0, 0x06, 0x81, 0x19, 0x10,
    0x62, 0x60, 0x08, 0x8a, 0x1e, 0x0c, 0x19, 0x00, 0xbb, 0x41, 0x38, 0x10, 0x00, 0x69, 0x00, 0x00, 0x00, 0xd6, 0x93,
    0x00, 0xd2, 0x84, 0x3d, 0xc4, 0xed, 0x23, 0x16, 0x55, 0x48, 0x54, 0xe0, 0x23, 0x66, 0x25, 0x49, 0x47, 0x54, 0xeb,
    0xba, 0x8f, 0xf8, 0x12, 0xd2, 0x28, 0xbe, 0x53, 0x14, 0xb4, 0x35, 0x2d, 0x80, 0x34, 0x61, 0x0f, 0x51, 0xdf, 0xb7,
    0x8f, 0x18, 0xd1, 0x21, 0x30, 0xcf, 0xbe, 0xfb, 0x88, 0x25, 0x15, 0x0c, 0xb5, 0xf8, 0x88, 0x3d, 0x2d, 0x80, 0x34,
    0x61, 0x0f, 0x51, 0xdf, 0xb9, 0x8f, 0xd8, 0x55, 0x13, 0x11, 0x53, 0x05, 0x2c, 0x3e, 0xed, 0x23, 0x8d, 0x8f, 0x1c,
    0xc1, 0x82, 0x14, 0xfe, 0x74, 0x10, 0x8d, 0x4e, 0xfb, 0x88, 0x21, 0x21, 0x02, 0xf3, 0xd4, 0x36, 0xed, 0x23, 0x86,
    0xd5, 0x44, 0xc4, 0x54, 0x01, 0x8b, 0x8f, 0xfb, 0x48, 0xe3, 0x23, 0x86, 0x83, 0x00, 0xd2, 0x84, 0x3d, 0x84, 0x8f,
    0xd8, 0x92, 0x42, 0x5c, 0x53, 0x04, 0x08, 0x93, 0x3f, 0xd5, 0x76, 0xa2, 0x7c, 0x8b, 0x03, 0x4c, 0x2f, 0xb0, 0x50,
    0x84, 0x15, 0x2d, 0x82, 0xd3, 0x0c, 0xbe, 0x53, 0x14, 0xb4, 0x8f, 0x18, 0x94, 0x21, 0x00, 0xcb, 0xe2, 0x23, 0x67,
    0xc0, 0x20, 0x85, 0x3f, 0x1d, 0x44, 0x53, 0xd7, 0xb6, 0x8f, 0xdc, 0x40, 0xb4, 0x38, 0x91, 0xbf, 0x1c, 0x92, 0x5f,
    0x00, 0x8b, 0x44, 0xe0, 0xb9, 0x8f, 0x18, 0x8f, 0x01, 0x34, 0x83, 0xed, 0x23, 0x36, 0x74, 0x08, 0xcc, 0x83, 0xdf,
    0x3e, 0x62, 0x52, 0x08, 0x43, 0x2d, 0xb5, 0x7e, 0xfb, 0xc8, 0x25, 0x2c, 0x48, 0xe1, 0x13, 0xcd, 0x50, 0xdf, 0xb5,
    0x8f, 0x18, 0x15, 0x22, 0x1d, 0x51, 0xad, 0xeb, 0x3e, 0x62, 0x4e, 0x08, 0xd0, 0x0c, 0xf5, 0x8d, 0xfb, 0xc8, 0x05,
    0x24, 0x48, 0xe1, 0x4f, 0x07, 0xd1, 0xf8, 0x88, 0xe5, 0x14, 0xd2, 0x11, 0xf9, 0xc8, 0x1d, 0x2c, 0x48, 0xe1, 0x13,
    0xcd, 0x50, 0xd7, 0xbb, 0x8f, 0x98, 0xd2, 0x02, 0x48, 0x13, 0xf6, 0x10, 0xb5, 0xbd, 0xfb, 0x88, 0x19, 0x1d, 0x02,
    0xf3, 0xf0, 0xbd, 0x8f, 0xd8, 0xd4, 0x02, 0x48, 0x13, 0xf6, 0x10, 0xb5, 0x9e, 0xfb, 0x88, 0x65, 0x29, 0x11, 0x31,
    0x55, 0xc0, 0xe2, 0xe3, 0x3e, 0x72, 0x02, 0x08, 0x52, 0xf8, 0x44, 0x33, 0xf8, 0x88, 0xfd, 0x1c, 0xd2, 0x11, 0xdd,
    0xb8, 0x8f, 0xd8, 0x8e, 0x21, 0x38, 0x4d, 0xe5, 0x23, 0xb7, 0xa0, 0x06, 0xff, 0xff, 0x44, 0x84, 0xe0, 0x30, 0x0f,
    0xb2, 0x10, 0xc3, 0x2f, 0x38, 0x4d, 0x45, 0x44, 0xd3, 0x5f, 0xe8, 0xf8, 0x3f, 0x39, 0x7f, 0x51, 0xeb, 0x3f, 0xc2,
    0x3c, 0x8b, 0x4f, 0x5c, 0xc8, 0x74, 0x00, 0x05, 0xd1, 0x4c, 0x11, 0x66, 0x41, 0x88, 0xe0, 0x34, 0xd5, 0x9d, 0xfb,
    0x88, 0xf9, 0x1c, 0x02, 0xf3, 0xdc, 0xb4, 0x8f, 0x5c, 0x81, 0x82, 0x14, 0x3e, 0xd1, 0x0c, 0xfd, 0xee, 0x23, 0x87,
    0xc0, 0x20, 0x85, 0x3f, 0x1d, 0x44, 0x53, 0xdb, 0xb9, 0x8f, 0x58, 0x55, 0x42, 0x5c, 0x53, 0x04, 0x08, 0x93, 0x3f,
    0x19, 0x13, 0xc2, 0x50, 0x4b, 0x7d, 0xdb, 0x3e, 0x72, 0x0a, 0x89, 0xb0, 0x10, 0x40, 0x43, 0x3d, 0x3e, 0x02, 0x00,
    0x00, 0x00, 0x00, 0x00, 0x61, 0x20, 0x00, 0x00, 0xb0, 0x00, 0x00, 0x00, 0x13, 0x04, 0x4a, 0x2c, 0x10, 0x00, 0x00,
    0x00, 0x1d, 0x00, 0x00, 0x00, 0x94, 0x14, 0x18, 0x85, 0x15, 0x08, 0x48, 0x40, 0x49, 0xf9, 0xff, 0xff, 0xff, 0xff,
    0xff, 0xff, 0xff, 0xff, 0x07, 0x50, 0x30, 0x02, 0x40, 0x61, 0xf9, 0x3f, 0x50, 0x30, 0x46, 0x00, 0x82, 0x20, 0x08,
    0x82, 0x20, 0xc8, 0xff, 0x7b, 0x48, 0x50, 0x52, 0x80, 0x80, 0x80, 0x80, 0x80, 0x80, 0x80, 0xf0, 0xff, 0x01, 0x14,
    0x16, 0x20, 0xfc, 0x40, 0xf9, 0xbf, 0x0f, 0x50, 0x30, 0x46, 0x00, 0x82, 0x20, 0x08, 0x82, 0x20, 0x08, 0x82, 0x3c,
    0x3f, 0x8c, 0x11, 0x80, 0x20, 0x08, 0x82, 0x20, 0x08, 0x82, 0x20, 0xe9, 0x0f, 0x63, 0x04, 0x20, 0x08, 0x82, 0xd0,
    0x18, 0x01, 0x08, 0x82, 0x20, 0x08, 0x82, 0x20, 0x08, 0x92, 0x25, 0x31, 0x46, 0x00, 0x82, 0x20, 0x08, 0x82, 0x20,
    0x08, 0x82, 0x7c, 0x40, 0x49, 0x51, 0x01, 0x09, 0x25, 0x7b, 0x01, 0x84, 0x19, 0x84, 0x70, 0x41, 0xa4, 0x47, 0x44,
    0x9a, 0x41, 0xb0, 0xc3, 0x0d, 0x81, 0x84, 0xcc, 0x32, 0x04, 0x42, 0x70, 0x83, 0x85, 0x19, 0x84, 0x70, 0x46, 0xb0,
    0x17, 0x54, 0x3b, 0x4b, 0x90, 0x0c, 0x37, 0x18, 0x95, 0x30, 0xcb, 0x30, 0x10, 0xc1, 0x70, 0x03, 0x52, 0x81, 0xc1,
    0x74, 0x43, 0x45, 0x05, 0x17, 0x2c, 0x3b, 0x4b, 0x90, 0x0c, 0x37, 0x28, 0x15, 0x31, 0xcb, 0x90, 0x14, 0xc1, 0x70,
    0xc3, 0x52, 0x11, 0xb3, 0x0c, 0xc6, 0x11, 0x1c, 0x53, 0x49, 0x06, 0xc9, 0x66, 0x10, 0xc2, 0x2c, 0x01, 0x72, 0x64,
    0x70, 0x49, 0x06, 0xc9, 0x5e, 0xf0, 0x69, 0x06, 0xc1, 0x8e, 0x18, 0x18, 0x8c, 0x4d, 0x82, 0x41, 0xd1, 0x0a, 0x53,
    0x70, 0x81, 0x10, 0x17, 0x70, 0x92, 0x41, 0xb2, 0x17, 0x74, 0x98, 0x41, 0x08, 0xb3, 0x04, 0xc8, 0x40, 0x45, 0x18,
    0x08, 0x87, 0x65, 0x5c, 0xc0, 0xed, 0x2c, 0x41, 0x32, 0x50, 0x12, 0x06, 0x6c, 0x10, 0x90, 0xc1, 0x20, 0x20, 0x7a,
    0x40, 0x64, 0x00, 0xec, 0x06, 0xe1, 0x40, 0x68, 0x00, 0x00, 0x00, 0xc6, 0x93, 0x00, 0xd2, 0x84, 0x3d, 0xc4, 0xed,
    0x23, 0x06, 0x55, 0x48, 0x54, 0xe0, 0x23, 0xc6, 0xb4, 0x00, 0xd2, 0x84, 0x3d, 0x44, 0x7d, 0xdf, 0x3e, 0x62, 0x48,
    0x05, 0x43, 0x2d, 0x3e, 0x62, 0x4e, 0x0b, 0x20, 0x4d, 0xd8, 0x43, 0xd4, 0x77, 0xee, 0x23, 0x66, 0xd5, 0x44, 0xc4,
    0x54, 0x01, 0x8b, 0x4f, 0xfb, 0x48, 0xe3, 0x23, 0x37, 0xb0, 0x20, 0x85, 0x3f, 0x1d, 0x44, 0xa3, 0xd3, 0x3e, 0x62,
    0x47, 0x88, 0xc0, 0x3c, 0xb5, 0x4d, 0xfb, 0x88, 0x5d, 0x35, 0x11, 0x31, 0x55, 0xc0, 0xe2, 0xe3, 0x3e, 0xd2, 0xf8,
    0x88, 0xdd, 0x20, 0x80, 0x34, 0x61, 0x0f, 0xe1, 0x23, 0xa6, 0xa4, 0x10, 0xd7, 0x14, 0x01, 0xc2, 0xe4, 0x4f, 0xb5,
    0x9d, 0x28, 0xdf, 0xe2, 0x00, 0xd3, 0x0b, 0x2c, 0x14, 0x61, 0x45, 0x8b, 0xe0, 0x34, 0x83, 0xef, 0x14, 0x05, 0xed,
    0x23, 0xb6, 0x63, 0x00, 0xcd, 0x60, 0xfb, 0x88, 0x45, 0x21, 0x0c, 0xb5, 0xd4, 0xfa, 0xed, 0x23, 0x36, 0xf4, 0x08,
    0xcc, 0xa3, 0xe7, 0x7e, 0xe3, 0x4c, 0x3e, 0xe2, 0x37, 0xce, 0x64, 0x53, 0x88, 0x74, 0x44, 0xb5, 0xae, 0xfb, 0x88,
    0x35, 0x21, 0x40, 0x33, 0xd4, 0x37, 0xee, 0x23, 0x17, 0x90, 0x20, 0x85, 0x3f, 0x1d, 0x44, 0xe3, 0x23, 0x86, 0x53,
    0x48, 0x47, 0xe4, 0x23, 0x57, 0xb0, 0x20, 0x85, 0x4f, 0x34, 0x43, 0x5d, 0xef, 0x3e, 0x62, 0x42, 0x87, 0xc0, 0x3c,
    0x38, 0xef, 0x23, 0x96, 0xb4, 0x00, 0xd2, 0x84, 0x3d, 0x44, 0x6d, 0xef, 0x3e, 0x62, 0x46, 0x87, 0xc0, 0x3c, 0x7c,
    0xef, 0x23, 0x26, 0xb5, 0x00, 0xd2, 0x84, 0x3d, 0x44, 0xad, 0xe7, 0x3e, 0x72, 0x07, 0x0b, 0x52, 0xf8, 0x44, 0x33,
    0xd4, 0x77, 0xed, 0x23, 0x27, 0x80, 0x20, 0x85, 0x4f, 0x34, 0x83, 0x8f, 0x98, 0xcf, 0x21, 0x1d, 0xd1, 0x8d, 0xfb,
    0x88, 0xe9, 0x18, 0x82, 0xd3, 0x54, 0x3e, 0x62, 0x4f, 0x89, 0x00, 0x2c, 0x4b, 0x8d, 0xdf, 0x3e, 0x62, 0x58, 0x4a,
    0x44, 0x4c, 0x15, 0xb0, 0xf8, 0xb8, 0x8f, 0x1c, 0x40, 0x41, 0x34, 0x53, 0x84, 0x19, 0x10, 0x22, 0x38, 0x4d, 0x75,
    0xe7, 0x3e, 0x72, 0x04, 0x0a, 0x52, 0xf8, 0x44, 0x33, 0xec, 0xb7, 0x8f, 0x5c, 0x82, 0x1a, 0xfc, 0xff, 0x13, 0x11,
    0x82, 0xc3, 0x3c, 0xc8, 0x42, 0x0c, 0xbf, 0xe0, 0x34, 0x15, 0x11, 0x4d, 0x7f, 0xa1, 0xe3, 0xff, 0xe4, 0xfc, 0x45,
    0xad, 0xff, 0x08, 0xf3, 0x2c, 0x3e, 0x71, 0x21, 0x93, 0x11, 0x35, 0x82, 0xd3, 0x0c, 0xbe, 0x53, 0x14, 0xb4, 0x5f,
    0xf9, 0x88, 0xf5, 0x1c, 0x02, 0xf3, 0xdc, 0xb4, 0x8f, 0x9c, 0x01, 0x83, 0x14, 0xfe, 0x74, 0x10, 0x4d, 0x6d, 0xe7,
    0x3e, 0x62, 0x4b, 0x08, 0x43, 0x2d, 0xf5, 0x6d, 0xfb, 0x88, 0x51, 0x25, 0xc4, 0x35, 0x45, 0x80, 0x30, 0xf9, 0x93,
    0x55, 0x49, 0xd2, 0x11, 0xd5, 0xba, 0xee, 0x23, 0xbe, 0x84, 0x34, 0x8a, 0xef, 0x14, 0x05, 0x7d, 0x08, 0x89, 0xb0,
    0x10, 0x40, 0x43, 0x3d, 0x3e, 0x02, 0x00, 0x00, 0x00, 0x00, 0x00, 0x00, 0x00, 0x61, 0x20, 0x00, 0x00, 0xdb, 0x00,
    0x00, 0x00, 0x13, 0x04, 0x4c, 0x2c, 0x10, 0x00, 0x00, 0x00, 0x20, 0x00, 0x00, 0x00, 0x94, 0x14, 0x18, 0x85, 0x15,
    0x08, 0x48, 0x40, 0x49, 0xf9, 0xff, 0xff, 0xff, 0xff, 0xff, 0xff, 0xff, 0xff, 0x07, 0x50, 0x38, 0x02, 0x40, 0x4c,
    0x0d, 0x50, 0x30, 0x02, 0x40, 0x61, 0xf9, 0x3f, 0x50, 0x30, 0x46, 0x00, 0x82, 0x20, 0x08, 0x82, 0x20, 0xc8, 0xff,
    0x7b, 0x48, 0x50, 0x52, 0x80, 0x80, 0x80, 0x80, 0x80, 0x80, 0x80, 0xf0, 0xff, 0x01, 0x14, 0x16, 0x20, 0xfc, 0x40,
    0xf9, 0xbf, 0x0f, 0x50, 0x30, 0x46, 0x00, 0x82, 0x20, 0x08, 0x82, 0x20, 0x08, 0x82, 0x3c, 0x3f, 0x50, 0x58, 0x02,
    0x14, 0x8c, 0x11, 0x80, 0x20, 0x08, 0x82, 0x20, 0x08, 0x82, 0x20, 0xe9, 0x0f, 0x63, 0x04, 0x20, 0x08, 0x82, 0xd0,
    0x18, 0x01, 0x08, 0x82, 0x20, 0x08, 0x82, 0x20, 0x08, 0x92, 0x25, 0x31, 0x46, 0x00, 0x82, 0x20, 0x08, 0x82, 0x20,
    0x08, 0x82, 0x7c, 0x40, 0x49, 0x51, 0x01, 0x00, 0x00, 0x39, 0x25, 0x7b, 0xc1, 0x84, 0x19, 0x84, 0x70, 0x01, 0xa5,
    0x47, 0x50, 0x9a, 0x41, 0xb0, 0xc3, 0x0d, 0x43, 0x05, 0x06, 0x17, 0x54, 0x7c, 0x82, 0xc5, 0xc3, 0x0d, 0x84, 0x85,
    0xcc, 0x32, 0x04, 0x42, 0x70, 0x06, 0x87, 0x19, 0x84, 0x70, 0x49, 0xb0, 0x17, 0x64, 0x3b, 0x4b, 0xb0, 0x0c, 0x37,
    0x24, 0x99, 0x70, 0x07, 0xb2, 0x27, 0x04, 0x3a, 0xcb, 0x30, 0x10, 0xc1, 0x70, 0x43, 0xb3, 0x81, 0xc1, 0x05, 0xcc,
    0x4e, 0x37, 0x70, 0x5b, 0x70, 0x41, 0xb4, 0xb3, 0x04, 0xcb, 0x70, 0x03, 0x24, 0x06, 0xc1, 0x05, 0x8f, 0x0e, 0x37,
    0x48, 0x1e, 0x71, 0x01, 0xa4, 0x37, 0x04, 0x3b, 0xcb, 0xb0, 0x14, 0xc1, 0x0d, 0x93, 0xce, 0x32, 0x18, 0x47, 0x70,
    0x58, 0x18, 0xec, 0x2c, 0xc1, 0x32, 0xdc, 0x70, 0x85, 0x01, 0x31, 0xcb, 0x80, 0x24, 0xc1, 0x61, 0x61, 0x20, 0x19,
    0x24, 0x9b, 0x41, 0x08, 0xb3, 0x04, 0xca, 0xcd, 0xc1, 0x18, 0x48, 0x06, 0xc9, 0x5e, 0xc0, 0x06, 0x9a, 0x41, 0xb0,
    0x23, 0x06, 0x06, 0x63, 0x93, 0x60, 0x50, 0xec, 0xc2, 0x17, 0x5c, 0x20, 0xc4, 0x05, 0x68, 0x20, 0x19, 0x24, 0x7b,
    0x41, 0x1a, 0x60, 0x06, 0x21, 0xcc, 0x12, 0x28, 0x03, 0x15, 0x61, 0x20, 0x24, 0x16, 0x72, 0x01, 0x1a, 0xec, 0x2c,
    0xc1, 0x32, 0xd0, 0x12, 0x06, 0x7e, 0x10, 0xc0, 0xc1, 0x20, 0x06, 0x86, 0xa0, 0xc8, 0x02, 0x91, 0x01, 0xb0, 0x1b,
    0x84, 0x03, 0x01, 0x00, 0x83, 0x00, 0x00, 0x00, 0xf6, 0x93, 0x00, 0xd2, 0x84, 0x3d, 0xc4, 0xed, 0x23, 0xf6, 0x55,
    0x48, 0x54, 0xe0, 0x23, 0xb6, 0xb5, 0x00, 0xd2, 0x84, 0x3d, 0x44, 0x7d, 0xdf, 0x3e, 0x62, 0x57, 0x05, 0x43, 0x2d,
    0x3e, 0x62, 0x5d, 0x0b, 0x20, 0x4d, 0xd8, 0x43, 0xd4, 0x77, 0xee, 0x23, 0x36, 0xc5, 0x38, 0x91, 0x2f, 0x38, 0xcd,
    0x60, 0xe7, 0xba, 0x8f, 0x18, 0x90, 0x22, 0x30, 0x8f, 0xee, 0x37, 0xce, 0xe4, 0x23, 0x96, 0xa5, 0x10, 0xd7, 0x14,
    0x01, 0xc2, 0xe4, 0x4f, 0xb6, 0x9d, 0x28, 0xdf, 0xe2, 0x00, 0xd3, 0x0b, 0x2c, 0x14, 0x71, 0x06, 0x0c, 0x52, 0xf8,
    0xd3, 0x41, 0x34, 0x75, 0x6d, 0xfb, 0x88, 0x3d, 0x1d, 0x02, 0xf3, 0xf0, 0xb7, 0x8f, 0x5c, 0x40, 0x82, 0x14, 0xfe,
    0x74, 0x10, 0x8d, 0x8f, 0xd8, 0x4e, 0x21, 0x1d, 0x91, 0x8f, 0xdc, 0xc1, 0x82, 0x14, 0x3e, 0xd1, 0x0c, 0x75, 0xbd,
    0xfb, 0x88, 0x41, 0x31, 0x4e, 0xe4, 0x0b, 0x4e, 0x33, 0xd4, 0x3c, 0xed, 0x23, 0x86, 0xb5, 0x00, 0xd2, 0x84, 0x3d,
    0x44, 0x6d, 0xef, 0x3e, 0x62, 0x51, 0x87, 0xc0, 0x3c, 0x7c, 0xef, 0x23, 0x16, 0xb6, 0x00, 0xd2, 0x84, 0x3d, 0x44,
    0xad, 0xe7, 0x3e, 0x62, 0x5c, 0x08, 0xd0, 0x0c, 0xf5, 0x8d, 0xfb, 0x88, 0xf5, 0x18, 0x82, 0xd3, 0x54, 0x3e, 0x72,
    0x00, 0x05, 0xd1, 0x4c, 0x11, 0x76, 0x04, 0x0a, 0x52, 0xf8, 0x44, 0x33, 0xec, 0xb7, 0x8f, 0x1c, 0x02, 0x83, 0x14,
    0xfe, 0x74, 0x10, 0x4d, 0x6d, 0xe7, 0x3e, 0x62, 0x63, 0x09, 0x71, 0x4d, 0x11, 0x20, 0x4c, 0xfe, 0x64, 0x4b, 0x8b,
    0xc0, 0x3c, 0x7a, 0xee, 0x37, 0xce, 0xe4, 0x23, 0x46, 0xc5, 0x38, 0x91, 0x2f, 0x38, 0xcd, 0x60, 0xe7, 0xb9, 0x8f,
    0x58, 0x59, 0x13, 0x11, 0x53, 0x05, 0x2c, 0x3e, 0xed, 0x23, 0x8d, 0x8f, 0xdc, 0xc0, 0x82, 0x14, 0xfe, 0x74, 0x10,
    0x8d, 0x4e, 0xfb, 0x88, 0x59, 0x21, 0x02, 0xf3, 0xd4, 0x36, 0xed, 0x23, 0x16, 0xe4, 0x34, 0xce, 0xe4, 0x0b, 0xcc,
    0xa3, 0xfb, 0x8d, 0x33, 0xf9, 0x88, 0x99, 0x35, 0x11, 0x31, 0x55, 0xc0, 0xe2, 0xe3, 0x3e, 0xd2, 0xf8, 0x88, 0xe9,
    0x20, 0x80, 0x34, 0x61, 0x0f, 0xe1, 0x23, 0xa6, 0xd4, 0x48, 0x0f, 0x21, 0xf8, 0x12, 0xb1, 0x10, 0xc2, 0xe4, 0x23,
    0xe6, 0xb4, 0x08, 0x4e, 0x33, 0xf8, 0x4e, 0x51, 0xd0, 0x3e, 0x62, 0x42, 0x4f, 0xe3, 0x4c, 0xbe, 0xc0, 0x3c, 0xba,
    0xdf, 0x38, 0x93, 0x8f, 0xd4, 0xe6, 0x63, 0x00, 0xcd, 0x60, 0xfb, 0x88, 0x81, 0x21, 0x0c, 0xb5, 0xd4, 0xfa, 0xed,
    0x23, 0x97, 0xb0, 0x20, 0x85, 0x4f, 0x34, 0x43, 0x7d, 0xd7, 0x3e, 0x62, 0x62, 0x88, 0x74, 0x44, 0xb5, 0xae, 0xfb,
    0x88, 0x21, 0x1d, 0x02, 0xf3, 0xe0, 0xbc, 0x8f, 0xd8, 0x99, 0x12, 0x11, 0x53, 0x05, 0x2c, 0x3e, 0xee, 0x23, 0xb7,
    0xa0, 0x06, 0xff, 0xff, 0x44, 0x84, 0xe0, 0x30, 0x0f, 0xb2, 0x10, 0xc3, 0x2f, 0x38, 0x4d, 0x45, 0x44, 0xd3, 0x5f,
    0xe8, 0xf8, 0x3f, 0x39, 0x7f, 0x51, 0xeb, 0x3f, 0xc2, 0x3c, 0x8b, 0x4f, 0x5c, 0xc8, 0x64, 0x44, 0x87, 0x74, 0x44,
    0x37, 0xee, 0x23, 0x27, 0x80, 0x20, 0x85, 0x4f, 0x34, 0x83, 0x8f, 0x98, 0x57, 0x22, 0x00, 0xcb, 0x52, 0xe3, 0xbc,
    0x8f, 0x98, 0x11, 0x22, 0x38, 0x4d, 0x75, 0xe7, 0x3e, 0x62, 0x4d, 0x8d, 0xe0, 0x34, 0x83, 0xef, 0x14, 0x05, 0xed,
    0x57, 0x3e, 0x62, 0x43, 0x87, 0xc0, 0x3c, 0x37, 0xed, 0x23, 0x57, 0xa0, 0x20, 0x85, 0x4f, 0x34, 0x43, 0xbf, 0xfb,
    0x88, 0x69, 0x21, 0x0c, 0xb5, 0xd4, 0xb7, 0xed, 0x23, 0x46, 0x26, 0x49, 0x47, 0x54, 0xeb, 0xba, 0x8f, 0xf8, 0x12,
    0xd2, 0x28, 0xbe, 0x53, 0x14, 0xf4, 0x29, 0x24, 0xc2, 0x42, 0x00, 0x0d, 0xf5, 0xf8, 0x08, 0x00, 0x00, 0x00, 0x00,
    0x00, 0x00, 0x00, 0x00, 0x61, 0x20, 0x00, 0x00, 0xd0, 0x00, 0x00, 0x00, 0x13, 0x04, 0x4c, 0x2c, 0x10, 0x00, 0x00,
    0x00, 0x1f, 0x00, 0x00, 0x00, 0x94, 0x14, 0x18, 0x85, 0x15, 0x08, 0x48, 0x40, 0x49, 0xf9, 0xff, 0xff, 0xff, 0xff,
    0xff, 0xff, 0xff, 0xff, 0x07, 0x50, 0x38, 0x02, 0x40, 0xc1, 0x08, 0x00, 0x85, 0xe5, 0xff, 0x40, 0xc1, 0x18, 0x01,
    0x08, 0x82, 0x20, 0x08, 0x82, 0x20, 0xff, 0xef, 0x21, 0x41, 0x49, 0x01, 0x02, 0x02, 0x02, 0x02, 0x02, 0x02, 0xc2,
    0xff, 0x07, 0x50, 0x58, 0xfe, 0xef, 0x03, 0x05, 0x08, 0x3f, 0x40, 0xc1, 0x18, 0x01, 0x08, 0x82, 0x20, 0x08, 0x82,
    0x20, 0x08, 0xf2, 0xfc, 0x40, 0x61, 0x09, 0x50, 0x30, 0x46, 0x00, 0x82, 0x20, 0x08, 0x82, 0x20, 0x08, 0x82, 0xa4,
    0x3f, 0x8c, 0x11, 0x80, 0x20, 0x08, 0x42, 0x63, 0x04, 0x20, 0x08, 0x82, 0x20, 0x08, 0x82, 0x20, 0x48, 0x96, 0xc4,
    0x18, 0x01, 0x08, 0x82, 0x20, 0x08, 0x82, 0x20, 0x08, 0xf2, 0x01, 0x25, 0x45, 0x05, 0x00, 0x29, 0x25, 0x7b, 0x81,
    0x84, 0x19, 0x84, 0x70, 0xc1, 0xa4, 0x47, 0x4c, 0x9a, 0x41, 0xb0, 0xc3, 0x0d, 0x03, 0x05, 0x06, 0xc3, 0x0d, 0x02,
    0x85, 0xcc, 0x32, 0x04, 0x42, 0x70, 0x44, 0x86, 0x19, 0x84, 0x70, 0x47, 0xb0, 0x17, 0x5c, 0x3b, 0x4b, 0xb0, 0x0c,
    0x37, 0x1c, 0x97, 0x70, 0xc1, 0xa1, 0xb3, 0x0c, 0x03, 0x11, 0x0c, 0x37, 0x28, 0x58, 0x18, 0x5c, 0x90, 0xe8, 0x74,
    0x43, 0x86, 0x05, 0x17, 0x38, 0x3b, 0x4b, 0xb0, 0x0c, 0x37, 0x34, 0x5f, 0x30, 0xdc, 0xe0, 0x68, 0xc4, 0x09, 0xc1,
    0x5e, 0xf0, 0xe8, 0x2c, 0xc3, 0x52, 0x04, 0x37, 0x40, 0x3a, 0xcb, 0x60, 0x1c, 0xc1, 0x51, 0xdd, 0xce, 0x12, 0x2c,
    0xc3, 0x0d, 0x53, 0x47, 0xcc, 0x32, 0x20, 0x49, 0x70, 0x54, 0x27, 0x19, 0x24, 0x9b, 0x41, 0x08, 0xb3, 0x04, 0xca,
    0xb9, 0xc1, 0x27, 0x19, 0x24, 0x7b, 0x01, 0x1a, 0x68, 0x06, 0xc1, 0x8e, 0x18, 0x18, 0x8c, 0x4d, 0x82, 0x41, 0x51,
    0x0b, 0x5b, 0x70, 0x81, 0x10, 0x17, 0x90, 0x81, 0x64, 0x90, 0xec, 0x05, 0x65, 0x80, 0x19, 0x84, 0x30, 0x4b, 0xa0,
    0x0c, 0x54, 0x84, 0x81, 0x90, 0x58, 0xc8, 0x05, 0x64, 0xb0, 0xb3, 0x04, 0xcb, 0x40, 0x4b, 0x18, 0xe8, 0x41, 0xe0,
    0x06, 0x83, 0x18, 0x18, 0x82, 0xa2, 0x0a, 0x44, 0x06, 0xc0, 0x6e, 0x10, 0x0e, 0x04, 0x00, 0x00, 0x00, 0x7c, 0x00,
    0x00, 0x00, 0xe6, 0x93, 0x00, 0xd2, 0x84, 0x3d, 0xc4, 0xed, 0x23, 0xa6, 0x55, 0x48, 0x54, 0xe0, 0x23, 0x66, 0xb5,
    0x00, 0xd2, 0x84, 0x3d, 0x44, 0x7d, 0xdf, 0x3e, 0x62, 0x52, 0x05, 0x43, 0x2d, 0x3e, 0x62, 0x58, 0x0b, 0x20, 0x4d,
    0xd8, 0x43, 0xd4, 0x77, 0xee, 0x23, 0xe6, 0xc4, 0x38, 0x91, 0x2f, 0x38, 0xcd, 0x60, 0xe7, 0xba, 0x8f, 0xd8, 0x8f,
    0x22, 0x30, 0x8f, 0xee, 0x37, 0xce, 0xe4, 0x23, 0x96, 0x95, 0x08, 0xc0, 0xb2, 0xd4, 0xf9, 0xed, 0x23, 0x46, 0xa5,
    0x10, 0xd7, 0x14, 0x01, 0xc2, 0xe4, 0x4f, 0xb6, 0x9d, 0x28, 0xdf, 0xe2, 0x00, 0xd3, 0x0b, 0x2c, 0x14, 0x71, 0x06,
    0x0c, 0x52, 0xf8, 0xd3, 0x41, 0x34, 0x75, 0x6d, 0xfb, 0x88, 0x2d, 0x1d, 0x02, 0xf3, 0xf0, 0xb7, 0x8f, 0x5c, 0x40,
    0x82, 0x14, 0xfe, 0x74, 0x10, 0x8d, 0x8f, 0x98, 0x4e, 0x21, 0x1d, 0x91, 0x8f, 0xdc, 0xc1, 0x82, 0x14, 0x3e, 0xd1,
    0x0c, 0x75, 0xbd, 0xfb, 0x88, 0x4d, 0x2d, 0x80, 0x34, 0x61, 0x0f, 0x51, 0xdb, 0xbb, 0x8f, 0x18, 0xd3, 0x21, 0x30,
    0x0f, 0xdf, 0xfb, 0x88, 0x71, 0x2d, 0x80, 0x34, 0x61, 0x0f, 0x51, 0xeb, 0xb9, 0x8f, 0xd8, 0x15, 0x02, 0x34, 0x43,
    0x7d, 0xe3, 0x3e, 0x62, 0x3c, 0x86, 0xe0, 0x34, 0x95, 0x8f, 0x1c, 0x40, 0x41, 0x34, 0x53, 0x84, 0x59, 0x53, 0xe3,
    0x44, 0xbe, 0xe0, 0x34, 0x43, 0xcd, 0xd3, 0x3e, 0x52, 0x1f, 0x81, 0x82, 0x14, 0x3e, 0xd1, 0x0c, 0xfb, 0xed, 0x23,
    0x87, 0xc0, 0x20, 0x85, 0x3f, 0x1d, 0x44, 0x53, 0xdb, 0xb9, 0x8f, 0x98, 0x57, 0x42, 0x5c, 0x53, 0x04, 0x08, 0x93,
    0x3f, 0xd9, 0xd1, 0x22, 0x30, 0x8f, 0x9e, 0xfb, 0x8d, 0x33, 0xf9, 0x88, 0x3d, 0x31, 0x4e, 0xe4, 0x0b, 0x4e, 0x33,
    0xd8, 0x79, 0xee, 0x23, 0x06, 0xd6, 0x44, 0xc4, 0x54, 0x01, 0x8b, 0x4f, 0xfb, 0x48, 0xe3, 0x23, 0x37, 0xb0, 0x20,
    0x85, 0x3f, 0x1d, 0x44, 0xa3, 0xd3, 0x3e, 0x62, 0x46, 0x8c, 0x13, 0xf9, 0x82, 0xd3, 0x0c, 0xf5, 0xce, 0xfb, 0x88,
    0x45, 0x21, 0x02, 0xf3, 0xd4, 0x36, 0xed, 0x23, 0x16, 0xd6, 0x44, 0xc4, 0x54, 0x01, 0x8b, 0x8f, 0xfb, 0x48, 0xe3,
    0x23, 0x96, 0x83, 0x00, 0xd2, 0x84, 0x3d, 0x84, 0x8f, 0x98, 0xd2, 0x22, 0x38, 0xcd, 0xe0, 0x3b, 0x45, 0x41, 0xfb,
    0x88, 0xf5, 0x18, 0x40, 0x33, 0xd8, 0x3e, 0x62, 0x5b, 0x08, 0x43, 0x2d, 0xb5, 0x7e, 0xfb, 0xc8, 0x25, 0x2c, 0x48,
    0xe1, 0x13, 0xcd, 0x50, 0xdf, 0xb5, 0x8f, 0x58, 0x17, 0x22, 0x1d, 0x51, 0xad, 0xeb, 0x3e, 0x62, 0x45, 0x87, 0xc0,
    0x3c, 0x38, 0xef, 0x23, 0x26, 0xa6, 0x44, 0xc4, 0x54, 0x01, 0x8b, 0x8f, 0xfb, 0xc8, 0x2d, 0xa8, 0xc1, 0xff, 0x3f,
    0x11, 0x21, 0x38, 0xcc, 0x83, 0x2c, 0xc4, 0xf0, 0x0b, 0x4e, 0x53, 0x11, 0xd1, 0xf4, 0x17, 0x3a, 0xfe, 0x4f, 0xce,
    0x5f, 0xd4, 0xfa, 0x8f, 0x30, 0xcf, 0xe2, 0x13, 0x17, 0x32, 0x59, 0xd0, 0x21, 0x1d, 0xd1, 0x8d, 0xfb, 0xc8, 0x09,
    0x20, 0x48, 0xe1, 0x13, 0xcd, 0xe0, 0x23, 0x36, 0x84, 0x08, 0x4e, 0x53, 0xdd, 0xb9, 0x8f, 0x58, 0x52, 0x23, 0x38,
    0xcd, 0xe0, 0x3b, 0x45, 0x41, 0xfb, 0x95, 0x8f, 0x18, 0xd0, 0x21, 0x30, 0xcf, 0x4d, 0xfb, 0xc8, 0x15, 0x28, 0x48,
    0xe1, 0x13, 0xcd, 0xd0, 0xef, 0x3e, 0x62, 0x55, 0x08, 0x43, 0x2d, 0xf5, 0x6d, 0xfb, 0x88, 0x7d, 0x49, 0xd2, 0x11,
    0xd5, 0xba, 0xee, 0x23, 0xbe, 0x84, 0x34, 0x8a, 0xef, 0x14, 0x05, 0x7d, 0x0a, 0x89, 0xb0, 0x10, 0x40, 0x43, 0x3d,
    0x3e, 0x02, 0x00, 0x00, 0x00, 0x00, 0x00, 0x00, 0x61, 0x20, 0x00, 0x00, 0x0d, 0x00, 0x00, 0x00, 0x13, 0x04, 0x41,
    0x2c, 0x10, 0x00, 0x00, 0x00, 0x01, 0x00, 0x00, 0x00, 0xc4, 0x8c, 0x00, 0x00, 0x23, 0x06, 0x06, 0x00, 0x82, 0x60,
    0xd0, 0x7c, 0x42, 0xb0, 0x41, 0x38, 0x10, 0x00, 0x00, 0x00, 0x03, 0x00, 0x00, 0x00, 0x07, 0x50, 0x10, 0xcd, 0x14,
    0x61, 0x76, 0x12, 0x5c, 0x00, 0x00, 0x00, 0x00, 0x00, 0x00, 0x00, 0x61, 0x20, 0x00, 0x00, 0x5c, 0x00, 0x00, 0x00,
    0x13, 0x04, 0x44, 0x2c, 0x10, 0x00, 0x00, 0x00, 0x05, 0x00, 0x00, 0x00, 0x94, 0x14, 0x20, 0x20, 0x20, 0x20, 0x08,
    0x09, 0xe5, 0x47, 0xc9, 0x08, 0x40, 0x09, 0x90, 0x50, 0x03, 0x00, 0x00, 0x00, 0x67, 0x1c, 0x3b, 0xdc, 0x10, 0x18,
    0x64, 0x30, 0xcb, 0x10, 0x08, 0x41, 0x26, 0x02, 0x64, 0x22, 0xc0, 0x09, 0xc1, 0x64, 0x90, 0xc4, 0x2c, 0xc1, 0x30,
    0x50, 0x21, 0x74, 0x02, 0x05, 0x0c, 0x54, 0x24, 0x99, 0x40, 0x01, 0x03, 0x15, 0xc9, 0x24, 0x58, 0xc0, 0x09, 0xcb,
    0x25, 0x91, 0xc4, 0x49, 0x01, 0x5e, 0xe0, 0xe8, 0x05, 0xc4, 0x0e, 0x37, 0x04, 0x14, 0x19, 0x5c, 0x54, 0xdc, 0x74,
    0xc3, 0x14, 0x08, 0x17, 0x24, 0x3b, 0xdd, 0x50, 0x61, 0xc4, 0x19, 0x41, 0xa0, 0x53, 0x81, 0xc0, 0x70, 0xc3, 0xf3,
    0x81, 0xc1, 0x2c, 0xc3, 0x20, 0x04, 0x03, 0x15, 0x89, 0x18, 0x04, 0x8a, 0xb0, 0x41, 0x38, 0x10, 0x00, 0x00, 0x35,
    0x00, 0x00, 0x00, 0x06, 0x54, 0x48, 0x54, 0xe0, 0x23, 0x86, 0x12, 0x74, 0xf6, 0x53, 0xa8, 0x7e, 0xed, 0x23, 0x26,
    0x74, 0x48, 0x54, 0x50, 0xeb, 0x3e, 0x62, 0x41, 0xc5, 0xea, 0xd7, 0x3e, 0x62, 0x44, 0x85, 0xea, 0xdb, 0x3e, 0x62,
    0x43, 0x8a, 0xc0, 0x3c, 0xbb, 0xdf, 0x38, 0x93, 0x8f, 0xd8, 0x49, 0x70, 0x9a, 0xcd, 0xa1, 0xfa, 0xf4, 0xdd, 0xfb,
    0x88, 0xf1, 0x2c, 0x02, 0xf3, 0xd4, 0xb4, 0xdf, 0x38, 0x93, 0x8f, 0xd8, 0x0e, 0xe1, 0x44, 0x3e, 0x72, 0x03, 0xdf,
    0xff, 0x3f, 0x11, 0x21, 0x38, 0xcc, 0x83, 0x2c, 0xc4, 0xf0, 0x13, 0x0c, 0xb5, 0x00, 0x13, 0xf1, 0x53, 0x03, 0x52,
    0xf9, 0xc4, 0x85, 0x4c, 0xe6, 0x63, 0x38, 0x51, 0x9d, 0xfb, 0x88, 0xc5, 0x1c, 0x82, 0xd3, 0x54, 0xb6, 0x8f, 0xd8,
    0xcc, 0x21, 0x38, 0x4d, 0x75, 0xfb, 0x88, 0xdd, 0x14, 0xd2, 0xb1, 0xf8, 0xc8, 0x05, 0x24, 0x48, 0xe1, 0x4f, 0x07,
    0xd1, 0xf8, 0x88, 0xe5, 0x14, 0xd2, 0x11, 0xf9, 0x88, 0xd1, 0x1c, 0xa2, 0x4f, 0xe3, 0xb5, 0x8f, 0x18, 0x8e, 0x22,
    0x1d, 0x91, 0xcf, 0x00, 0x92, 0xe2, 0x23, 0xd6, 0x73, 0x48, 0xc7, 0x52, 0xe3, 0x3e, 0x62, 0x35, 0xc7, 0xea, 0xd3,
    0x38, 0xed, 0x23, 0x27, 0xc0, 0x58, 0x07, 0xb2, 0x10, 0x7e, 0xe0, 0x0c, 0x98, 0x8f, 0x98, 0x8e, 0x01, 0x34, 0x43,
    0xef, 0x23, 0x06, 0x63, 0x08, 0x4e, 0x53, 0xf9, 0xc8, 0x01, 0x14, 0x44, 0x33, 0x45, 0x98, 0xc9, 0x14, 0x03, 0x52,
    0xf9, 0x08, 0x00, 0x00, 0x00, 0x00, 0x01, 0x31, 0x00, 0x00, 0x02, 0x00, 0x00, 0x00, 0x5b, 0x06, 0x4c, 0x3a, 0x00,
    0x00, 0x00, 0x00, 0x00, 0x00, 0x00, 0x00, 0x61, 0x20, 0x00, 0x00, 0xc6, 0x00, 0x00, 0x00, 0x13, 0x04, 0x47, 0x2c,
    0x10, 0x00, 0x00, 0x00, 0x06, 0x00, 0x00, 0x00, 0x94, 0x8c, 0x00, 0x14, 0x20, 0x20, 0x20, 0x20, 0x08, 0x09, 0xe5,
    0x47, 0x49, 0x09, 0x90, 0x50, 0x03, 0x14, 0xcd, 0x00, 0x00, 0x00, 0x00, 0x00, 0x63, 0x08, 0x88, 0x31, 0x86, 0x80,
    0x1c, 0x17, 0x08, 0x3b, 0xdc, 0x10, 0x20, 0x64, 0x30, 0xcb, 0x10, 0x08, 0x41, 0x12, 0x02, 0x24, 0x21, 0xc0, 0x09,
    0xc1, 0x64, 0x90, 0xc4, 0x2c, 0xc1, 0x30, 0x50, 0x21, 0x74, 0x02, 0x06, 0x0c, 0x54, 0x24, 0x99, 0xe0, 0x01, 0x03,
    0x15, 0xc9, 0x24, 0x80, 0x01, 0x70, 0x82, 0x73, 0x49, 0x24, 0x71, 0x4d, 0x80, 0x17, 0x44, 0x7a, 0x01, 0xb1, 0xc3,
    0x0d, 0xc1, 0x43, 0x06, 0x47, 0x15, 0x37, 0xdd, 0x80, 0x05, 0xc2, 0x05, 0xc9, 0x4e, 0x37, 0x68, 0x13, 0x71, 0x46,
    0x10, 0xe8, 0x60, 0x20, 0x30, 0xdc, 0xf0, 0x88, 0x01, 0x18, 0xcc, 0x32, 0x0c, 0x42, 0x30, 0x50, 0x91, 0x88, 0x41,
    0xa0, 0x08, 0x63, 0x08, 0x61, 0xc0, 0x8d, 0x21, 0x84, 0x41, 0x77, 0x81, 0xb0, 0xc3, 0x0d, 0x41, 0x18, 0x90, 0xc1,
    0x2c, 0x03, 0x51, 0x04, 0x49, 0x08, 0x90, 0x84, 0x00, 0x27, 0x04, 0x93, 0x41, 0x12, 0xb3, 0x04, 0xc6, 0x40, 0x85,
    0xd0, 0x15, 0xaa, 0x30, 0x0c, 0x54, 0x24, 0x59, 0x01, 0x0b, 0xc3, 0x40, 0x45, 0x32, 0x15, 0xb2, 0x30, 0x9c, 0x70,
    0x06, 0x97, 0x44, 0x12, 0xd7, 0x04, 0x78, 0x81, 0x1a, 0xe8, 0x05, 0xc4, 0x0e, 0x37, 0x04, 0x0f, 0x19, 0x5c, 0x1b,
    0x14, 0x37, 0xdd, 0x10, 0x07, 0x81, 0x70, 0x41, 0xb2, 0xd3, 0x0d, 0x73, 0x30, 0x11, 0x67, 0x04, 0x81, 0x4e, 0x1c,
    0x80, 0xc0, 0x70, 0xc3, 0xb3, 0x07, 0x60, 0x30, 0xcb, 0x60, 0x14, 0xc1, 0x40, 0x45, 0x22, 0x06, 0x84, 0x52, 0xcc,
    0x31, 0xcc, 0x81, 0x86, 0x07, 0x73, 0x0c, 0x81, 0x60, 0x07, 0x1b, 0x84, 0x03, 0x01, 0x00, 0x00, 0x00, 0x7c, 0x00,
    0x00, 0x00, 0xe6, 0xb5, 0x48, 0x54, 0x50, 0xeb, 0x3e, 0xe2, 0x23, 0xb6, 0x6e, 0x60, 0x89, 0xea, 0xdb, 0x3e, 0xe2,
    0x23, 0x76, 0x6f, 0x5f, 0x8e, 0xc0, 0x3c, 0xbb, 0xdf, 0x38, 0x93, 0x8f, 0xf8, 0x88, 0xbd, 0xdf, 0xc0, 0xf5, 0xff,
    0x4f, 0x44, 0x08, 0x0e, 0xf3, 0x20, 0x0b, 0x31, 0xfc, 0xd4, 0x80, 0x54, 0x3e, 0x71, 0x21, 0xd3, 0x19, 0x64, 0xff,
    0xff, 0x44, 0x84, 0xe0, 0x30, 0x0f, 0xb2, 0x10, 0xc3, 0x4f, 0x0d, 0x48, 0xe5, 0x13, 0x17, 0x32, 0xdd, 0xb4, 0x0d,
    0x1d, 0x12, 0x15, 0xf8, 0x88, 0x8f, 0x98, 0xd0, 0xa1, 0xfa, 0xb5, 0x8f, 0xf8, 0x88, 0x15, 0x25, 0x12, 0x15, 0xd4,
    0xba, 0x8f, 0xf8, 0x88, 0x1d, 0x1d, 0xaa, 0x6f, 0xfb, 0x88, 0x8f, 0x58, 0x4e, 0xa2, 0xfa, 0xf4, 0xdd, 0xfb, 0x88,
    0x8f, 0x98, 0x13, 0x32, 0x20, 0x95, 0x8f, 0xf8, 0x48, 0x7f, 0x05, 0x90, 0x75, 0x20, 0x0b, 0xe1, 0x07, 0xce, 0x80,
    0xf9, 0x88, 0x8f, 0xd8, 0xbc, 0xfd, 0x34, 0x02, 0xf3, 0xd4, 0xb4, 0xdf, 0x38, 0x93, 0x8f, 0xf8, 0x88, 0xf9, 0x18,
    0x4e, 0xe4, 0x23, 0x3e, 0x62, 0x4d, 0x8a, 0xe0, 0x34, 0x95, 0xed, 0x23, 0x3e, 0xc2, 0x1f, 0x40, 0x41, 0x34, 0x53,
    0x84, 0x19, 0x4d, 0x22, 0x38, 0x4d, 0x65, 0xfb, 0x88, 0x8f, 0x98, 0x4d, 0x22, 0x38, 0x4d, 0x75, 0xfb, 0x88, 0x8f,
    0x58, 0x0f, 0x02, 0x34, 0x43, 0xef, 0x23, 0x3e, 0x62, 0x53, 0x89, 0x74, 0x2c, 0x3e, 0xe2, 0x23, 0x75, 0x7e, 0x04,
    0x0d, 0x52, 0xf8, 0xd3, 0x41, 0x34, 0x3e, 0xe2, 0x23, 0x75, 0x6d, 0x50, 0x8b, 0xe8, 0xd3, 0x78, 0xed, 0x23, 0x3e,
    0x52, 0xdb, 0xc6, 0x95, 0x48, 0x54, 0xe0, 0x23, 0x3e, 0x62, 0xe3, 0x46, 0xe5, 0x48, 0x47, 0xe4, 0x33, 0x80, 0xa4,
    0xf8, 0x88, 0x8f, 0xd4, 0xba, 0x01, 0x25, 0xd2, 0xb1, 0xd4, 0xb8, 0x8f, 0xf8, 0x88, 0xe1, 0x24, 0xab, 0x4f, 0xe3,
    0xb4, 0x8f, 0xf8, 0xc8, 0x09, 0x38, 0xd6, 0x81, 0x2c, 0x84, 0x1f, 0x38, 0x03, 0xe6, 0x23, 0x3e, 0x62, 0x28, 0x41,
    0x67, 0x33, 0x88, 0xe0, 0x34, 0x95, 0x8f, 0xf8, 0x88, 0x45, 0x2d, 0xab, 0x4f, 0xe3, 0xb4, 0x8f, 0xf8, 0x48, 0x7d,
    0x5b, 0x57, 0xb2, 0xfa, 0xb5, 0x8f, 0xf8, 0x88, 0x9d, 0x5b, 0x55, 0x22, 0x1d, 0x91, 0x8f, 0xf8, 0x48, 0xbd, 0x9b,
    0x95, 0x02, 0x34, 0x43, 0xef, 0x23, 0x3e, 0x52, 0xf3, 0x76, 0x12, 0x9c, 0x17, 0xb0, 0x20, 0x85, 0x3f, 0x1d, 0x44,
    0xe3, 0x23, 0x3e, 0x62, 0x58, 0x8f, 0xc0, 0x3c, 0x35, 0xed, 0x37, 0xce, 0xe4, 0x23, 0x3e, 0x62, 0xd3, 0x56, 0x73,
    0x0c, 0x48, 0xe5, 0x23, 0x3e, 0x62, 0x5b, 0x89, 0xea, 0xd7, 0x3e, 0xe2, 0x23, 0xf6, 0x6d, 0x37, 0x89, 0xe8, 0xd3,
    0x78, 0xed, 0x23, 0x3e, 0x62, 0x5a, 0x8a, 0x13, 0xd5, 0xb9, 0x8f, 0xf8, 0x88, 0x6d, 0x5b, 0xd6, 0x22, 0x1d, 0x4b,
    0x8d, 0xfb, 0x88, 0x8f, 0xd8, 0xb5, 0x11, 0x1d, 0xab, 0x5f, 0xfb, 0x88, 0x8f, 0x98, 0x11, 0x23, 0x30, 0xcf, 0xee,
    0x37, 0xce, 0xe4, 0x23, 0x3e, 0x62, 0x52, 0x8b, 0xea, 0xd3, 0x77, 0xef, 0x23, 0x3e, 0x52, 0xe3, 0xa6, 0x73, 0x48,
    0xc7, 0xe2, 0x23, 0x3e, 0x62, 0x3b, 0x8c, 0x74, 0x44, 0x3e, 0x03, 0x48, 0x8a, 0x8f, 0xf8, 0x88, 0x3d, 0x2d, 0x82,
    0xd3, 0x54, 0xb7, 0x8f, 0xf8, 0x48, 0x4d, 0xdb, 0x15, 0xe2, 0x44, 0x3e, 0xe2, 0x23, 0x75, 0x6f, 0x3c, 0x87, 0x74,
    0x44, 0x3e, 0xe2, 0x23, 0xc6, 0x94, 0x08, 0x4e, 0x53, 0xf9, 0x88, 0x8f, 0xec, 0x16, 0x84, 0x38, 0x51, 0x9d, 0xfb,
    0x88, 0x8f, 0x00, 0x00, 0x01, 0x31, 0x00, 0x00, 0x03, 0x00, 0x00, 0x00, 0x5b, 0x06, 0x4d, 0x3a, 0xb6, 0x0c, 0x76,
    0x20, 0x1d, 0x00, 0x00, 0x00, 0x00, 0x00, 0x00, 0x00, 0x61, 0x20, 0x00, 0x00, 0x26, 0x01, 0x00, 0x00, 0x13, 0x04,
    0x4a, 0x2c, 0x10, 0x00, 0x00, 0x00, 0x06, 0x00, 0x00, 0x00, 0x94, 0x8c, 0x00, 0x14, 0x20, 0x20, 0x20, 0x20, 0x08,
    0x09, 0xe5, 0x47, 0x49, 0x09, 0x90, 0x50, 0x03, 0x94, 0x14, 0x01, 0x51, 0x33, 0x00, 0x00, 0x63, 0x08, 0xc9, 0x31,
    0x86, 0x90, 0x20, 0x17, 0x08, 0x3b, 0xdc, 0x10, 0x24, 0x64, 0x30, 0xcb, 0x10, 0x08, 0x41, 0x12, 0x02, 0x24, 0x21,
    0xc0, 0x09, 0xc1, 0x64, 0x90, 0xc4, 0x2c, 0xc1, 0x30, 0x50, 0x21, 0x74, 0x82, 0x06, 0x0c, 0x54, 0x24, 0x99, 0x00,
    0x06, 0xc0, 0x40, 0x45, 0x32, 0x09, 0x62, 0x00, 0x9c, 0xf0, 0x5c, 0x12, 0x49, 0x5c, 0x13, 0xe0, 0x05, 0x92, 0x5e,
    0x40, 0xec, 0x70, 0x43, 0xf0, 0x90, 0xc1, 0x55, 0xc5, 0x4d, 0x37, 0x64, 0x81, 0x70, 0x41, 0xb2, 0xd3, 0x0d, 0xdb,
    0x44, 0x9c, 0x11, 0x04, 0x3a, 0x19, 0x08, 0x0c, 0x37, 0x3c, 0x63, 0x00, 0x06, 0xb3, 0x0c, 0x83, 0x10, 0x0c, 0x54,
    0x24, 0x62, 0x10, 0x28, 0xc2, 0x18, 0x82, 0x18, 0x74, 0x63, 0x08, 0x62, 0xe0, 0x5d, 0x20, 0xec, 0x70, 0x43, 0x20,
    0x06, 0x64, 0x30, 0xcb, 0x40, 0x14, 0x41, 0x12, 0x02, 0x24, 0x21, 0xc0, 0x09, 0xc1, 0x64, 0x90, 0xc4, 0x2c, 0x81,
    0x31, 0x50, 0x21, 0x74, 0x05, 0x2b, 0x0c, 0x03, 0x15, 0x49, 0x56, 0xc8, 0xc2, 0x30, 0x50, 0x91, 0x4c, 0x05, 0x2d,
    0x0c, 0x27, 0xa0, 0xc1, 0x25, 0x91, 0xc4, 0x35, 0x01, 0x5e, 0xb0, 0x06, 0x7a, 0x01, 0xb1, 0xc3, 0x0d, 0xc1, 0x43,
    0x06, 0xe7, 0x06, 0xc5, 0x4d, 0x37, 0xc8, 0x41, 0x20, 0x5c, 0x90, 0xec, 0x74, 0x03, 0x1d, 0x4c, 0xc4, 0x19, 0x41,
    0xa0, 0x23, 0x07, 0x20, 0x30, 0xdc, 0xf0, 0xf0, 0x01, 0x18, 0xcc, 0x32, 0x18, 0x45, 0x30, 0x50, 0x91, 0x88, 0x01,
    0xa1, 0x14, 0x63, 0x08, 0x7b, 0x40, 0x07, 0x63, 0x08, 0x7b, 0x50, 0x07, 0x17, 0x08, 0x3b, 0xdc, 0x10, 0xec, 0x01,
    0x19, 0xcc, 0x32, 0x1c, 0x48, 0x90, 0x84, 0x00, 0x49, 0x08, 0x70, 0x42, 0x30, 0x19, 0x24, 0x31, 0x4b, 0x90, 0x0c,
    0x54, 0x08, 0x1d, 0xe2, 0x0f, 0xc6, 0x40, 0x45, 0x92, 0x21, 0x24, 0x61, 0x0c, 0x54, 0x24, 0x13, 0x62, 0x12, 0xc6,
    0x09, 0xa1, 0x70, 0x49, 0x24, 0x71, 0x4d, 0x80, 0x17, 0x90, 0x82, 0x5e, 0x40, 0xec, 0x70, 0x43, 0xf0, 0x90, 0xc1,
    0x9d, 0x42, 0x71, 0xd3, 0x0d, 0xab, 0x10, 0x08, 0x17, 0x24, 0x3b, 0xdd, 0xd0, 0x0a, 0x13, 0x71, 0x46, 0x10, 0xe8,
    0xac, 0x02, 0x08, 0x0c, 0x37, 0x3c, 0xb5, 0x00, 0x06, 0xb3, 0x0c, 0x09, 0x12, 0x0c, 0x54, 0x24, 0x62, 0x70, 0x28,
    0xc8, 0x1c, 0x03, 0x2b, 0xcc, 0x81, 0x2c, 0xcc, 0x31, 0x04, 0x1b, 0x2c, 0xcc, 0x31, 0x04, 0xc3, 0x2b, 0x6c, 0x10,
    0x0e, 0x04, 0xbe, 0x00, 0x00, 0x00, 0xd6, 0x95, 0x48, 0x54, 0xe0, 0x23, 0x3e, 0x82, 0xe3, 0x47, 0xd0, 0x20, 0x85,
    0x3f, 0x1d, 0x44, 0xe3, 0x23, 0x3e, 0x72, 0xd7, 0x96, 0xb6, 0x08, 0x4e, 0x53, 0xdd, 0x3e, 0xe2, 0x23, 0x39, 0x6e,
    0x56, 0x89, 0x74, 0x44, 0x3e, 0xe2, 0x23, 0xf7, 0x6e, 0x57, 0x0a, 0xd0, 0x0c, 0xbd, 0x8f, 0xf8, 0xc8, 0xcd, 0x9b,
    0xd4, 0xb2, 0xfa, 0x34, 0x4e, 0xfb, 0x88, 0x8f, 0xdc, 0xb7, 0x79, 0x25, 0xab, 0x5f, 0xfb, 0x88, 0x8f, 0xe0, 0xb9,
    0x71, 0x25, 0xaa, 0x5f, 0xfb, 0x88, 0x8f, 0xe0, 0xf7, 0x0d, 0x5c, 0xff, 0xff, 0x44, 0x84, 0xe0, 0x30, 0x0f, 0xb2,
    0x10, 0xc3, 0x4f, 0x0d, 0x48, 0xe5, 0x13, 0x17, 0x32, 0x59, 0xd6, 0x23, 0x30, 0x4f, 0x4d, 0xfb, 0x8d, 0x33, 0xf9,
    0x88, 0x8f, 0xe0, 0xb4, 0x11, 0x1d, 0x12, 0x15, 0xf8, 0x88, 0x8f, 0x18, 0x5a, 0x32, 0x20, 0x95, 0x8f, 0xf8, 0x48,
    0x7e, 0xdb, 0x96, 0xe2, 0x44, 0x75, 0xee, 0x23, 0x3e, 0x82, 0xdb, 0x97, 0x90, 0xfd, 0xff, 0x13, 0x11, 0x82, 0xc3,
    0x3c, 0xc8, 0x42, 0x0c, 0x3f, 0x35, 0x20, 0x95, 0x4f, 0x5c, 0xc8, 0xb4, 0xe3, 0x36, 0x74, 0xa8, 0x7e, 0xed, 0x23,
    0x3e, 0x62, 0x46, 0x89, 0x44, 0x05, 0xb5, 0xee, 0x23, 0x3e, 0x62, 0x48, 0x87, 0xea, 0xdb, 0x3e, 0xe2, 0x23, 0xa6,
    0xb5, 0x48, 0xc7, 0x52, 0xe3, 0x3e, 0xe2, 0x23, 0x78, 0x6d, 0x78, 0x8b, 0x44, 0x05, 0xb5, 0xee, 0x23, 0x3e, 0xb2,
    0xd3, 0x16, 0x87, 0x38, 0x91, 0x8f, 0xf8, 0x88, 0x7e, 0x9b, 0x4e, 0xa2, 0xfa, 0xf4, 0xdd, 0xfb, 0x88, 0x8f, 0x98,
    0x5e, 0xa2, 0xfa, 0xb6, 0x8f, 0xf8, 0xc8, 0x7e, 0x5b, 0x9e, 0x23, 0x30, 0xcf, 0xee, 0x37, 0xce, 0xe4, 0x23, 0x3e,
    0xb2, 0xd7, 0x06, 0xd4, 0x08, 0xcc, 0x53, 0xd3, 0x7e, 0xe3, 0x4c, 0x3e, 0xe2, 0x23, 0xf6, 0x63, 0x38, 0x91, 0x8f,
    0xf8, 0x88, 0x4d, 0x2d, 0xaa, 0x4f, 0xdf, 0xbd, 0x8f, 0xf8, 0xc8, 0x8d, 0x1f, 0x40, 0x41, 0x34, 0x53, 0x84, 0x59,
    0x4d, 0x22, 0x38, 0x4d, 0x65, 0xfb, 0x88, 0x8f, 0xd8, 0x4d, 0x22, 0x38, 0x4d, 0x75, 0xfb, 0x88, 0x8f, 0x98, 0x0f,
    0x02, 0x34, 0x43, 0xef, 0x23, 0x3e, 0x62, 0x50, 0x8b, 0xe0, 0x34, 0xd5, 0xed, 0x23, 0x3e, 0x72, 0xd3, 0xf6, 0x94,
    0x0c, 0x48, 0xe5, 0x23, 0x3e, 0x62, 0xf7, 0x16, 0x94, 0x48, 0xc7, 0x52, 0xe3, 0x3e, 0xe2, 0x23, 0x86, 0x85, 0x38,
    0x91, 0x8f, 0xf8, 0xc8, 0xdd, 0x5f, 0xc0, 0x82, 0x14, 0xfe, 0x74, 0x10, 0x8d, 0x8f, 0xf8, 0x88, 0xe5, 0x24, 0xab,
    0x4f, 0xe3, 0xb4, 0x8f, 0xf8, 0xc8, 0x09, 0x38, 0xd6, 0x81, 0x2c, 0x84, 0x1f, 0x38, 0x03, 0xe6, 0x23, 0x3e, 0x62,
    0x28, 0x41, 0x67, 0x34, 0x88, 0xe0, 0x34, 0x95, 0x8f, 0xf8, 0x88, 0xa9, 0x2d, 0xa2, 0x4f, 0xe3, 0xb5, 0x8f, 0xf8,
    0x48, 0xae, 0xdb, 0xd9, 0x22, 0x38, 0x4d, 0x65, 0xfb, 0x88, 0x8f, 0xe4, 0xb6, 0x7d, 0x2d, 0x12, 0x15, 0xd4, 0xba,
    0x8f, 0xf8, 0x08, 0xae, 0x9b, 0x99, 0x22, 0x38, 0x4d, 0xe5, 0x23, 0x3e, 0x92, 0xd7, 0x56, 0x97, 0xa8, 0x7e, 0xed,
    0x23, 0x3e, 0xa2, 0xef, 0x16, 0x96, 0xa8, 0xbe, 0xed, 0x23, 0x3e, 0x82, 0xf7, 0xd6, 0x96, 0x48, 0xc7, 0xe2, 0x23,
    0x3e, 0x92, 0xf7, 0x76, 0x12, 0x9c, 0x06, 0xe6, 0x08, 0xcc, 0xb3, 0xfb, 0x8d, 0x33, 0xf9, 0x88, 0x8f, 0xe0, 0xbb,
    0xd9, 0x25, 0x12, 0x15, 0xf8, 0x88, 0x8f, 0xe8, 0xbc, 0xd9, 0x1c, 0x03, 0x52, 0xf9, 0x88, 0x8f, 0x1c, 0x02, 0x64,
    0x1d, 0xc8, 0x42, 0xf8, 0x81, 0x33, 0x60, 0x3e, 0xe2, 0x23, 0xbb, 0x7d, 0x07, 0x0d, 0x52, 0xf8, 0xd3, 0x41, 0x34,
    0x3e, 0xe2, 0x23, 0x79, 0x6e, 0x6b, 0xcb, 0xea, 0xd3, 0x38, 0xed, 0x23, 0x3e, 0x92, 0xef, 0x86, 0x93, 0x88, 0x3e,
    0x8d, 0xd7, 0x3e, 0xe2, 0x23, 0x67, 0x90, 0xfd, 0xff, 0x13, 0x11, 0x82, 0xc3, 0x3c, 0xc8, 0x42, 0x0c, 0x3f, 0x35,
    0x20, 0x95, 0x4f, 0x5c, 0xc8, 0x94, 0xd3, 0x26, 0xf7, 0x08, 0xcc, 0x53, 0xd3, 0x7e, 0xe3, 0x4c, 0x3e, 0xe2, 0x23,
    0x3a, 0x6e, 0x6e, 0x8e, 0x74, 0x44, 0x3e, 0x03, 0x48, 0x8a, 0x8f, 0xf8, 0x88, 0x4e, 0xdb, 0x5d, 0xb2, 0xfa, 0xb5,
    0x8f, 0xf8, 0x88, 0xde, 0x5b, 0xd1, 0xb1, 0xfa, 0xb5, 0x8f, 0xf8, 0x88, 0x39, 0x2d, 0x82, 0xd3, 0x54, 0xb6, 0x8f,
    0xf8, 0x88, 0xcd, 0x1b, 0x9d, 0xe2, 0x44, 0x75, 0xee, 0x23, 0x3e, 0xa2, 0xeb, 0xf6, 0x96, 0x48, 0x47, 0xe4, 0x23,
    0x3e, 0xa2, 0xd7, 0x06, 0xa7, 0x00, 0xcd, 0xd0, 0xfb, 0x88, 0x8f, 0xe8, 0xb6, 0x1d, 0x31, 0x02, 0xf3, 0xec, 0x7e,
    0xe3, 0x4c, 0x3e, 0xe2, 0x23, 0x36, 0xb7, 0x48, 0xc7, 0x52, 0xe3, 0x3e, 0xe2, 0x23, 0x7a, 0x6e, 0x4d, 0x8a, 0xe0,
    0x34, 0x95, 0x8f, 0xf8, 0x88, 0xbd, 0x5f, 0x01, 0x64, 0x1d, 0xc8, 0x42, 0xf8, 0x81, 0x33, 0x60, 0x3e, 0xe2, 0x23,
    0x38, 0x6f, 0x3b, 0x87, 0x74, 0x2c, 0x3e, 0xe2, 0x23, 0xc6, 0xc3, 0x48, 0x47, 0xe4, 0x33, 0x80, 0xa4, 0xf8, 0x88,
    0x8f, 0x18, 0xdb, 0xa2, 0xfa, 0xf4, 0xdd, 0xfb, 0x88, 0x8f, 0xe4, 0xbc, 0x09, 0x21, 0x4e, 0x54, 0xe7, 0x3e, 0xe2,
    0x23, 0xd6, 0x73, 0x48, 0x47, 0xe4, 0x23, 0x3e, 0x62, 0x54, 0x89, 0x74, 0x2c, 0x3e, 0xe2, 0x23, 0x77, 0x6e, 0x55,
    0x8e, 0x74, 0x44, 0x3e, 0x03, 0x48, 0x8a, 0x8f, 0xf8, 0xc8, 0xad, 0x5b, 0xd4, 0x22, 0xfa, 0x34, 0x5e, 0xfb, 0x88,
    0x8f, 0xdc, 0x36, 0x00, 0x00, 0x00, 0x01, 0x31, 0x00, 0x00, 0x04, 0x00, 0x00, 0x00, 0x5b, 0x06, 0x4d, 0x3a, 0xb6,
    0x0c, 0x76, 0x20, 0x1d, 0x5b, 0x06, 0x59, 0x90, 0x0e, 0x00, 0x00, 0x00, 0x00, 0x00, 0x00, 0x61, 0x20, 0x00, 0x00,
    0xb9, 0x01, 0x00, 0x00, 0x13, 0x04, 0x4d, 0x2c, 0x10, 0x00, 0x00, 0x00, 0x08, 0x00, 0x00, 0x00, 0x94, 0x8c, 0x00,
    0x14, 0x20, 0x20, 0x20, 0x20, 0x08, 0x09, 0xe5, 0x47, 0x49, 0x09, 0x90, 0x50, 0x03, 0x94, 0x14, 0x41, 0x19, 0x50,
    0x34, 0x03, 0x40, 0xe4, 0x58, 0x04, 0x10, 0x08, 0x03, 0x00, 0x63, 0x08, 0x4b, 0x32, 0x86, 0xb0, 0x28, 0x17, 0x08,
    0x3b, 0xdc, 0x10, 0x2c, 0x64, 0x30, 0xcb, 0x10, 0x08, 0x41, 0x12, 0x02, 0x24, 0x21, 0xc0, 0x09, 0xc1, 0x64, 0x90,
    0xc4, 0x2c, 0xc1, 0x30, 0x50, 0x21, 0x74, 0x82, 0x07, 0x0c, 0x54, 0x24, 0x99, 0x40, 0x06, 0xc0, 0x40, 0x45, 0x32,
    0x09, 0x66, 0x00, 0x9c, 0x10, 0x5d, 0x12, 0x49, 0x5c, 0x13, 0xe0, 0x05, 0x94, 0x5e, 0x40, 0xec, 0x70, 0x43, 0xf0,
    0x90, 0xc1, 0x5d, 0xc5, 0x4d, 0x37, 0x6c, 0x81, 0x70, 0x41, 0xb2, 0xd3, 0x0d, 0xdd, 0x44, 0x9c, 0x11, 0x04, 0x3a,
    0x1b, 0x08, 0x0c, 0x37, 0x3c, 0x65, 0x00, 0x06, 0xb3, 0x0c, 0x83, 0x10, 0x0c, 0x54, 0x24, 0x62, 0x10, 0x28, 0xc2,
    0x18, 0x02, 0x19, 0x7c, 0x63, 0x08, 0x64, 0x00, 0x06, 0x17, 0x08, 0x3b, 0xdc, 0x10, 0x90, 0x01, 0x19, 0xcc, 0x32,
    0x10, 0x45, 0x90, 0x84, 0x00, 0x49, 0x08, 0x70, 0x42, 0x30, 0x19, 0x24, 0x31, 0x4b, 0x60, 0x0c, 0x54, 0x08, 0x5d,
    0x01, 0x0b, 0xc3, 0x40, 0x45, 0x92, 0x15, 0xb6, 0x30, 0x0c, 0x54, 0x24, 0x53, 0x81, 0x0b, 0xc3, 0x09, 0x6a, 0x70,
    0x49, 0x24, 0x71, 0x4d, 0x80, 0x17, 0xb4, 0x81, 0x5e, 0x40, 0xec, 0x70, 0x43, 0xf0, 0x90, 0xc1, 0xc1, 0x41, 0x71,
    0xd3, 0x0d, 0x74, 0x10, 0x08, 0x17, 0x24, 0x3b, 0xdd, 0x60, 0x07, 0x13, 0x71, 0x46, 0x10, 0xe8, 0xd0, 0x01, 0x08,
    0x0c, 0x37, 0x3c, 0x7e, 0x00, 0x06, 0xb3, 0x0c, 0x46, 0x11, 0x0c, 0x54, 0x24, 0x62, 0x40, 0x28, 0xc5, 0x18, 0x42,
    0x1f, 0xd8, 0xc1, 0x18, 0x42, 0x1f, 0xdc, 0xc1, 0x05, 0xc2, 0x0e, 0x37, 0x04, 0x7d, 0x40, 0x06, 0xb3, 0x0c, 0x07,
    0x12, 0x24, 0x21, 0x40, 0x12, 0x02, 0x9c, 0x10, 0x4c, 0x06, 0x49, 0xcc, 0x12, 0x24, 0x03, 0x15, 0x42, 0x87, 0x88,
    0x84, 0x31, 0x50, 0x91, 0x64, 0x08, 0x4a, 0x18, 0x03, 0x15, 0xc9, 0x84, 0xa8, 0x84, 0x71, 0xc2, 0x28, 0x5c, 0x12,
    0x49, 0x5c, 0x13, 0xe0, 0x05, 0xa6, 0xa0, 0x17, 0x10, 0x3b, 0xdc, 0x10, 0x3c, 0x64, 0x70, 0xa9, 0x50, 0xdc, 0x74,
    0x43, 0x2b, 0x04, 0xc2, 0x05, 0xc9, 0x4e, 0x37, 0xbc, 0xc2, 0x44, 0x9c, 0x11, 0x04, 0x3a, 0xad, 0x00, 0x02, 0xc3,
    0x0d, 0xcf, 0x2d, 0x80, 0xc1, 0x2c, 0x43, 0x82, 0x04, 0x03, 0x15, 0x89, 0x18, 0x1c, 0x0a, 0x32, 0x86, 0x60, 0x0b,
    0xae, 0x30, 0x86, 0x60, 0x0b, 0xaf, 0x70, 0x81, 0xb0, 0xc3, 0x0d, 0x81, 0x2d, 0x90, 0xc1, 0x2c, 0x83, 0xb2, 0x04,
    0x49, 0x08, 0x90, 0x84, 0x00, 0x27, 0x04, 0x93, 0x41, 0x12, 0xb3, 0x04, 0xcc, 0x40, 0x85, 0xd0, 0x2d, 0x74, 0x91,
    0x0c, 0x54, 0x24, 0xd9, 0xa2, 0x17, 0xc9, 0x40, 0x45, 0x32, 0x2d, 0x7c, 0x91, 0x9c, 0xc0, 0x0b, 0x97, 0x44, 0x12,
    0xd7, 0x04, 0x78, 0xc1, 0x2f, 0xe8, 0x05, 0xc4, 0x0e, 0x37, 0x04, 0x0f, 0x19, 0x9c, 0x38, 0x14, 0x37, 0xdd, 0x60,
    0x0e, 0x81, 0x70, 0x41, 0xb2, 0xd3, 0x0d, 0xe8, 0x30, 0x11, 0x67, 0x04, 0x81, 0x8e, 0x39, 0x80, 0xc0, 0x70, 0xc3,
    0x03, 0x0f, 0x60, 0x30, 0xcb, 0xc0, 0x2c, 0xc1, 0x40, 0x45, 0x22, 0x06, 0x8a, 0xb2, 0xcc, 0x31, 0x98, 0x03, 0x2b,
    0xb4, 0xc3, 0x1c, 0x43, 0x40, 0x07, 0xeb, 0x30, 0xc7, 0x80, 0x0e, 0xdc, 0x3b, 0xcc, 0x31, 0x04, 0x44, 0x3b, 0x0c,
    0x32, 0x0c, 0x41, 0x3a, 0x6c, 0x10, 0x0e, 0x04, 0x00, 0x00, 0x00, 0x2e, 0x01, 0x00, 0x00, 0x87, 0x20, 0x59, 0x07,
    0xb2, 0x10, 0x7e, 0xe0, 0x0c, 0x98, 0x8f, 0xf8, 0x88, 0x8f, 0xd8, 0xbc, 0x09, 0x3d, 0x02, 0xf3, 0xd4, 0xb4, 0xdf,
    0x38, 0x93, 0x8f, 0xf8, 0x88, 0x8f, 0x98, 0x8f, 0x23, 0x1d, 0x91, 0xcf, 0x00, 0x92, 0xe2, 0x23, 0x3e, 0xe2, 0x23,
    0x46, 0xa4, 0x38, 0x51, 0x9d, 0xfb, 0x88, 0x8f, 0xf8, 0x88, 0x01, 0x29, 0x40, 0x33, 0xf4, 0x3e, 0xe2, 0x23, 0x3e,
    0x62, 0x3f, 0x89, 0x74, 0x44, 0x3e, 0xe2, 0x23, 0x3e, 0x72, 0x04, 0x0f, 0x52, 0xf8, 0xd3, 0x41, 0x34, 0x3e, 0xe2,
    0x23, 0x75, 0xed, 0x23, 0xf6, 0xb6, 0x48, 0xc7, 0xe2, 0x23, 0x3e, 0xe2, 0x23, 0x75, 0x6e, 0x3b, 0xcb, 0xea, 0xd3,
    0x38, 0xed, 0x23, 0x3e, 0xe2, 0x23, 0x16, 0xb7, 0x48, 0x47, 0xe4, 0x23, 0x3e, 0xe2, 0x23, 0xf5, 0x6e, 0x36, 0x8a,
    0xe0, 0x34, 0x95, 0x8f, 0xf8, 0x88, 0x8f, 0x18, 0x55, 0xb3, 0xfa, 0x34, 0x4e, 0xfb, 0x88, 0x8f, 0xd4, 0xb7, 0x8f,
    0x18, 0xd8, 0xb2, 0xfa, 0xb5, 0x8f, 0xf8, 0x88, 0x9d, 0xfb, 0x88, 0x85, 0x35, 0x12, 0x15, 0xd4, 0xba, 0x8f, 0xf8,
    0x88, 0xad, 0xfb, 0x88, 0xe5, 0x2d, 0xab, 0x5f, 0xfb, 0x88, 0x8f, 0xf8, 0x88, 0x9d, 0x9b, 0x9a, 0x32, 0x20, 0x95,
    0x8f, 0xf8, 0x88, 0x8f, 0xf4, 0x56, 0x18, 0xf0, 0x88, 0x3e, 0x8d, 0xd7, 0x3e, 0xe2, 0x23, 0xb5, 0xed, 0x23, 0xb7,
    0x6e, 0x62, 0x90, 0xc0, 0x3c, 0xbb, 0xdf, 0x38, 0x93, 0x8f, 0xf8, 0x88, 0xbd, 0xfb, 0x88, 0x19, 0x06, 0x3c, 0xab,
    0x4f, 0xe3, 0xb4, 0x8f, 0xf8, 0x48, 0x7d, 0xfb, 0xc8, 0xbd, 0x1b, 0x62, 0x40, 0x23, 0x1d, 0x8b, 0x8f, 0xf8, 0x48,
    0x9d, 0xfb, 0xc8, 0xdd, 0x5b, 0x65, 0x40, 0xa3, 0xfa, 0xb6, 0x8f, 0xf8, 0x88, 0xdd, 0xfb, 0x48, 0x7e, 0x1b, 0x65,
    0x80, 0x24, 0x30, 0xcf, 0xee, 0x37, 0xce, 0xe4, 0x23, 0x3e, 0x62, 0xef, 0x3e, 0x92, 0xd7, 0x07, 0x50, 0x10, 0xcd,
    0x14, 0x61, 0x96, 0x18, 0x20, 0x49, 0x47, 0xe4, 0x33, 0x80, 0xa4, 0xf8, 0x88, 0x8f, 0xd4, 0xba, 0x8f, 0xe0, 0xb4,
    0x25, 0x39, 0x02, 0xf3, 0xec, 0x7e, 0xe3, 0x4c, 0x3e, 0xe2, 0x23, 0x3e, 0x62, 0x28, 0x41, 0x67, 0x6e, 0x8d, 0xea,
    0xd3, 0x77, 0xef, 0x23, 0x3e, 0xe2, 0x23, 0x35, 0x6e, 0x92, 0x01, 0xcd, 0xea, 0xd7, 0x3e, 0xe2, 0x23, 0x76, 0xee,
    0x23, 0x78, 0x6f, 0x27, 0xc1, 0x69, 0x6b, 0x8d, 0xe0, 0x34, 0xd5, 0xed, 0x23, 0x3e, 0xe2, 0x23, 0x35, 0x6d, 0x8d,
    0x01, 0x93, 0xc0, 0x3c, 0x35, 0xed, 0x37, 0xce, 0xe4, 0x23, 0x3e, 0x62, 0xd3, 0x3e, 0x82, 0xe3, 0x96, 0xb3, 0x08,
    0x4e, 0x53, 0xdd, 0x3e, 0xe2, 0x23, 0x3e, 0x72, 0x07, 0x0f, 0x52, 0xf8, 0xd3, 0x41, 0x34, 0x3e, 0xe2, 0x23, 0x3e,
    0x52, 0xd7, 0x36, 0xd5, 0x88, 0x3e, 0x8d, 0xd7, 0x3e, 0xe2, 0x23, 0xb5, 0xed, 0x23, 0xc6, 0xd6, 0x88, 0x3e, 0x8d,
    0xd7, 0x3e, 0xe2, 0x23, 0x3e, 0x52, 0xdb, 0x46, 0x18, 0xf0, 0x08, 0x4e, 0x53, 0xdd, 0x3e, 0xe2, 0x23, 0x35, 0xed,
    0x23, 0x37, 0x6e, 0x58, 0x8b, 0x74, 0x44, 0x3e, 0xe2, 0x23, 0xf5, 0xee, 0x23, 0x96, 0xc5, 0x00, 0xcd, 0xd0, 0xfb,
    0x88, 0x8f, 0xd4, 0xbc, 0x8f, 0x98, 0xd7, 0xa2, 0xfa, 0xb5, 0x8f, 0xf8, 0x88, 0x7d, 0xfb, 0x88, 0x39, 0x06, 0x3c,
    0xd2, 0xb1, 0xd4, 0xb8, 0x8f, 0xf8, 0x88, 0x5d, 0xfb, 0x08, 0x9e, 0x5b, 0x1a, 0x23, 0x38, 0x4d, 0x65, 0xfb, 0x88,
    0x8f, 0xf8, 0x08, 0x7f, 0x09, 0xdb, 0xff, 0x3f, 0x11, 0x21, 0x38, 0xcc, 0x83, 0x2c, 0xc4, 0xf0, 0x53, 0x03, 0x52,
    0xf9, 0xc4, 0x85, 0x4c, 0x3e, 0x72, 0xd3, 0xc7, 0xa0, 0xfd, 0xff, 0x13, 0x11, 0x82, 0xc3, 0x3c, 0xc8, 0x42, 0x0c,
    0x3f, 0x35, 0x20, 0x95, 0xed, 0x13, 0x17, 0x32, 0xe5, 0xb8, 0x19, 0x25, 0x12, 0x15, 0xf8, 0x88, 0x8f, 0xf8, 0x88,
    0x71, 0x35, 0xd2, 0xb1, 0xd4, 0xb8, 0x8f, 0xf8, 0x88, 0x5d, 0xfb, 0x88, 0xd5, 0x35, 0xd2, 0xb1, 0xd4, 0xb8, 0x8f,
    0xf8, 0x88, 0x8f, 0xd8, 0xb5, 0x31, 0x06, 0x30, 0x4e, 0xe4, 0x23, 0x3e, 0x52, 0xf7, 0x3e, 0x82, 0xdf, 0x16, 0xa5,
    0x0c, 0x48, 0xe5, 0x23, 0x3e, 0xd2, 0xfb, 0x88, 0x41, 0x31, 0x82, 0xd3, 0x54, 0xb6, 0x8f, 0xf8, 0x08, 0xef, 0x23,
    0x36, 0x18, 0xc0, 0x0c, 0x48, 0xe5, 0x23, 0x3e, 0xd2, 0xfb, 0xc8, 0x7d, 0x9b, 0x60, 0x80, 0x23, 0x38, 0x4d, 0x65,
    0xfb, 0x88, 0x8f, 0xf0, 0x3e, 0x72, 0xdb, 0xd6, 0x93, 0x48, 0xc7, 0xe2, 0x23, 0x3e, 0xe2, 0x23, 0x76, 0xb3, 0x08,
    0x4e, 0x53, 0xd9, 0x3e, 0xe2, 0x23, 0x3e, 0x62, 0x5a, 0x8a, 0x13, 0xf9, 0x88, 0x8f, 0xd4, 0xbd, 0x8f, 0x5c, 0x40,
    0x83, 0x14, 0xfe, 0x74, 0x10, 0x8d, 0x8f, 0xf8, 0x88, 0x8f, 0xd8, 0xd3, 0x22, 0x38, 0x4d, 0xe5, 0x23, 0x3e, 0xb2,
    0xfb, 0x88, 0x5d, 0x41, 0xd2, 0x11, 0xf9, 0x0c, 0x20, 0x29, 0x3e, 0xe2, 0x23, 0xb5, 0xee, 0x23, 0xa6, 0xb3, 0x88,
    0x3e, 0x8d, 0xd7, 0x3e, 0xe2, 0x23, 0x3e, 0x62, 0x5f, 0x8b, 0x44, 0x05, 0x3e, 0xe2, 0x23, 0x36, 0xee, 0x23, 0x06,
    0x07, 0x49, 0x47, 0xe4, 0x33, 0x80, 0xa4, 0xf8, 0x88, 0x8f, 0xf8, 0x48, 0xad, 0xdb, 0xd0, 0x22, 0x1d, 0x4b, 0x8d,
    0xfb, 0x88, 0x8f, 0xf8, 0xc8, 0x29, 0x44, 0x48, 0xe1, 0x4f, 0x07, 0xd1, 0xf8, 0x88, 0x8f, 0xd4, 0xb5, 0x8f, 0xdc,
    0xf9, 0x19, 0x60, 0xff, 0xff, 0x44, 0x84, 0xe0, 0x30, 0x0f, 0xb2, 0x10, 0xc3, 0x4f, 0x0d, 0x48, 0x65, 0xfb, 0xc4,
    0x85, 0x4c, 0xb6, 0x07, 0x09, 0xcc, 0xb3, 0xfb, 0x8d, 0x33, 0xf9, 0x88, 0x8f, 0xf8, 0x88, 0xbd, 0xdb, 0x64, 0xc0,
    0x23, 0x51, 0x41, 0xad, 0xfb, 0x88, 0x8f, 0xd8, 0xba, 0x8f, 0xe4, 0xb4, 0x6d, 0x45, 0x02, 0xf3, 0xd4, 0xb4, 0xdf,
    0x38, 0x93, 0x8f, 0xf8, 0x88, 0x4d, 0xfb, 0xc8, 0x0d, 0x64, 0xff, 0xff, 0x44, 0x84, 0xe0, 0x30, 0x0f, 0xb2, 0x10,
    0xc3, 0x4f, 0x0d, 0x48, 0xe5, 0x13, 0x17, 0x32, 0xf9, 0x88, 0xd9, 0x31, 0x4e, 0x54, 0xe7, 0x3e, 0xe2, 0x23, 0x3e,
    0x62, 0xdb, 0x86, 0xb6, 0x08, 0x4e, 0x53, 0xf9, 0x88, 0x8f, 0xf8, 0xc8, 0x6e, 0x48, 0x8b, 0x44, 0x05, 0xb5, 0xee,
    0x23, 0x3e, 0xe2, 0x23, 0xa6, 0x94, 0xa8, 0xbe, 0xed, 0x23, 0x3e, 0xe2, 0x23, 0xa6, 0x18, 0xd0, 0x48, 0x47, 0xe4,
    0x23, 0x3e, 0x52, 0xef, 0x3e, 0x82, 0xd7, 0xc6, 0xb3, 0xa8, 0x3e, 0x7d, 0xf7, 0x3e, 0xe2, 0x23, 0x3e, 0x62, 0x8b,
    0x01, 0x0e, 0xd0, 0x0c, 0xbd, 0x8f, 0xf8, 0x48, 0xcd, 0xfb, 0x08, 0x6e, 0x5b, 0x64, 0x40, 0x23, 0x51, 0x81, 0x8f,
    0xf8, 0x88, 0x8d, 0xfb, 0x08, 0xce, 0x5f, 0x81, 0x64, 0x1d, 0xc8, 0x42, 0xf8, 0x81, 0x33, 0x60, 0x3e, 0xe2, 0x23,
    0x36, 0xef, 0x23, 0x56, 0xd5, 0xa8, 0x3e, 0x7d, 0xf7, 0x3e, 0xe2, 0x23, 0x35, 0xee, 0x23, 0x16, 0x84, 0x38, 0x91,
    0x8f, 0xf8, 0x88, 0x8f, 0x18, 0x64, 0x40, 0xa3, 0xfa, 0xb5, 0x8f, 0xf8, 0x88, 0x7d, 0xfb, 0x08, 0xbe, 0xdf, 0x02,
    0x65, 0x1d, 0xc8, 0x42, 0xf8, 0x81, 0x33, 0x60, 0x3e, 0xe2, 0x23, 0x36, 0xef, 0x23, 0xb9, 0x6d, 0x52, 0x8d, 0xe0,
    0x34, 0xd5, 0xed, 0x23, 0x3e, 0x52, 0xd3, 0x3e, 0x62, 0x73, 0x8a, 0x13, 0xf9, 0x88, 0x8f, 0xf8, 0x48, 0xdd, 0xdb,
    0x61, 0xc0, 0xa3, 0xfa, 0xf4, 0xdd, 0xfb, 0x88, 0x8f, 0xd4, 0xb8, 0x8f, 0xdc, 0xbc, 0x59, 0x2d, 0xd2, 0xb1, 0xf8,
    0x88, 0x8f, 0xd4, 0xb9, 0x8f, 0x18, 0xde, 0x22, 0x51, 0x81, 0x8f, 0xf8, 0x88, 0x8f, 0xd8, 0xb8, 0x05, 0x06, 0x34,
    0x82, 0xd3, 0x54, 0x3e, 0xe2, 0x23, 0xbb, 0x8f, 0xdc, 0xf5, 0x09, 0x40, 0xd6, 0x81, 0x2c, 0x84, 0x1f, 0x38, 0x03,
    0xe6, 0x23, 0x3e, 0xe2, 0x23, 0x26, 0xc7, 0x00, 0xcd, 0xd0, 0xfb, 0x88, 0x8f, 0xf8, 0x48, 0xcd, 0x5b, 0x5b, 0xb3,
    0xfa, 0x34, 0x4e, 0xfb, 0x88, 0x8f, 0xf8, 0x48, 0x7d, 0x9b, 0x5e, 0x23, 0x51, 0x41, 0xad, 0xfb, 0x88, 0x8f, 0xf8,
    0x88, 0xad, 0xdb, 0xdd, 0xa2, 0xfa, 0xb5, 0x8f, 0xf8, 0x88, 0x8f, 0xd8, 0xb7, 0x8d, 0x2d, 0xaa, 0x6f, 0xfb, 0x88,
    0x8f, 0xd8, 0xbd, 0x8f, 0x18, 0xdf, 0xa2, 0xfa, 0xb6, 0x8f, 0xf8, 0x88, 0x8f, 0xd8, 0xbd, 0x3d, 0x06, 0x38, 0x4e,
    0x54, 0xe7, 0x3e, 0xe2, 0x23, 0xb6, 0xed, 0x23, 0xb8, 0x6e, 0x74, 0x91, 0xc0, 0x3c, 0x35, 0xed, 0x37, 0xce, 0xe4,
    0x23, 0x3e, 0xe2, 0x23, 0x36, 0x6d, 0x38, 0xc9, 0x80, 0x54, 0x3e, 0xe2, 0x23, 0x3e, 0x62, 0x5d, 0x8c, 0x13, 0xd5,
    0xb9, 0x8f, 0xf8, 0x88, 0x6d, 0xfb, 0x88, 0x15, 0x25, 0xaa, 0x5f, 0xfb, 0x88, 0x8f, 0xf8, 0x88, 0x1d, 0x25, 0xab,
    0x5f, 0xfb, 0x88, 0x8f, 0xf8, 0x08, 0x00, 0x01, 0x31, 0x00, 0x00, 0x05, 0x00, 0x00, 0x00, 0x5b, 0x06, 0x4d, 0x3a,
    0xb6, 0x0c, 0x76, 0x20, 0x1d, 0x5b, 0x06, 0x59, 0x90, 0x8e, 0x2d, 0x83, 0x3b, 0x48, 0x07, 0x00, 0x00, 0x00, 0x00,
    0x00, 0x61, 0x20, 0x00, 0x00, 0xe2, 0x03, 0x00, 0x00, 0x13, 0x04, 0x59, 0x2c, 0x10, 0x00, 0x00, 0x00, 0x0c, 0x00,
    0x00, 0x00, 0x94, 0x8c, 0x00, 0x14, 0x20, 0x20, 0x20, 0x20, 0x08, 0x09, 0xe5, 0x47, 0x49, 0x09, 0x90, 0x50, 0x03,
    0x94, 0x14, 0x41, 0x19, 0x14, 0x42, 0x29, 0x14, 0x43, 0x39, 0x50, 0x34, 0x03, 0x40, 0xe4, 0x58, 0x04, 0x10, 0x08,
    0x03, 0x95, 0x63, 0x21, 0x40, 0x20, 0x0c, 0x44, 0x61, 0x1c, 0x00, 0x00, 0x63, 0x08, 0x90, 0x33, 0x86, 0x00, 0x3d,
    0x17, 0x08, 0x3b, 0xdc, 0x10, 0x40, 0x64, 0x30, 0xcb, 0x10, 0x08, 0x41, 0x12, 0x02, 0x24, 0x21, 0xc0, 0x09, 0xc1,
    0x64, 0x90, 0xc4, 0x2c, 0xc1, 0x30, 0x50, 0x21, 0x74, 0x02, 0x1a, 0x00, 0x03, 0x15, 0x49, 0x26, 0xb8, 0x01, 0x30,
    0x50, 0x91, 0x4c, 0x02, 0x1c, 0x00, 0x27, 0x58, 0x97, 0x44, 0x12, 0xd7, 0x04, 0x78, 0x41, 0xa6, 0x17, 0x10, 0x3b,
    0xdc, 0x10, 0x3c, 0x64, 0x70, 0x5c, 0x71, 0xd3, 0x0d, 0x60, 0x10, 0x08, 0x17, 0x24, 0x3b, 0xdd, 0x20, 0x06, 0x13,
    0x71, 0x46, 0x10, 0xe8, 0x80, 0x01, 0x08, 0x0c, 0x37, 0x3c, 0x6a, 0x00, 0x06, 0xb3, 0x0c, 0x83, 0x10, 0x0c, 0x54,
    0x24, 0x62, 0x10, 0x28, 0xc2, 0x18, 0x42, 0x1a, 0x90, 0xc1, 0x18, 0x42, 0x1a, 0x94, 0xc1, 0x05, 0xc2, 0x0e, 0x37,
    0x04, 0x69, 0x40, 0x06, 0xb3, 0x0c, 0x44, 0x11, 0x24, 0x21, 0x40, 0x12, 0x02, 0x9c, 0x10, 0x4c, 0x06, 0x49, 0xcc,
    0x12, 0x18, 0x03, 0x15, 0x42, 0x57, 0xe8, 0xc2, 0x30, 0x50, 0x91, 0x64, 0x05, 0x38, 0x0c, 0x03, 0x15, 0xc9, 0x54,
    0x88, 0xc3, 0x70, 0xc2, 0x1b, 0x5c, 0x12, 0x49, 0x5c, 0x13, 0xe0, 0x05, 0x72, 0xa0, 0x17, 0x10, 0x3b, 0xdc, 0x10,
    0x3c, 0x64, 0x70, 0x75, 0x50, 0xdc, 0x74, 0x43, 0x1e, 0x04, 0xc2, 0x05, 0xc9, 0x4e, 0x37, 0xec, 0xc1, 0x44, 0x9c,
    0x11, 0x04, 0x3a, 0x79, 0x00, 0x02, 0xc3, 0x0d, 0xcf, 0x28, 0x80, 0xc1, 0x2c, 0x83, 0x51, 0x04, 0x03, 0x15, 0x89,
    0x18, 0x10, 0x4a, 0x31, 0x86, 0x20, 0x0a, 0x7b, 0x30, 0x86, 0x20, 0x0a, 0x7c, 0x70, 0x81, 0xb0, 0xc3, 0x0d, 0x81,
    0x28, 0x90, 0xc1, 0x2c, 0xc3, 0x81, 0x04, 0x49, 0x08, 0x90, 0x84, 0x00, 0x27, 0x04, 0x93, 0x41, 0x12, 0xb3, 0x04,
    0xc9, 0x40, 0x85, 0xd0, 0x21, 0x2c, 0x61, 0x0c, 0x54, 0x24, 0x19, 0x22, 0x13, 0xc6, 0x40, 0x45, 0x32, 0x21, 0x34,
    0x61, 0x9c, 0x80, 0x0a, 0x97, 0x44, 0x12, 0xd7, 0x04, 0x78, 0xc1, 0x2a, 0xe8, 0x05, 0xc4, 0x0e, 0x37, 0x04, 0x0f,
    0x19, 0x9c, 0x2b, 0x14, 0x37, 0xdd, 0x20, 0x0b, 0x81, 0x70, 0x41, 0xb2, 0xd3, 0x0d, 0xb4, 0x30, 0x11, 0x67, 0x04,
    0x81, 0x8e, 0x2c, 0x80, 0xc0, 0x70, 0xc3, 0xc3, 0x0b, 0x60, 0x30, 0xcb, 0x90, 0x20, 0xc1, 0x40, 0x45, 0x22, 0x06,
    0x87, 0x82, 0x8c, 0x21, 0xec, 0xc2, 0x2c, 0x8c, 0x21, 0xec, 0x02, 0x2d, 0x5c, 0x20, 0xec, 0x70, 0x43, 0xb0, 0x0b,
    0x64, 0x30, 0xcb, 0xa0, 0x2c, 0x41, 0x12, 0x02, 0x24, 0x21, 0xc0, 0x09, 0xc1, 0x64, 0x90, 0xc4, 0x2c, 0x01, 0x33,
    0x50, 0x21, 0x74, 0x8b, 0x5f, 0x24, 0x03, 0x15, 0x49, 0xb6, 0x90, 0x46, 0x32, 0x50, 0x91, 0x4c, 0x8b, 0x69, 0x24,
    0x27, 0x84, 0xc3, 0x25, 0x91, 0xc4, 0x35, 0x01, 0x5e, 0x40, 0x0e, 0x7a, 0x01, 0xb1, 0xc3, 0x0d, 0xc1, 0x43, 0x06,
    0x77, 0x0e, 0xc5, 0x4d, 0x37, 0xac, 0x43, 0x20, 0x5c, 0x90, 0xec, 0x74, 0x43, 0x3b, 0x4c, 0xc4, 0x19, 0x41, 0xa0,
    0xb3, 0x0e, 0x20, 0x30, 0xdc, 0xf0, 0xd4, 0x03, 0x18, 0xcc, 0x32, 0x30, 0x4b, 0x30, 0x50, 0x91, 0x88, 0x81, 0xa2,
    0x2c, 0x63, 0x08, 0xf4, 0xb0, 0x0e, 0x63, 0x08, 0xf4, 0xc0, 0x0e, 0x17, 0x08, 0x3b, 0xdc, 0x10, 0xd0, 0x03, 0x19,
    0xcc, 0x32, 0x34, 0x4e, 0x90, 0x84, 0x00, 0x49, 0x08, 0x70, 0x42, 0x30, 0x19, 0x24, 0x31, 0x4b, 0xf0, 0x0c, 0x54,
    0x08, 0x9d, 0x03, 0x1f, 0xcc, 0x40, 0x45, 0x92, 0x39, 0xf6, 0xc1, 0x0c, 0x54, 0x24, 0x93, 0x83, 0x1f, 0xcc, 0x09,
    0xfa, 0x70, 0x49, 0x24, 0x71, 0x4d, 0x80, 0x17, 0xf4, 0x83, 0x5e, 0x40, 0xec, 0x70, 0x43, 0xf0, 0x90, 0xc1, 0x81,
    0x44, 0x71, 0xd3, 0x0d, 0x24, 0x11, 0x08, 0x17, 0x24, 0x3b, 0xdd, 0x60, 0x12, 0x13, 0x71, 0x46, 0x10, 0xe8, 0x90,
    0x04, 0x08, 0x0c, 0x37, 0x3c, 0x2e, 0x01, 0x06, 0xb3, 0x0c, 0x8f, 0x13, 0x0c, 0x54, 0x24, 0x62, 0xd0, 0x28, 0xce,
    0x18, 0x42, 0x4b, 0x8c, 0xc4, 0x18, 0x42, 0x4b, 0x90, 0xc4, 0x05, 0xc2, 0x0e, 0x37, 0x04, 0x2d, 0x41, 0x06, 0xb3,
    0x0c, 0x50, 0x14, 0x24, 0x21, 0x40, 0x12, 0x02, 0x9c, 0x10, 0x4c, 0x06, 0x49, 0xcc, 0x12, 0x48, 0x03, 0x15, 0x42,
    0x17, 0x89, 0xc9, 0x33, 0x50, 0x91, 0x64, 0x11, 0x9a, 0x3c, 0x03, 0x15, 0xc9, 0x14, 0xa9, 0xc9, 0x73, 0xc2, 0x4c,
    0x5c, 0x12, 0x49, 0x5c, 0x13, 0xe0, 0x05, 0x36, 0xa1, 0x17, 0x10, 0x3b, 0xdc, 0x10, 0x3c, 0x64, 0x70, 0x39, 0x51,
    0xdc, 0x74, 0x43, 0x4f, 0x04, 0xc2, 0x05, 0xc9, 0x4e, 0x37, 0xfc, 0xc4, 0x44, 0x9c, 0x11, 0x04, 0x3a, 0x3d, 0x01,
    0x02, 0xc3, 0x0d, 0xcf, 0x59, 0x80, 0xc1, 0x2c, 0x83, 0x14, 0x05, 0x03, 0x15, 0x89, 0x18, 0x40, 0x4a, 0x34, 0x86,
    0x60, 0x16, 0x3b, 0x31, 0x86, 0x60, 0x16, 0x3c, 0x71, 0x81, 0xb0, 0xc3, 0x0d, 0x81, 0x59, 0x90, 0xc1, 0x2c, 0xc3,
    0x44, 0x05, 0x49, 0x08, 0x90, 0x84, 0x00, 0x27, 0x04, 0x93, 0x41, 0x12, 0xb3, 0x04, 0xd5, 0x40, 0x85, 0xd0, 0x51,
    0xb4, 0x22, 0x0d, 0x54, 0x24, 0x19, 0xa5, 0x2b, 0xd2, 0x40, 0x45, 0x32, 0x51, 0xbc, 0x22, 0x9d, 0xc0, 0x16, 0x97,
    0x44, 0x12, 0xd7, 0x04, 0x78, 0xc1, 0x5b, 0xe8, 0x05, 0xc4, 0x0e, 0x37, 0x04, 0x0f, 0x19, 0x9c, 0x5c, 0x14, 0x37,
    0xdd, 0x60, 0x17, 0x81, 0x70, 0x41, 0xb2, 0xd3, 0x0d, 0x78, 0x31, 0x11, 0x67, 0x04, 0x81, 0x8e, 0x5d, 0x80, 0xc0,
    0x70, 0xc3, 0x03, 0x1a, 0x60, 0x30, 0xcb, 0x50, 0x51, 0xc1, 0x40, 0x45, 0x22, 0x06, 0x93, 0x42, 0x8d, 0x21, 0xfc,
    0xc5, 0x5c, 0x8c, 0x21, 0xfc, 0x05, 0x5d, 0x5c, 0x20, 0xec, 0x70, 0x43, 0xf0, 0x17, 0x64, 0x30, 0xcb, 0x60, 0x5d,
    0x41, 0x12, 0x02, 0x24, 0x21, 0xc0, 0x09, 0xc1, 0x64, 0x90, 0xc4, 0x2c, 0x01, 0x36, 0x50, 0x21, 0x74, 0x97, 0xc9,
    0x54, 0x03, 0x15, 0x49, 0x76, 0xb1, 0x4c, 0x35, 0x50, 0x91, 0x4c, 0x97, 0xcb, 0x54, 0x27, 0x94, 0xc6, 0x25, 0x91,
    0xc4, 0x35, 0x01, 0x5e, 0x80, 0x1a, 0x7a, 0x01, 0xb1, 0xc3, 0x0d, 0xc1, 0x43, 0x06, 0xb7, 0x1a, 0xc5, 0x4d, 0x37,
    0xbc, 0x46, 0x20, 0x5c, 0x90, 0xec, 0x74, 0x43, 0x6c, 0x4c, 0xc4, 0x19, 0x41, 0xa0, 0xf3, 0x1a, 0x20, 0x30, 0xdc,
    0xf0, 0xe4, 0x06, 0x18, 0xcc, 0x32, 0x60, 0x57, 0x30, 0x50, 0x91, 0x88, 0x81, 0xa5, 0x5c, 0x73, 0x0c, 0xab, 0x01,
    0x17, 0xb6, 0x31, 0xc7, 0x10, 0xe0, 0x04, 0x6d, 0xcc, 0x31, 0xb4, 0x06, 0x48, 0xe0, 0xc6, 0x1c, 0x43, 0x80, 0x0e,
    0xb6, 0x31, 0xc8, 0x30, 0x04, 0xae, 0x31, 0xc7, 0x00, 0x1b, 0xb1, 0xb0, 0x1b, 0x73, 0x0c, 0x41, 0x1e, 0xe4, 0xc6,
    0x1c, 0x83, 0x6c, 0x84, 0x41, 0x6f, 0xcc, 0x31, 0x04, 0xc9, 0x6e, 0x0c, 0x32, 0x0c, 0xc1, 0x6c, 0x0c, 0x32, 0x18,
    0xc1, 0x6c, 0x6c, 0x10, 0x0e, 0x04, 0x00, 0xd4, 0x02, 0x00, 0x00, 0x76, 0x1d, 0x10, 0xa9, 0x3e, 0x7d, 0xf7, 0x3e,
    0xe2, 0x23, 0x3e, 0x52, 0xe3, 0x3e, 0xa2, 0xdb, 0xf6, 0x1d, 0x00, 0x39, 0x51, 0x9d, 0xfb, 0x88, 0x8f, 0xf8, 0x88,
    0x6d, 0xfb, 0xc8, 0x4e, 0x5b, 0x50, 0xa3, 0xfa, 0xf4, 0xdd, 0xfb, 0x88, 0x8f, 0xf8, 0x88, 0x8f, 0x18, 0x72, 0xc0,
    0x23, 0x51, 0x81, 0x8f, 0xf8, 0x88, 0x8d, 0xfb, 0x88, 0x8f, 0xe0, 0xbc, 0x41, 0x06, 0x40, 0x40, 0x33, 0xf4, 0x3e,
    0xe2, 0x23, 0x35, 0xef, 0x23, 0xb8, 0xed, 0x23, 0x56, 0xe5, 0x08, 0x4e, 0x53, 0xd9, 0x3e, 0xe2, 0x23, 0xbc, 0x8f,
    0xf8, 0x88, 0x6d, 0x07, 0x40, 0x40, 0x33, 0xf4, 0x3e, 0xe2, 0x23, 0x3e, 0x52, 0xf3, 0x3e, 0xa2, 0xeb, 0xe6, 0x1e,
    0x30, 0x89, 0x3e, 0x8d, 0xd7, 0x3e, 0xe2, 0x23, 0xb5, 0xed, 0x23, 0xb7, 0xee, 0x23, 0x3c, 0x6e, 0x3e, 0x8d, 0xe0,
    0x34, 0xd5, 0xed, 0x23, 0x3e, 0xe2, 0x23, 0x3e, 0x62, 0xc4, 0x01, 0x95, 0xc0, 0x3c, 0x35, 0xed, 0x37, 0xce, 0xe4,
    0x23, 0x3e, 0x62, 0xd3, 0x3e, 0xe2, 0x23, 0x38, 0x6e, 0x78, 0x8c, 0x13, 0xf9, 0x88, 0x8f, 0xf8, 0x48, 0xdd, 0xfb,
    0xc8, 0x05, 0x3c, 0x48, 0xe1, 0x4f, 0x07, 0xd1, 0xf8, 0x88, 0x8f, 0xf8, 0x88, 0x8f, 0x1c, 0x41, 0x84, 0x14, 0xfe,
    0x74, 0x10, 0x8d, 0x8f, 0xf8, 0x48, 0x5d, 0xfb, 0x88, 0x8f, 0xd8, 0x7b, 0xc0, 0xb4, 0xfa, 0x34, 0x4e, 0xfb, 0x88,
    0x8f, 0xd4, 0xb7, 0x8f, 0xdc, 0xbb, 0x8f, 0xf0, 0xb9, 0x91, 0x35, 0x12, 0x15, 0xf8, 0x88, 0x8f, 0xd8, 0xb8, 0x8f,
    0xf8, 0x88, 0x31, 0x06, 0x44, 0xaa, 0x4f, 0xdf, 0xbd, 0x8f, 0xf8, 0x48, 0x8d, 0xfb, 0xc8, 0xcd, 0xfb, 0x88, 0xa5,
    0x06, 0x38, 0x40, 0x33, 0xf4, 0x3e, 0xe2, 0x23, 0x3e, 0xe2, 0x23, 0x35, 0x6f, 0x3b, 0x8c, 0xe0, 0x34, 0x95, 0x8f,
    0xf8, 0x88, 0x8f, 0xf8, 0x88, 0x91, 0x06, 0x3c, 0xab, 0x4f, 0xe3, 0xb4, 0x8f, 0xf8, 0x88, 0x8f, 0xf8, 0x48, 0x7d,
    0x9b, 0x6b, 0x40, 0xa3, 0xfa, 0xb5, 0x8f, 0xf8, 0x88, 0x8f, 0xf8, 0x88, 0x7d, 0xdb, 0x6a, 0xc0, 0x24, 0x30, 0x4f,
    0x4d, 0xfb, 0x8d, 0x33, 0xf9, 0x88, 0x8f, 0xf8, 0x88, 0x8f, 0xd8, 0xb4, 0xf5, 0x2c, 0x03, 0x52, 0xf9, 0x88, 0x8f,
    0xf8, 0x88, 0x8f, 0x9c, 0x04, 0xf7, 0xff, 0x4f, 0x44, 0x08, 0x0e, 0xf3, 0x20, 0x0b, 0x31, 0xfc, 0xd4, 0x80, 0x54,
    0xb6, 0x4f, 0x5c, 0xc8, 0xe4, 0x23, 0x39, 0x6e, 0x28, 0x41, 0x67, 0x62, 0x8e, 0x13, 0xd5, 0xb9, 0x8f, 0xf8, 0x88,
    0x6d, 0xfb, 0x88, 0x8f, 0xd8, 0x49, 0x70, 0x9a, 0x63, 0x00, 0x25, 0x1d, 0x91, 0xcf, 0x00, 0x92, 0xe2, 0x23, 0x3e,
    0x52, 0xeb, 0x3e, 0x82, 0xd3, 0x3e, 0x62, 0xd8, 0x01, 0x8f, 0x74, 0x2c, 0x3e, 0xe2, 0x23, 0x3e, 0x52, 0xe7, 0x3e,
    0xa2, 0xdf, 0x16, 0x1c, 0xf0, 0x48, 0x47, 0xe4, 0x23, 0x3e, 0x52, 0xef, 0x3e, 0xe2, 0x23, 0x78, 0x6d, 0xc2, 0x01,
    0x10, 0xd0, 0x0c, 0xbd, 0x8f, 0xf8, 0x48, 0xcd, 0xfb, 0x88, 0x8f, 0xe0, 0xb6, 0x85, 0x06, 0x30, 0x03, 0x52, 0xf9,
    0x88, 0x8f, 0xf8, 0x88, 0x8f, 0xf4, 0x87, 0x40, 0x59, 0x07, 0xb2, 0x10, 0x7e, 0xe0, 0x0c, 0x98, 0x8f, 0xf8, 0x88,
    0x8f, 0xd8, 0xbc, 0x8f, 0x58, 0x69, 0xc0, 0xa3, 0xfa, 0xf4, 0xdd, 0xfb, 0x88, 0x8f, 0xf8, 0x88, 0x8f, 0xd4, 0xb8,
    0x1d, 0x07, 0x3c, 0xaa, 0x5f, 0xfb, 0x88, 0x8f, 0xd8, 0xb7, 0x8f, 0xf8, 0x08, 0xbe, 0x9b, 0x76, 0xc0, 0x23, 0x1d,
    0x91, 0x8f, 0xf8, 0x88, 0x8f, 0xd4, 0xbb, 0x8f, 0xe8, 0xb9, 0x0d, 0x41, 0xd2, 0x11, 0xf9, 0x0c, 0x20, 0x29, 0x3e,
    0xe2, 0x23, 0x3e, 0xe2, 0x23, 0x96, 0xc4, 0x38, 0x51, 0x9d, 0xfb, 0x88, 0x8f, 0xf8, 0x88, 0x8f, 0x18, 0xdc, 0x23,
    0x38, 0x4d, 0x75, 0xfb, 0x88, 0x8f, 0xf8, 0x48, 0x4d, 0xfb, 0x88, 0x49, 0x06, 0x54, 0x02, 0xf3, 0xd4, 0xb4, 0xdf,
    0x38, 0x93, 0x8f, 0xf8, 0x88, 0x4d, 0xfb, 0x08, 0x8e, 0xfb, 0xc8, 0x51, 0x58, 0xd6, 0x81, 0x2c, 0x84, 0x1f, 0x38,
    0x03, 0xe6, 0x23, 0x3e, 0xe2, 0x23, 0x36, 0xef, 0x23, 0xbb, 0x6e, 0x54, 0x8d, 0xe0, 0x34, 0x95, 0x8f, 0xf8, 0xc8,
    0xee, 0x23, 0x3e, 0x62, 0x7d, 0x8d, 0x44, 0x05, 0x3e, 0xe2, 0x23, 0x3e, 0x62, 0xe3, 0x3e, 0x72, 0x17, 0x99, 0x75,
    0x20, 0x0b, 0xe1, 0x07, 0xce, 0x80, 0xf9, 0x88, 0x8f, 0xd8, 0xbc, 0x8f, 0xe4, 0xb6, 0x8f, 0xd4, 0x34, 0x6d, 0xb1,
    0x01, 0x8f, 0x44, 0x05, 0xb5, 0xee, 0x23, 0x3e, 0xe2, 0x23, 0x3e, 0x62, 0xeb, 0x16, 0x18, 0xd0, 0xa8, 0xbe, 0xed,
    0x23, 0x3e, 0xe2, 0x23, 0x76, 0xef, 0x23, 0x26, 0x1b, 0x20, 0x09, 0xcc, 0xb3, 0xfb, 0x8d, 0x33, 0xf9, 0x88, 0x8f,
    0xf8, 0x88, 0x8f, 0xd8, 0xbb, 0xf5, 0x06, 0x44, 0xab, 0x4f, 0xe3, 0xb4, 0x8f, 0xf8, 0x48, 0x7d, 0xfb, 0x88, 0x8f,
    0xdc, 0xbb, 0x31, 0x07, 0x3c, 0xaa, 0x6f, 0xfb, 0x88, 0x8f, 0xd8, 0xbd, 0x8f, 0xf8, 0x48, 0x7e, 0xdb, 0x7d, 0xc0,
    0x24, 0x1d, 0x4b, 0x8d, 0xfb, 0x88, 0x8f, 0xd8, 0xb5, 0x8f, 0xe0, 0xb9, 0x8f, 0xf4, 0xf7, 0x3d, 0x74, 0xff, 0xff,
    0x44, 0x84, 0xe0, 0x30, 0x0f, 0xb2, 0x10, 0xc3, 0x4f, 0x0d, 0x48, 0xe5, 0x13, 0x17, 0x32, 0xf9, 0x88, 0x8f, 0xdc,
    0xb4, 0x2d, 0x2d, 0x12, 0x15, 0xf8, 0x88, 0x8f, 0xf8, 0x88, 0x8f, 0x18, 0x7b, 0x00, 0x34, 0x20, 0x95, 0x8f, 0xf8,
    0x48, 0xef, 0x23, 0xf7, 0xed, 0x23, 0x7c, 0x6d, 0x4a, 0x8b, 0xea, 0xd7, 0x3e, 0xe2, 0x23, 0x3e, 0xe2, 0x23, 0xd6,
    0xd4, 0x48, 0x54, 0x50, 0xeb, 0x3e, 0xe2, 0x23, 0x3e, 0xe2, 0x23, 0x56, 0x1d, 0x10, 0x89, 0x3e, 0x8d, 0xd7, 0x3e,
    0xe2, 0x23, 0x3e, 0x52, 0xdb, 0x3e, 0xa2, 0xd3, 0x56, 0x1f, 0x00, 0x39, 0x91, 0x8f, 0xf8, 0x48, 0xdd, 0xfb, 0x08,
    0x7e, 0xfb, 0x48, 0x5f, 0xdb, 0x51, 0x24, 0x30, 0x4f, 0x4d, 0xfb, 0x8d, 0x33, 0xf9, 0x88, 0x8f, 0xf8, 0x88, 0x8f,
    0xd8, 0x56, 0x23, 0x1d, 0x8b, 0x8f, 0xf8, 0x48, 0x9d, 0xfb, 0x88, 0x8f, 0xd8, 0x67, 0x40, 0x23, 0x38, 0x4d, 0xe5,
    0x23, 0x3e, 0xe2, 0x23, 0x3e, 0xb2, 0x5b, 0xdc, 0x23, 0xfa, 0x34, 0x5e, 0xfb, 0x88, 0x8f, 0xf8, 0x48, 0x6d, 0xfb,
    0x88, 0xbd, 0x06, 0x34, 0x12, 0x15, 0xf8, 0x88, 0x8f, 0xf8, 0x88, 0x8f, 0xd8, 0xb8, 0x19, 0x06, 0x3c, 0x82, 0xd3,
    0x54, 0x3e, 0xe2, 0x23, 0xbb, 0x8f, 0xdc, 0xb5, 0x8f, 0x5c, 0x43, 0x84, 0x14, 0xfe, 0x74, 0x10, 0x8d, 0x8f, 0xf8,
    0x88, 0x8f, 0xf8, 0x48, 0x5d, 0x9f, 0x80, 0x64, 0x1d, 0xc8, 0x42, 0xf8, 0x81, 0x33, 0x60, 0x3e, 0xe2, 0x23, 0x3e,
    0xe2, 0x23, 0x76, 0xe7, 0x00, 0xcd, 0xd0, 0xfb, 0x88, 0x8f, 0xf8, 0x48, 0xcd, 0xfb, 0x88, 0x65, 0x3d, 0xab, 0x4f,
    0xe3, 0xb4, 0x8f, 0xf8, 0x48, 0x7d, 0xfb, 0x88, 0x8f, 0xd8, 0xdf, 0x23, 0x51, 0x41, 0xad, 0xfb, 0x88, 0x8f, 0xf8,
    0x88, 0xad, 0xfb, 0x88, 0x85, 0x07, 0x3c, 0x12, 0x15, 0xf8, 0x88, 0x8f, 0xf8, 0x88, 0x8d, 0xfb, 0xc8, 0x6e, 0x1b,
    0x6a, 0x40, 0x23, 0x1d, 0x91, 0x8f, 0xf8, 0x88, 0x8f, 0xf8, 0x48, 0xbd, 0x1b, 0x66, 0x40, 0x24, 0x51, 0x41, 0xad,
    0xfb, 0x88, 0x8f, 0xd8, 0xba, 0x8f, 0xe4, 0xb4, 0x8f, 0x9c, 0x81, 0xf6, 0xff, 0x4f, 0x44, 0x08, 0x0e, 0xf3, 0x20,
    0x0b, 0x31, 0xfc, 0xd4, 0x80, 0x54, 0xb6, 0x4f, 0x5c, 0xc8, 0xe4, 0x23, 0xe6, 0x1d, 0x10, 0x49, 0xc7, 0x52, 0xe3,
    0x3e, 0xe2, 0x23, 0x3e, 0x62, 0xd7, 0x3e, 0xa2, 0xf7, 0xa6, 0x19, 0xf0, 0xa8, 0xbe, 0xed, 0x23, 0x3e, 0x62, 0xf7,
    0x3e, 0x92, 0xdf, 0x3e, 0x62, 0xd3, 0x01, 0xce, 0x80, 0x54, 0x3e, 0xe2, 0x23, 0x3e, 0xd2, 0xfb, 0x48, 0xbe, 0xdb,
    0x7c, 0x40, 0x24, 0x1d, 0x91, 0x8f, 0xf8, 0x48, 0xbd, 0xfb, 0x08, 0x5e, 0xfb, 0x08, 0xdf, 0x9b, 0xde, 0x23, 0x1d,
    0x4b, 0x8d, 0xfb, 0x88, 0x8f, 0xf8, 0x88, 0x5d, 0xfb, 0x88, 0xf1, 0x07, 0x4c, 0x12, 0x15, 0xd4, 0xba, 0x8f, 0xf8,
    0x88, 0xad, 0xfb, 0x48, 0x4e, 0xfb, 0x48, 0xcf, 0x5b, 0x74, 0xc0, 0x23, 0x38, 0x4d, 0xe5, 0x23, 0x3e, 0xe2, 0x23,
    0xbb, 0x8f, 0xe4, 0xb9, 0xf5, 0x07, 0x58, 0x02, 0xf3, 0xec, 0x7e, 0xe3, 0x4c, 0x3e, 0xe2, 0x23, 0xf6, 0xee, 0x23,
    0x79, 0xed, 0x23, 0x7d, 0x7f, 0x0b, 0x96, 0x75, 0x20, 0x0b, 0xe1, 0x07, 0xce, 0x80, 0xf9, 0x88, 0x8f, 0xd8, 0xbc,
    0x8f, 0xe4, 0xb6, 0x8f, 0x5c, 0x84, 0x65, 0x1d, 0xc8, 0x42, 0xf8, 0x81, 0x33, 0x60, 0x3e, 0xe2, 0x23, 0x36, 0xef,
    0x23, 0x3e, 0x92, 0xdb, 0xc7, 0x80, 0xfd, 0xff, 0x13, 0x11, 0x82, 0xc3, 0x3c, 0xc8, 0x42, 0x0c, 0x3f, 0x35, 0x20,
    0x15, 0xee, 0x13, 0x17, 0x32, 0xd9, 0xd5, 0x23, 0x38, 0x4d, 0x75, 0xfb, 0x88, 0x8f, 0xd4, 0xb4, 0x8f, 0xf8, 0x88,
    0xe9, 0x07, 0x44, 0x12, 0x15, 0xf8, 0x88, 0x8f, 0xd8, 0xb8, 0x8f, 0xe0, 0xbc, 0x8f, 0xf4, 0xba, 0x7d, 0x31, 0x4e,
    0xe4, 0x23, 0x3e, 0x52, 0xf7, 0x3e, 0xe2, 0x23, 0x46, 0xd7, 0x48, 0xc7, 0xe2, 0x23, 0x3e, 0xe2, 0x23, 0x75, 0xee,
    0x23, 0x66, 0xd7, 0x48, 0x47, 0xe4, 0x23, 0x3e, 0xe2, 0x23, 0xf5, 0xee, 0x23, 0x66, 0x1c, 0x00, 0x39, 0x51, 0x9d,
    0xfb, 0x88, 0x8f, 0xd8, 0xb6, 0x8f, 0xf8, 0x08, 0xae, 0x1b, 0x75, 0x40, 0x24, 0x38, 0x4d, 0x75, 0xfb, 0x88, 0x8f,
    0xf8, 0x48, 0x4d, 0xfb, 0x48, 0xce, 0xdb, 0x7e, 0x40, 0xb4, 0xfa, 0xb5, 0x8f, 0xf8, 0x88, 0x9d, 0xfb, 0x08, 0xde,
    0xfb, 0x48, 0xbf, 0x9b, 0xd9, 0x23, 0x51, 0x41, 0xad, 0xfb, 0x88, 0x8f, 0xd8, 0xba, 0x8f, 0xf8, 0x88, 0x35, 0x06,
    0x3c, 0xd2, 0xb1, 0xf8, 0x88, 0x8f, 0xd4, 0xb9, 0x8f, 0xdc, 0xbd, 0x8f, 0xdc, 0xc4, 0x84, 0x14, 0xfe, 0x74, 0x10,
    0x8d, 0x8f, 0xf8, 0x88, 0x8f, 0xd4, 0xb5, 0x8f, 0xe4, 0xbd, 0x01, 0x06, 0x48, 0x02, 0xf3, 0xec, 0x7e, 0xe3, 0x4c,
    0x3e, 0xe2, 0x23, 0x3e, 0x62, 0xef, 0x3e, 0x62, 0x6e, 0x8e, 0xe0, 0x34, 0x95, 0xed, 0x23, 0x3e, 0xe2, 0x23, 0xbc,
    0x8f, 0x58, 0xde, 0x24, 0x30, 0x4f, 0x4d, 0xfb, 0x8d, 0x33, 0xf9, 0x88, 0x8f, 0xf8, 0x88, 0x4d, 0xfb, 0x88, 0x65,
    0x06, 0x50, 0x02, 0xf3, 0xec, 0x7e, 0xe3, 0x4c, 0x3e, 0xe2, 0x23, 0xf6, 0xee, 0x23, 0x79, 0xed, 0x23, 0xb6, 0xe7,
    0x38, 0x51, 0x9d, 0xfb, 0x88, 0x8f, 0xf8, 0x88, 0x6d, 0xfb, 0x88, 0x49, 0x07, 0x40, 0x82, 0xd3, 0x54, 0xb6, 0x8f,
    0xf8, 0x88, 0x8f, 0xf0, 0x3e, 0x92, 0xeb, 0xb6, 0x1e, 0x20, 0x09, 0x4e, 0x53, 0xd9, 0x3e, 0xe2, 0x23, 0xbc, 0x8f,
    0xdc, 0xb6, 0x8f, 0xf0, 0xb4, 0x91, 0x07, 0x50, 0x02, 0xf3, 0xec, 0x7e, 0xe3, 0x4c, 0x3e, 0xe2, 0x23, 0x3e, 0x62,
    0xef, 0x3e, 0xb2, 0xe7, 0x06, 0x1c, 0x40, 0x49, 0x47, 0xe4, 0x33, 0x80, 0xa4, 0xf8, 0x88, 0x8f, 0xd4, 0xba, 0x8f,
    0xf8, 0x08, 0x4e, 0x1b, 0x77, 0x80, 0xe3, 0x44, 0x3e, 0xe2, 0x23, 0x3e, 0x52, 0xf7, 0x3e, 0xa2, 0xef, 0x66, 0xc5,
    0x0c, 0x48, 0xe5, 0x23, 0x3e, 0xd2, 0xfb, 0x88, 0x8f, 0x5c, 0x01, 0x65, 0x1d, 0xc8, 0x42, 0xf8, 0x81, 0x33, 0x60,
    0x3e, 0xe2, 0x23, 0x36, 0xef, 0x23, 0x3e, 0x62, 0x97, 0x01, 0xcf, 0xea, 0xd7, 0x3e, 0xe2, 0x23, 0x76, 0xee, 0x23,
    0x78, 0xef, 0x23, 0xc6, 0xd3, 0x08, 0x4e, 0x53, 0xd9, 0x3e, 0xe2, 0x23, 0x3e, 0xe2, 0x23, 0xe6, 0x1b, 0x10, 0xa9,
    0x3e, 0x7d, 0xf7, 0x3e, 0xe2, 0x23, 0x35, 0xee, 0x23, 0x3e, 0x72, 0xf3, 0xf6, 0xd3, 0x88, 0x3e, 0x8d, 0xd7, 0x3e,
    0xe2, 0x23, 0x3e, 0xe2, 0x23, 0x86, 0xd4, 0x48, 0xc7, 0x52, 0xe3, 0x3e, 0xe2, 0x23, 0x3e, 0xe2, 0x23, 0x66, 0x1a,
    0xd0, 0x48, 0xc7, 0xe2, 0x23, 0x3e, 0xe2, 0x23, 0x3e, 0x52, 0xe7, 0x96, 0x18, 0x10, 0x09, 0x4e, 0x53, 0xdd, 0x3e,
    0xe2, 0x23, 0x35, 0xed, 0x23, 0x37, 0xee, 0x23, 0xb6, 0x1b, 0x10, 0x09, 0x4e, 0x53, 0xdd, 0x3e, 0xe2, 0x23, 0x35,
    0xed, 0x23, 0x3e, 0x72, 0xe3, 0xe6, 0xe5, 0x00, 0xcd, 0xd0, 0xfb, 0x88, 0x8f, 0xd4, 0xbc, 0x8f, 0xf8, 0x88, 0x8d,
    0x35, 0xaa, 0x5f, 0xfb, 0x88, 0x8f, 0xd8, 0xb7, 0x8f, 0xf8, 0xc8, 0x01, 0x14, 0x44, 0x33, 0x45, 0x98, 0x75, 0x35,
    0xd2, 0x11, 0xf9, 0x88, 0x8f, 0xd4, 0xbb, 0x8f, 0xf8, 0x88, 0xf1, 0x06, 0x44, 0xa2, 0x4f, 0xe3, 0xb5, 0x8f, 0xf8,
    0x48, 0x6d, 0xfb, 0x88, 0x8f, 0xdc, 0xba, 0x81, 0x07, 0x3c, 0xaa, 0x5f, 0xfb, 0x88, 0x8f, 0xf8, 0x88, 0x7d, 0xfb,
    0xc8, 0x5e, 0x9b, 0x72, 0x40, 0x24, 0x51, 0x41, 0xad, 0xfb, 0x88, 0x8f, 0xd8, 0xba, 0x8f, 0xf8, 0x48, 0x4e, 0x9b,
    0x7a, 0x40, 0x24, 0x38, 0x4d, 0xe5, 0x23, 0x3e, 0xb2, 0xfb, 0xc8, 0x5d, 0xfb, 0xc8, 0xde, 0xdb, 0x62, 0x40, 0xb4,
    0xfa, 0x34, 0x4e, 0xfb, 0x88, 0x8f, 0xd4, 0xb7, 0x8f, 0xdc, 0xbb, 0x8f, 0x98, 0x7c, 0x80, 0x25, 0x1d, 0x91, 0xcf,
    0x00, 0x92, 0xe2, 0x23, 0x3e, 0x52, 0xeb, 0x3e, 0x82, 0xd3, 0x3e, 0xc2, 0xf3, 0x36, 0x1e, 0x10, 0x49, 0x54, 0x50,
    0xeb, 0x3e, 0xe2, 0x23, 0x3e, 0x62, 0xeb, 0x3e, 0xb2, 0xe3, 0xb6, 0x1c, 0x40, 0x09, 0xcc, 0xb3, 0xfb, 0x8d, 0x33,
    0xf9, 0x88, 0x8f, 0xd8, 0xbb, 0x8f, 0xf8, 0x48, 0x5e, 0x5f, 0xc5, 0xf7, 0xff, 0x4f, 0x44, 0x08, 0x0e, 0xf3, 0x20,
    0x0b, 0x31, 0xfc, 0xd4, 0x80, 0x54, 0x3e, 0x71, 0x21, 0x93, 0x8f, 0xdc, 0xb4, 0x8f, 0xec, 0xbc, 0x39, 0x41, 0x02,
    0xf3, 0xec, 0x7e, 0xe3, 0x4c, 0x3e, 0xe2, 0x23, 0x3e, 0xe2, 0x23, 0x96, 0x1d, 0x40, 0x49, 0x47, 0xe4, 0x33, 0x80,
    0xa4, 0xf8, 0x88, 0x8f, 0xf8, 0x48, 0xad, 0xfb, 0x88, 0x8e, 0x1b, 0x7c, 0xc0, 0xa4, 0xfa, 0xf4, 0xdd, 0xfb, 0x88,
    0x8f, 0xd4, 0xb8, 0x8f, 0xdc, 0xbc, 0x8f, 0xf0, 0xba, 0x59, 0x06, 0x3c, 0x12, 0x15, 0xf8, 0x88, 0x8f, 0xd8, 0xb8,
    0x8f, 0xe0, 0xbc, 0x8f, 0x98, 0xd6, 0xa3, 0xfa, 0xf4, 0xdd, 0xfb, 0x88, 0x8f, 0xd4, 0xb8, 0x8f, 0xf8, 0x88, 0x55,
    0x06, 0x3c, 0xaa, 0x5f, 0xfb, 0x88, 0x8f, 0xd8, 0xb7, 0x8f, 0xe0, 0xbb, 0x8f, 0x18, 0x7d, 0x80, 0x04, 0x34, 0x43,
    0xef, 0x23, 0x3e, 0x52, 0xf3, 0x3e, 0x82, 0xdb, 0x3e, 0xd2, 0xd3, 0x76, 0x18, 0x00, 0x09, 0x4e, 0x53, 0xd9, 0x3e,
    0xe2, 0x23, 0xbc, 0x8f, 0xdc, 0xb6, 0x8f, 0x98, 0x6a, 0x00, 0xe3, 0x44, 0x3e, 0xe2, 0x23, 0x3e, 0xe2, 0x23, 0x75,
    0x7f, 0x07, 0x11, 0x52, 0xf8, 0xd3, 0x41, 0x34, 0x3e, 0xe2, 0x23, 0x3e, 0x52, 0xd7, 0x3e, 0x62, 0xb8, 0x01, 0x8f,
    0xe0, 0x34, 0x95, 0x8f, 0xf8, 0xc8, 0xee, 0x23, 0x3e, 0x72, 0xd7, 0x66, 0x1f, 0x70, 0x09, 0xcc, 0x53, 0xd3, 0x7e,
    0xe3, 0x4c, 0x3e, 0xe2, 0x23, 0x36, 0xed, 0x23, 0x38, 0xee, 0x23, 0xbd, 0x7d, 0x10, 0x13, 0x52, 0xf8, 0xd3, 0x41,
    0x34, 0x3e, 0xe2, 0x23, 0x75, 0xed, 0x23, 0x3e, 0x72, 0xe7, 0x26, 0xf7, 0xac, 0x3e, 0x8d, 0xd3, 0x3e, 0xe2, 0x23,
    0x3e, 0x52, 0xdf, 0x3e, 0x62, 0xc5, 0x01, 0x91, 0x74, 0x2c, 0x35, 0xee, 0x23, 0x3e, 0x62, 0xd7, 0x3e, 0xe2, 0x23,
    0x78, 0x6e, 0x68, 0x8d, 0xea, 0xdb, 0x3e, 0xe2, 0x23, 0x76, 0xef, 0x23, 0x3e, 0x62, 0xb3, 0x01, 0x8d, 0xea, 0xdb,
    0x3e, 0xe2, 0x23, 0x3e, 0xe2, 0x23, 0x76, 0x6f, 0x67, 0x92, 0xc0, 0x3c, 0xbb, 0xdf, 0x38, 0x93, 0x8f, 0xf8, 0x88,
    0xbd, 0xfb, 0x88, 0x8f, 0x18, 0x7e, 0x80, 0xe4, 0x44, 0x75, 0xee, 0x23, 0x3e, 0x62, 0xdb, 0x3e, 0x82, 0xeb, 0x3e,
    0xd2, 0xe3, 0x97, 0xd0, 0xfd, 0xff, 0x13, 0x11, 0x82, 0xc3, 0x3c, 0xc8, 0x42, 0x0c, 0x3f, 0x35, 0x20, 0x95, 0x4f,
    0x5c, 0xc8, 0xe4, 0x23, 0x37, 0xed, 0x23, 0xd6, 0xd6, 0x08, 0x4e, 0x53, 0xf9, 0x88, 0x8f, 0xf8, 0xc8, 0xee, 0x23,
    0xf6, 0xb4, 0xa8, 0xbe, 0xed, 0x23, 0x3e, 0xe2, 0x23, 0x3e, 0x62, 0x91, 0x01, 0x8e, 0x13, 0xf9, 0x88, 0x8f, 0xd4,
    0xbd, 0x8f, 0xe0, 0xb7, 0x8f, 0xd8, 0x70, 0x80, 0xe3, 0x44, 0x3e, 0xe2, 0x23, 0x75, 0xef, 0x23, 0x3e, 0x82, 0xdf,
    0xe6, 0x1f, 0x20, 0xa9, 0xbe, 0xed, 0x23, 0x3e, 0x62, 0xf7, 0x3e, 0x92, 0xdf, 0x3e, 0x52, 0xd3, 0xf5, 0x61, 0x6c,
    0xff, 0xff, 0x44, 0x84, 0xe0, 0x30, 0x0f, 0xb2, 0x10, 0xc3, 0x4f, 0x0d, 0x48, 0x85, 0xfb, 0xc4, 0x85, 0x4c, 0x35,
    0x6d, 0x9f, 0x03, 0x65, 0x1d, 0xc8, 0x42, 0xf8, 0x81, 0x33, 0x60, 0x3e, 0xe2, 0x23, 0x3e, 0xe2, 0x23, 0x36, 0x6f,
    0xd6, 0x01, 0xd1, 0xea, 0xd3, 0x38, 0xed, 0x23, 0x3e, 0xe2, 0x23, 0xf5, 0xed, 0x23, 0x7a, 0x6d, 0x46, 0x8a, 0x13,
    0xf9, 0x88, 0x8f, 0xf8, 0x88, 0x8f, 0x18, 0x62, 0x80, 0x33, 0x20, 0x95, 0x8f, 0xf8, 0x48, 0xef, 0x23, 0xf7, 0xed,
    0x23, 0x67, 0x51, 0x21, 0x85, 0x3f, 0x1d, 0x44, 0xe3, 0x23, 0x3e, 0x52, 0xd7, 0x3e, 0x72, 0xe7, 0x3e, 0xc2, 0xdf,
    0x96, 0x1c, 0xf0, 0xac, 0x7e, 0xed, 0x23, 0x3e, 0x62, 0xe7, 0x3e, 0xe2, 0x23, 0x78, 0x6f, 0xf1, 0x01, 0x91, 0x74,
    0x2c, 0x3e, 0xe2, 0x23, 0x75, 0xee, 0x23, 0x77, 0xef, 0x23, 0xfc, 0x6e, 0x45, 0x0c, 0xd0, 0x0c, 0xbd, 0x8f, 0xf8,
    0x88, 0x8f, 0xf8, 0x88, 0x71, 0x49, 0xd2, 0x11, 0xf9, 0x0c, 0x20, 0x29, 0x3e, 0xe2, 0x23, 0xb5, 0xee, 0x23, 0x3e,
    0x62, 0x58, 0x8f, 0xe8, 0xd3, 0x78, 0xed, 0x23, 0x3e, 0x52, 0xdb, 0x3e, 0xe2, 0x23, 0x36, 0x1a, 0xf0, 0x88, 0x3e,
    0x8d, 0xd7, 0x3e, 0xe2, 0x23, 0x3e, 0xe2, 0x23, 0xb5, 0x6d, 0x75, 0x92, 0x74, 0x44, 0x3e, 0x03, 0x48, 0x8a, 0x8f,
    0xf8, 0x88, 0x8f, 0xd4, 0xba, 0x8f, 0x58, 0x77, 0x40, 0x25, 0x30, 0x4f, 0x4d, 0xfb, 0x8d, 0x33, 0xf9, 0x88, 0x8f,
    0xf8, 0x88, 0x4d, 0xfb, 0x88, 0xce, 0x1b, 0x50, 0xb3, 0xfa, 0x34, 0x4e, 0xfb, 0x88, 0x8f, 0xf8, 0x88, 0x8f, 0x18,
    0x5f, 0xa3, 0xfa, 0xb5, 0x8f, 0xf8, 0x88, 0x8f, 0xd8, 0xb7, 0x8f, 0x9c, 0xc2, 0x84, 0x14, 0xfe, 0x74, 0x10, 0x8d,
    0x8f, 0xf8, 0x48, 0x5d, 0xfb, 0xc8, 0x9d, 0xfb, 0x88, 0x95, 0x35, 0xab, 0x5f, 0xfb, 0x88, 0x8f, 0xd8, 0xb9, 0x8f,
    0xf8, 0x88, 0xf9, 0x35, 0xab, 0x5f, 0xfb, 0x88, 0x8f, 0xf8, 0x88, 0x9d, 0xfb, 0x88, 0xfd, 0x06, 0x3c, 0xd2, 0xb1,
    0xf8, 0x88, 0x8f, 0xd4, 0xb9, 0x8f, 0xf8, 0xc8, 0xdd, 0x9b, 0x62, 0x40, 0x24, 0xfa, 0x34, 0x5e, 0xfb, 0x88, 0x8f,
    0xd4, 0xb6, 0x8f, 0xdc, 0xba, 0x8f, 0xd8, 0x1b, 0x33, 0x20, 0x95, 0x8f, 0xf8, 0x88, 0x8f, 0xf4, 0x3e, 0x62, 0xa7,
    0x01, 0x92, 0x74, 0x44, 0x3e, 0x03, 0x48, 0x8a, 0x8f, 0xf8, 0x88, 0x8f, 0xf8, 0x48, 0xad, 0x1b, 0x6c, 0x40, 0xb3,
    0xfa, 0xb5, 0x8f, 0xf8, 0x88, 0x8f, 0xf8, 0x88, 0x9d, 0x1b, 0x65, 0x00, 0xe4, 0x44, 0x75, 0xee, 0x23, 0x3e, 0x62,
    0xdb, 0x3e, 0x82, 0xeb, 0x3e, 0x62, 0x60, 0x93, 0xc0, 0x3c, 0x35, 0xed, 0x37, 0xce, 0xe4, 0x23, 0x3e, 0x62, 0xd3,
    0x3e, 0xe2, 0x23, 0x56, 0x1e, 0xf0, 0xa8, 0xbe, 0xed, 0x23, 0x3e, 0xe2, 0x23, 0x76, 0xef, 0x23, 0xfb, 0x6e, 0xad,
    0x01, 0x8e, 0x13, 0xd5, 0xb9, 0x8f, 0xf8, 0x88, 0x8f, 0xf8, 0x88, 0x6d, 0x5b, 0xd8, 0x23, 0x1d, 0x4b, 0x8d, 0xfb,
    0x88, 0x8f, 0xd8, 0xb5, 0x8f, 0xf8, 0x88, 0xb1, 0x06, 0x3c, 0xd2, 0xb1, 0xd4, 0xb8, 0x8f, 0xf8, 0x88, 0x8f, 0xf8,
    0x88, 0x5d, 0x1b, 0xd3, 0xb2, 0xfa, 0xb5, 0x8f, 0xf8, 0x88, 0x8f, 0xf8, 0x88, 0x3d, 0x06, 0x3c, 0xd2, 0x11, 0xf9,
    0x88, 0x8f, 0xd4, 0xbb, 0x8f, 0xe0, 0xb5, 0x8f, 0x58, 0x7b, 0xc0, 0x24, 0x38, 0x4d, 0x75, 0xfb, 0x88, 0x8f, 0xd4,
    0xb4, 0x8f, 0xdc, 0xb8, 0x8f, 0xf0, 0xb6, 0xcd, 0x3d, 0xaa, 0x4f, 0xdf, 0xbd, 0x8f, 0xf8, 0x88, 0x8f, 0xd4, 0xb8,
    0x8f, 0x18, 0x68, 0x80, 0x23, 0x38, 0x4d, 0x65, 0xfb, 0x88, 0x8f, 0xf8, 0x88, 0x8f, 0xf0, 0xa6, 0x1b, 0xe0, 0x0c,
    0x48, 0xe5, 0x23, 0x3e, 0xd2, 0xfb, 0x88, 0x8f, 0xdc, 0xb7, 0xe5, 0x06, 0x40, 0x82, 0xd3, 0x54, 0xb6, 0x8f, 0xf8,
    0x08, 0xef, 0x23, 0x3e, 0x72, 0xdb, 0x26, 0xb4, 0x48, 0xc7, 0xe2, 0x23, 0x3e, 0xe2, 0x23, 0x3e, 0x62, 0xa2, 0x01,
    0x8f, 0xe0, 0x34, 0xd5, 0xed, 0x23, 0x3e, 0xe2, 0x23, 0x3e, 0x52, 0xd3, 0x46, 0xb4, 0x48, 0x47, 0xe4, 0x23, 0x3e,
    0xe2, 0x23, 0x3e, 0x62, 0xf9, 0x01, 0x91, 0xea, 0xd7, 0x3e, 0xe2, 0x23, 0xf6, 0xed, 0x23, 0xf8, 0xee, 0x23, 0x7d,
    0x6e, 0x93, 0x01, 0x91, 0x74, 0x2c, 0x35, 0xee, 0x23, 0x3e, 0x62, 0xd7, 0x3e, 0x82, 0xe7, 0x3e, 0x62, 0xe2, 0x01,
    0xcf, 0xea, 0xd7, 0x3e, 0xe2, 0x23, 0x3e, 0x62, 0xe7, 0x3e, 0xb2, 0xdf, 0x37, 0xb0, 0xfd, 0xff, 0x13, 0x11, 0x82,
    0xc3, 0x3c, 0xc8, 0x42, 0x0c, 0x3f, 0x35, 0x20, 0x95, 0x4f, 0x5c, 0xc8, 0xe4, 0x23, 0x3e, 0x02, 0x00, 0x00, 0x00,
    0x01, 0x31, 0x00, 0x00, 0x0a, 0x00, 0x00, 0x00, 0x5b, 0x06, 0x4d, 0x3a, 0xb6, 0x0c, 0x76, 0x20, 0x1d, 0x5b, 0x06,
    0x59, 0x90, 0x8e, 0x2d, 0x83, 0x3b, 0x48, 0xc7, 0x96, 0x41, 0x25, 0xa4, 0x63, 0xcb, 0x60, 0x16, 0xd2, 0xb1, 0x65,
    0x10, 0x0d, 0xe9, 0xd8, 0x32, 0xf8, 0x86, 0x74, 0x00, 0x00, 0x00, 0x00, 0x00, 0x00, 0x61, 0x20, 0x00, 0x00, 0xbe,
    0x08, 0x00, 0x00, 0x13, 0x04, 0x71, 0x10, 0x0b, 0x04, 0x00, 0x00, 0x13, 0x00, 0x00, 0x00, 0x94, 0x8c, 0x00, 0x14,
    0x20, 0x20, 0x20, 0x20, 0x08, 0x09, 0xe5, 0x47, 0x49, 0x09, 0x90, 0x50, 0x03, 0x94, 0x14, 0x41, 0x19, 0x14, 0x42,
    0x29, 0x14, 0x43, 0x39, 0x14, 0x44, 0x49, 0x14, 0x45, 0x59, 0x14, 0x46, 0x69, 0x14, 0x47, 0x79, 0x50, 0x34, 0x03,
    0x40, 0xe4, 0x58, 0x04, 0x10, 0x08, 0x03, 0x95, 0x63, 0x21, 0x40, 0x20, 0x0c, 0x44, 0x61, 0x1c, 0x64, 0x8e, 0x05,
    0x01, 0x81, 0x30, 0x10, 0x85, 0x71, 0x20, 0x89, 0xb2, 0x30, 0x8d, 0xf3, 0x00, 0x00, 0x00, 0x63, 0x08, 0xd9, 0x35,
    0x86, 0x90, 0x61, 0x17, 0x08, 0x3b, 0xdc, 0x10, 0x64, 0x64, 0x30, 0xcb, 0x10, 0x08, 0x41, 0x12, 0x02, 0x24, 0x21,
    0xc0, 0x09, 0xc1, 0x64, 0x90, 0xc4, 0x2c, 0xc1, 0x30, 0x50, 0x21, 0x74, 0x82, 0x1e, 0x00, 0x03, 0x15, 0x49, 0x26,
    0x80, 0x02, 0x30, 0x50, 0x91, 0x4c, 0x82, 0x28, 0x00, 0x27, 0x7c, 0x97, 0x44, 0x12, 0xd7, 0x04, 0x78, 0x81, 0x18,
    0xe8, 0x05, 0xc4, 0x0e, 0x37, 0x04, 0x0f, 0x19, 0x5c, 0x19, 0x14, 0x37, 0xdd, 0x90, 0x06, 0x81, 0x70, 0x41, 0xb2,
    0xd3, 0x0d, 0x6b, 0x30, 0x11, 0x67, 0x04, 0x81, 0x4e, 0x1a, 0x80, 0xc0, 0x70, 0xc3, 0x33, 0x07, 0x60, 0x30, 0xcb,
    0x30, 0x08, 0xc1, 0x40, 0x45, 0x22, 0x06, 0x81, 0x22, 0x8c, 0x21, 0xc8, 0x41, 0x1b, 0x8c, 0x21, 0xc8, 0x81, 0x1b,
    0x5c, 0x20, 0xec, 0x70, 0x43, 0x20, 0x07, 0x64, 0x30, 0xcb, 0x40, 0x14, 0x41, 0x12, 0x02, 0x24, 0x21, 0xc0, 0x09,
    0xc1, 0x64, 0x90, 0xc4, 0x2c, 0x81, 0x31, 0x50, 0x21, 0x74, 0x05, 0x3b, 0x0c, 0x03, 0x15, 0x49, 0x56, 0xc8, 0xc3,
    0x30, 0x50, 0x91, 0x4c, 0x05, 0x3d, 0x0c, 0x27, 0xe0, 0xc1, 0x25, 0x91, 0xc4, 0x35, 0x01, 0x5e, 0xb0, 0x07, 0x7a,
    0x01, 0xb1, 0xc3, 0x0d, 0xc1, 0x43, 0x06, 0xe7, 0x07, 0xc5, 0x4d, 0x37, 0x88, 0x42, 0x20, 0x5c, 0x90, 0xec, 0x74,
    0x03, 0x29, 0x4c, 0xc4, 0x19, 0x41, 0xa0, 0x23, 0x0a, 0x20, 0x30, 0xdc, 0xf0, 0xb0, 0x02, 0x18, 0xcc, 0x32, 0x18,
    0x45, 0x30, 0x50, 0x91, 0x88, 0x01, 0xa1, 0x14, 0x63, 0x08, 0xab, 0x40, 0x0a, 0x63, 0x08, 0xab, 0x50, 0x0a, 0x17,
    0x08, 0x3b, 0xdc, 0x10, 0xac, 0x02, 0x19, 0xcc, 0x32, 0x1c, 0x48, 0x90, 0x84, 0x00, 0x49, 0x08, 0x70, 0x42, 0x30,
    0x19, 0x24, 0x31, 0x4b, 0x90, 0x0c, 0x54, 0x08, 0x1d, 0xe2, 0x13, 0xc6, 0x40, 0x45, 0x92, 0x21, 0x64, 0x61, 0x0c,
    0x54, 0x24, 0x13, 0x62, 0x16, 0xc6, 0x09, 0xb1, 0x70, 0x49, 0x24, 0x71, 0x4d, 0x80, 0x17, 0xd0, 0x82, 0x5e, 0x40,
    0xec, 0x70, 0x43, 0xf0, 0x90, 0xc1, 0xdd, 0x42, 0x71, 0xd3, 0x0d, 0xbb, 0x10, 0x08, 0x17, 0x24, 0x3b, 0xdd, 0xd0,
    0x0b, 0x13, 0x71, 0x46, 0x10, 0xe8, 0xec, 0x02, 0x08, 0x0c, 0x37, 0x3c, 0xe5, 0x00, 0x06, 0xb3, 0x0c, 0x09, 0x12,
    0x0c, 0x54, 0x24, 0x62, 0x70, 0x28, 0xc8, 0x18, 0x02, 0x39, 0xf0, 0xc2, 0x18, 0x02, 0x39, 0xf4, 0xc2, 0x05, 0xc2,
    0x0e, 0x37, 0x04, 0xe4, 0x40, 0x06, 0xb3, 0x0c, 0xca, 0x12, 0x24, 0x21, 0x40, 0x12, 0x02, 0x9c, 0x10, 0x4c, 0x06,
    0x49, 0xcc, 0x12, 0x30, 0x03, 0x15, 0x42, 0xb7, 0xc0, 0x46, 0x32, 0x50, 0x91, 0x64, 0x8b, 0x6d, 0x24, 0x03, 0x15,
    0xc9, 0xb4, 0xe0, 0x46, 0x72, 0x82, 0x3a, 0x5c, 0x12, 0x49, 0x5c, 0x13, 0xe0, 0x05, 0xed, 0xa0, 0x17, 0x10, 0x3b,
    0xdc, 0x10, 0x3c, 0x64, 0x70, 0xf0, 0x50, 0xdc, 0x74, 0x03, 0x3d, 0x04, 0xc2, 0x05, 0xc9, 0x4e, 0x37, 0xd8, 0xc3,
    0x44, 0x9c, 0x11, 0x04, 0x3a, 0xf4, 0x00, 0x02, 0xc3, 0x0d, 0x8f, 0x3f, 0x80, 0xc1, 0x2c, 0x03, 0xb3, 0x04, 0x03,
    0x15, 0x89, 0x18, 0x28, 0xca, 0x32, 0x86, 0xd0, 0x0f, 0xf4, 0x30, 0x86, 0xd0, 0x0f, 0xf5, 0x70, 0x81, 0xb0, 0xc3,
    0x0d, 0x41, 0x3f, 0x90, 0xc1, 0x2c, 0x43, 0xe3, 0x04, 0x49, 0x08, 0x90, 0x84, 0x00, 0x27, 0x04, 0x93, 0x41, 0x12,
    0xb3, 0x04, 0xcf, 0x40, 0x85, 0xd0, 0x39, 0x22, 0xc2, 0x0c, 0x54, 0x24, 0x99, 0x83, 0x22, 0xcc, 0x40, 0x45, 0x32,
    0x39, 0x2a, 0xc2, 0x9c, 0x30, 0x12, 0x97, 0x44, 0x12, 0xd7, 0x04, 0x78, 0x81, 0x49, 0xe8, 0x05, 0xc4, 0x0e, 0x37,
    0x04, 0x0f, 0x19, 0x5c, 0x4a, 0x14, 0x37, 0xdd, 0xd0, 0x12, 0x81, 0x70, 0x41, 0xb2, 0xd3, 0x0d, 0x2f, 0x31, 0x11,
    0x67, 0x04, 0x81, 0x4e, 0x4b, 0x80, 0xc0, 0x70, 0xc3, 0x73, 0x13, 0x60, 0x30, 0xcb, 0xf0, 0x38, 0xc1, 0x40, 0x45,
    0x22, 0x06, 0x8d, 0xe2, 0x8c, 0x21, 0xd8, 0x04, 0x4b, 0x8c, 0x21, 0xd8, 0x44, 0x4b, 0x5c, 0x20, 0xec, 0x70, 0x43,
    0x60, 0x13, 0x64, 0x30, 0xcb, 0x00, 0x45, 0x41, 0x12, 0x02, 0x24, 0x21, 0xc0, 0x09, 0xc1, 0x64, 0x90, 0xc4, 0x2c,
    0x81, 0x34, 0x50, 0x21, 0x74, 0x11, 0x9d, 0x3c, 0x03, 0x15, 0x49, 0x16, 0xe9, 0xc9, 0x33, 0x50, 0x91, 0x4c, 0x11,
    0x9f, 0x3c, 0x27, 0xf0, 0xc4, 0x25, 0x91, 0xc4, 0x35, 0x01, 0x5e, 0xf0, 0x13, 0x7a, 0x01, 0xb1, 0xc3, 0x0d, 0xc1,
    0x43, 0x06, 0x27, 0x16, 0xc5, 0x4d, 0x37, 0x98, 0x45, 0x20, 0x5c, 0x90, 0xec, 0x74, 0x03, 0x5a, 0x4c, 0xc4, 0x19,
    0x41, 0xa0, 0x63, 0x16, 0x20, 0x30, 0xdc, 0xf0, 0xc0, 0x05, 0x18, 0xcc, 0x32, 0x48, 0x51, 0x30, 0x50, 0x91, 0x88,
    0x01, 0xa4, 0x44, 0x63, 0x08, 0x6f, 0x41, 0x16, 0x63, 0x08, 0x6f, 0x51, 0x16, 0x17, 0x08, 0x3b, 0xdc, 0x10, 0xbc,
    0x05, 0x19, 0xcc, 0x32, 0x4c, 0x54, 0x90, 0x84, 0x00, 0x49, 0x08, 0x70, 0x42, 0x30, 0x19, 0x24, 0x31, 0x4b, 0x50,
    0x0d, 0x54, 0x08, 0x1d, 0x65, 0x2e, 0xd2, 0x40, 0x45, 0x92, 0x51, 0xec, 0x22, 0x0d, 0x54, 0x24, 0x13, 0xe5, 0x2e,
    0xd2, 0x09, 0x75, 0x71, 0x49, 0x24, 0x71, 0x4d, 0x80, 0x17, 0xe0, 0x85, 0x5e, 0x40, 0xec, 0x70, 0x43, 0xf0, 0x90,
    0xc1, 0xed, 0x45, 0x71, 0xd3, 0x0d, 0x7f, 0x11, 0x08, 0x17, 0x24, 0x3b, 0xdd, 0x10, 0x1a, 0x13, 0x71, 0x46, 0x10,
    0xe8, 0xfc, 0x05, 0x08, 0x0c, 0x37, 0x3c, 0xa9, 0x01, 0x06, 0xb3, 0x0c, 0x15, 0x15, 0x0c, 0x54, 0x24, 0x62, 0x30,
    0x29, 0xd4, 0x18, 0x02, 0x6a, 0xf0, 0xc5, 0x18, 0x02, 0x6a, 0xf4, 0xc5, 0x05, 0xc2, 0x0e, 0x37, 0x04, 0xa8, 0x41,
    0x06, 0xb3, 0x0c, 0xd6, 0x15, 0x24, 0x21, 0x40, 0x12, 0x02, 0x9c, 0x10, 0x4c, 0x06, 0x49, 0xcc, 0x12, 0x60, 0x03,
    0x15, 0x42, 0x77, 0xe1, 0x4c, 0x35, 0x50, 0x91, 0x64, 0x97, 0xcf, 0x54, 0x03, 0x15, 0xc9, 0x74, 0x81, 0x4d, 0x75,
    0x82, 0x6b, 0x5c, 0x12, 0x49, 0x5c, 0x13, 0xe0, 0x05, 0xb1, 0xa1, 0x17, 0x10, 0x3b, 0xdc, 0x10, 0x3c, 0x64, 0x70,
    0xb4, 0x51, 0xdc, 0x74, 0x03, 0x6e, 0x04, 0xc2, 0x05, 0xc9, 0x4e, 0x37, 0xe8, 0xc6, 0x44, 0x9c, 0x11, 0x04, 0x3a,
    0xb8, 0x01, 0x02, 0xc3, 0x0d, 0x8f, 0x78, 0x80, 0xc1, 0x2c, 0x03, 0x76, 0x05, 0x03, 0x15, 0x89, 0x18, 0x58, 0xca,
    0x35, 0x86, 0x10, 0x1e, 0xb4, 0x31, 0x86, 0x10, 0x1e, 0xb5, 0x71, 0x81, 0xb0, 0xc3, 0x0d, 0x41, 0x78, 0x90, 0xc1,
    0x2c, 0x43, 0xa6, 0x05, 0x49, 0x08, 0x90, 0x84, 0x00, 0x27, 0x04, 0x93, 0x41, 0x12, 0xb3, 0x04, 0xdb, 0x40, 0x85,
    0xd0, 0x69, 0xaa, 0x83, 0x0d, 0x54, 0x24, 0x99, 0x06, 0x3b, 0xd8, 0x40, 0x45, 0x32, 0x69, 0xb2, 0x83, 0x9d, 0x70,
    0x1e, 0x97, 0x44, 0x12, 0xd7, 0x04, 0x78, 0x81, 0x7a, 0xe8, 0x05, 0xc4, 0x0e, 0x37, 0x04, 0x0f, 0x19, 0x5c, 0x7b,
    0x14, 0x37, 0xdd, 0x10, 0x1f, 0x81, 0x70, 0x41, 0xb2, 0xd3, 0x0d, 0xf3, 0x31, 0x11, 0x67, 0x04, 0x81, 0x4e, 0x7c,
    0x80, 0xc0, 0x70, 0xc3, 0xb3, 0x1f, 0x60, 0x30, 0xcb, 0xb0, 0x69, 0xc1, 0x40, 0x45, 0x22, 0x06, 0x99, 0xa2, 0x8d,
    0x21, 0xe8, 0x07, 0x7b, 0x8c, 0x21, 0xe8, 0x47, 0x7b, 0x5c, 0x20, 0xec, 0x70, 0x43, 0xa0, 0x1f, 0x64, 0x30, 0xcb,
    0xc0, 0x75, 0x41, 0x12, 0x02, 0x24, 0x21, 0xc0, 0x09, 0xc1, 0x64, 0x90, 0xc4, 0x2c, 0x81, 0x37, 0x50, 0x21, 0x74,
    0x1d, 0xff, 0x6c, 0x03, 0x15, 0x49, 0xd6, 0x89, 0xd0, 0x36, 0x50, 0x91, 0x4c, 0x1d, 0x09, 0x6d, 0x27, 0x80, 0xc8,
    0x25, 0x91, 0xc4, 0x35, 0x01, 0x5e, 0x30, 0x22, 0x7a, 0x01, 0xb1, 0xc3, 0x0d, 0xc1, 0x43, 0x06, 0x67, 0x22, 0xc5,
    0x4d, 0x37, 0xa8, 0x48, 0x20, 0x5c, 0x90, 0xec, 0x74, 0x03, 0x8b, 0x4c, 0xc4, 0x19, 0x41, 0xa0, 0xa3, 0x22, 0x20,
    0x30, 0xdc, 0xf0, 0xd0, 0x08, 0x18, 0xcc, 0x32, 0x78, 0x5d, 0x30, 0x50, 0x91, 0x88, 0x01, 0xa7, 0x74, 0x63, 0x08,
    0x33, 0x42, 0x22, 0x63, 0x08, 0x33, 0x52, 0x22, 0x17, 0x08, 0x3b, 0xdc, 0x10, 0xcc, 0x08, 0x19, 0xcc, 0x32, 0x7c,
    0x60, 0x10, 0x24, 0x21, 0x40, 0x12, 0x02, 0x9c, 0x10, 0x4c, 0x06, 0x49, 0xcc, 0x12, 0x84, 0xc1, 0x40, 0x85, 0xd0,
    0x81, 0x81, 0x1b, 0x79, 0x03, 0x15, 0x49, 0x06, 0x06, 0x74, 0xe4, 0x0d, 0x54, 0x24, 0x13, 0x18, 0xd8, 0x91, 0x77,
    0x42, 0x8e, 0x5c, 0x12, 0x49, 0x5c, 0x13, 0xe0, 0x05, 0x3c, 0xa2, 0x17, 0x10, 0x3b, 0xdc, 0x10, 0x3c, 0x64, 0x70,
    0x3f, 0x52, 0xdc, 0x74, 0xc3, 0x98, 0x04, 0xc2, 0x05, 0xc9, 0x4e, 0x37, 0x94, 0xc9, 0x44, 0x9c, 0x11, 0x04, 0x3a,
    0x63, 0x02, 0x02, 0xc3, 0x0d, 0x4f, 0x9b, 0x80, 0xc1, 0x2c, 0x43, 0x18, 0x80, 0x41, 0x30, 0x50, 0x91, 0x88, 0xc1,
    0xa7, 0x80, 0xc1, 0x18, 0x02, 0x9b, 0xf0, 0xc8, 0x18, 0x02, 0x9b, 0xf4, 0xc8, 0x05, 0xc2, 0x0e, 0x37, 0x04, 0x6c,
    0x42, 0x06, 0xb3, 0x0c, 0x62, 0x30, 0x06, 0x41, 0x12, 0x02, 0x24, 0x21, 0xc0, 0x09, 0xc1, 0x64, 0x90, 0xc4, 0x2c,
    0x01, 0x19, 0x0c, 0x54, 0x08, 0xdd, 0x18, 0x80, 0x53, 0x18, 0x0c, 0x54, 0x24, 0xd9, 0x18, 0x98, 0x53, 0x18, 0x0c,
    0x54, 0x24, 0xd3, 0x18, 0xa0, 0x53, 0x18, 0x9c, 0x20, 0x27, 0x97, 0x44, 0x12, 0xd7, 0x04, 0x78, 0x41, 0x9d, 0xe8,
    0x05, 0xc4, 0x0e, 0x37, 0x04, 0x0f, 0x19, 0x1c, 0x9e, 0x14, 0x37, 0xdd, 0xc0, 0x27, 0x81, 0x70, 0x41, 0xb2, 0xd3,
    0x0d, 0x7e, 0x32, 0x11, 0x67, 0x04, 0x81, 0x0e, 0x9f, 0x80, 0xc0, 0x70, 0xc3, 0x63, 0x2a, 0x60, 0x30, 0xcb, 0x40,
    0x06, 0x63, 0x10, 0x0c, 0x54, 0x24, 0x62, 0x20, 0x06, 0xca, 0x18, 0x8c, 0x21, 0x94, 0x0a, 0x9d, 0x8c, 0x21, 0x94,
    0x4a, 0x9d, 0x5c, 0x20, 0xec, 0x70, 0x43, 0x50, 0x2a, 0x64, 0x30, 0xcb, 0x50, 0x06, 0x66, 0x10, 0x24, 0x21, 0x40,
    0x12, 0x02, 0x9c, 0x10, 0x4c, 0x06, 0x49, 0xcc, 0x12, 0x9c, 0xc1, 0x40, 0x85, 0xd0, 0x99, 0x81, 0x4c, 0x91, 0xc1,
    0x40, 0x45, 0x92, 0x99, 0x01, 0x4e, 0x91, 0xc1, 0x40, 0x45, 0x32, 0x99, 0x81, 0x4e, 0x91, 0xc1, 0x09, 0xab, 0x72,
    0x49, 0x24, 0x71, 0x4d, 0x80, 0x17, 0xb8, 0x8a, 0x5e, 0x40, 0xec, 0x70, 0x43, 0xf0, 0x90, 0xc1, 0xc5, 0x4a, 0x71,
    0xd3, 0x0d, 0xb5, 0x12, 0x08, 0x17, 0x24, 0x3b, 0xdd, 0x70, 0x2b, 0x13, 0x71, 0x46, 0x10, 0xe8, 0xd4, 0x0a, 0x08,
    0x0c, 0x37, 0x3c, 0xbf, 0x02, 0x06, 0xb3, 0x0c, 0x67, 0x60, 0x06, 0xc1, 0x40, 0x45, 0x22, 0x06, 0x65, 0xa0, 0x98,
    0xc1, 0x18, 0x82, 0xaf, 0xb0, 0xca, 0x18, 0x82, 0xaf, 0xb4, 0xca, 0x05, 0xc2, 0x0e, 0x37, 0x04, 0xbe, 0x42, 0x06,
    0xb3, 0x0c, 0x68, 0x90, 0x06, 0x41, 0x12, 0x02, 0x24, 0x21, 0xc0, 0x09, 0xc1, 0x64, 0x90, 0xc4, 0x2c, 0x81, 0x1a,
    0x0c, 0x54, 0x08, 0x5d, 0x1a, 0x90, 0xd6, 0x19, 0x0c, 0x54, 0x24, 0x59, 0x1a, 0xa8, 0xd6, 0x19, 0x0c, 0x54, 0x24,
    0x53, 0x1a, 0xb0, 0xd6, 0x19, 0x9c, 0x40, 0x2e, 0x97, 0x44, 0x12, 0xd7, 0x04, 0x78, 0xc1, 0xb9, 0xe8, 0x05, 0xc4,
    0x0e, 0x37, 0x04, 0x0f, 0x19, 0x9c, 0xba, 0x14, 0x37, 0xdd, 0xe0, 0x2e, 0x81, 0x70, 0x41, 0xb2, 0xd3, 0x0d, 0xf0,
    0x32, 0x11, 0x67, 0x04, 0x81, 0x8e, 0xbb, 0x80, 0xc0, 0x70, 0xc3, 0x83, 0x2f, 0x60, 0x30, 0xcb, 0xa0, 0x06, 0x69,
    0x10, 0x0c, 0x54, 0x24, 0x62, 0x80, 0x06, 0x4a, 0x1a, 0x8c, 0x21, 0xdc, 0x0b, 0xb9, 0x8c, 0x21, 0xdc, 0x4b, 0xb9,
    0x5c, 0x20, 0xec, 0x70, 0x43, 0x70, 0x2f, 0x64, 0x30, 0xcb, 0xb0, 0x06, 0x6c, 0x10, 0x24, 0x21, 0x40, 0x12, 0x02,
    0x9c, 0x10, 0x4c, 0x06, 0x49, 0xcc, 0x12, 0xb4, 0xc1, 0x40, 0x85, 0xd0, 0xb1, 0x81, 0x7d, 0xa9, 0xc1, 0x40, 0x45,
    0x92, 0xb1, 0x01, 0x7f, 0xa9, 0xc1, 0x40, 0x45, 0x32, 0xb1, 0x81, 0x7f, 0xa9, 0xc1, 0x09, 0xfd, 0x72, 0x49, 0x24,
    0x71, 0x4d, 0x80, 0x17, 0x80, 0x8c, 0x5e, 0x40, 0xec, 0x70, 0x43, 0xf0, 0x90, 0xc1, 0x8d, 0x4c, 0x71, 0xd3, 0x0d,
    0x27, 0x13, 0x08, 0x17, 0x24, 0x3b, 0xdd, 0x90, 0x32, 0x13, 0x71, 0x46, 0x10, 0xe8, 0x9c, 0x0c, 0x08, 0x0c, 0x37,
    0x3c, 0x31, 0x03, 0x06, 0xb3, 0x0c, 0x6d, 0xc0, 0x06, 0xc1, 0x40, 0x45, 0x22, 0x06, 0x6b, 0xa0, 0xb0, 0xc1, 0x18,
    0x02, 0xcc, 0xf0, 0xcb, 0x18, 0x02, 0xcc, 0xf4, 0xcb, 0x05, 0xc2, 0x0e, 0x37, 0x04, 0x30, 0x43, 0x06, 0xb3, 0x0c,
    0x6e, 0xf0, 0x06, 0x41, 0x12, 0x02, 0x24, 0x21, 0xc0, 0x09, 0xc1, 0x64, 0x90, 0xc4, 0x2c, 0x01, 0x1c, 0x0c, 0x54,
    0x08, 0xdd, 0x1b, 0xa0, 0x59, 0x1b, 0x0c, 0x54, 0x24, 0xd9, 0x1b, 0xb8, 0x59, 0x1b, 0x0c, 0x54, 0x24, 0xd3, 0x1b,
    0xc0, 0x59, 0x1b, 0x9c, 0x60, 0x33, 0x97, 0x44, 0x12, 0xd7, 0x04, 0x78, 0x41, 0xce, 0xe8, 0x05, 0xc4, 0x0e, 0x37,
    0x04, 0x0f, 0x19, 0x1c, 0xcf, 0x14, 0x37, 0xdd, 0x00, 0x36, 0x81, 0x70, 0x41, 0xb2, 0xd3, 0x0d, 0x62, 0x33, 0x11,
    0x67, 0x04, 0x81, 0x0e, 0xd8, 0x80, 0xc0, 0x70, 0xc3, 0xa3, 0x36, 0x60, 0x30, 0xcb, 0x00, 0x07, 0x6f, 0x10, 0x0c,
    0x54, 0x24, 0x62, 0xe0, 0x06, 0xca, 0x1b, 0xcc, 0x31, 0xd0, 0x0c, 0xbe, 0x9c, 0xcd, 0x1c, 0x43, 0x00, 0x2e, 0x65,
    0x33, 0xc7, 0x60, 0x33, 0xa8, 0x92, 0x36, 0x73, 0x0c, 0x01, 0x9c, 0x9c, 0xcd, 0x20, 0xc3, 0x10, 0xdc, 0xcc, 0x1c,
    0x43, 0xce, 0xe4, 0x08, 0xdb, 0xcc, 0x31, 0x04, 0x21, 0xa2, 0x36, 0x73, 0x0c, 0x3b, 0x93, 0x1e, 0x6e, 0x33, 0xc7,
    0x10, 0xc4, 0x06, 0xdb, 0x0c, 0x32, 0x0c, 0x01, 0xcf, 0x0c, 0x32, 0x18, 0x01, 0xcf, 0xcc, 0x31, 0xfc, 0xcc, 0x5e,
    0xc8, 0xcd, 0x1c, 0x43, 0x30, 0x16, 0x70, 0x33, 0xc7, 0x10, 0x36, 0x2b, 0x41, 0x37, 0x73, 0x0c, 0xc1, 0x3c, 0xc8,
    0xcd, 0x20, 0xc3, 0x10, 0x88, 0xcd, 0x1c, 0x03, 0xd9, 0xf0, 0xc2, 0xdd, 0xcc, 0x31, 0x04, 0xa4, 0x50, 0x37, 0x73,
    0x0c, 0x66, 0xc3, 0x06, 0x79, 0x33, 0xc7, 0x10, 0x50, 0x77, 0x33, 0xc8, 0x30, 0x04, 0x67, 0x33, 0xc8, 0x60, 0x04,
    0x67, 0x33, 0xc8, 0xc0, 0x04, 0x67, 0xb3, 0x41, 0x38, 0x10, 0x00, 0x00, 0x9e, 0x06, 0x00, 0x00, 0x86, 0x1b, 0xf0,
    0x48, 0x54, 0xe0, 0x23, 0x3e, 0xe2, 0x23, 0x3e, 0x62, 0xe3, 0x3e, 0x62, 0x49, 0xcf, 0xea, 0xd3, 0x38, 0xed, 0x23,
    0x3e, 0xe2, 0x23, 0x3e, 0xe2, 0x23, 0xf6, 0x1f, 0x90, 0x09, 0xcc, 0x53, 0xd3, 0x7e, 0xe3, 0x4c, 0x3e, 0xe2, 0x23,
    0x36, 0xed, 0x23, 0x38, 0xee, 0x23, 0xbd, 0xed, 0x23, 0xc7, 0x51, 0x21, 0x85, 0x3f, 0x1d, 0x44, 0xe3, 0x23, 0x3e,
    0x52, 0xd7, 0x3e, 0xe2, 0x23, 0x3e, 0x72, 0xe7, 0x96, 0x2a, 0x30, 0x89, 0x3e, 0x8d, 0xd7, 0x3e, 0xe2, 0x23, 0xb5,
    0xed, 0x23, 0x3e, 0xe2, 0x23, 0xb7, 0x6e, 0xba, 0x01, 0x91, 0x44, 0x05, 0xb5, 0xee, 0x23, 0x3e, 0xe2, 0x23, 0x3e,
    0x62, 0xeb, 0x3e, 0x62, 0xac, 0x02, 0x91, 0x74, 0x2c, 0x3e, 0xe2, 0x23, 0x75, 0xee, 0x23, 0x3e, 0xe2, 0x23, 0x77,
    0x6f, 0xa9, 0x03, 0x94, 0x74, 0x2c, 0x3e, 0xe2, 0x23, 0x3e, 0x52, 0xe7, 0x3e, 0xa2, 0xdf, 0x3e, 0x52, 0xe7, 0xbd,
    0xc1, 0x0b, 0x48, 0x82, 0xd3, 0x54, 0x3e, 0xe2, 0x23, 0x3e, 0xe2, 0x23, 0xbb, 0x8f, 0xd4, 0xf4, 0x7d, 0x03, 0xdd,
    0xff, 0x3f, 0x11, 0x21, 0x38, 0xcc, 0x83, 0x2c, 0xc4, 0xf0, 0x53, 0x03, 0x52, 0xf9, 0xc4, 0x85, 0x4c, 0x3e, 0xe2,
    0x23, 0x3e, 0x72, 0x2c, 0x9b, 0x75, 0x20, 0x0b, 0xe1, 0x07, 0xce, 0x80, 0xf9, 0x88, 0x8f, 0xf8, 0x88, 0xcd, 0xfb,
    0xc8, 0xae, 0xfb, 0x48, 0xbd, 0xdb, 0xf6, 0x2b, 0x20, 0x09, 0x4e, 0x53, 0xd9, 0x3e, 0xe2, 0x23, 0x3e, 0xc2, 0xfb,
    0x88, 0x8f, 0xe4, 0xba, 0x65, 0x0b, 0x48, 0x03, 0x52, 0xf9, 0x88, 0x8f, 0xf4, 0x3e, 0x72, 0xdf, 0x3e, 0xe2, 0x23,
    0x7c, 0x6d, 0x76, 0x8f, 0xe0, 0x34, 0x95, 0x8f, 0xf8, 0x88, 0x8f, 0xec, 0x3e, 0xe2, 0x23, 0x66, 0xf5, 0x48, 0x54,
    0x50, 0xeb, 0x3e, 0xe2, 0x23, 0x3e, 0xe2, 0x23, 0x3e, 0x62, 0x97, 0x01, 0x96, 0x74, 0x44, 0x3e, 0x03, 0x48, 0x8a,
    0x8f, 0xf8, 0x48, 0xad, 0xfb, 0x08, 0x4e, 0xfb, 0x88, 0x8f, 0xd8, 0x95, 0x24, 0x30, 0xcf, 0xee, 0x37, 0xce, 0xe4,
    0x23, 0x3e, 0xe2, 0x23, 0x3e, 0xe2, 0x23, 0xa6, 0x1c, 0x10, 0x49, 0x47, 0xe4, 0x23, 0x3e, 0x52, 0xef, 0x3e, 0xe2,
    0x23, 0x78, 0xed, 0x23, 0xa6, 0xf4, 0xa8, 0x3e, 0x7d, 0xf7, 0x3e, 0xe2, 0x23, 0x3e, 0xe2, 0x23, 0x3e, 0x72, 0x05,
    0x96, 0x75, 0x20, 0x0b, 0xe1, 0x07, 0xce, 0x80, 0xf9, 0x88, 0x8f, 0xd8, 0xbc, 0x8f, 0xf8, 0x88, 0x8f, 0x18, 0xe0,
    0x80, 0x24, 0x51, 0x81, 0x8f, 0xf8, 0x88, 0x8f, 0xf8, 0x88, 0x8d, 0xfb, 0x48, 0x6d, 0xd3, 0x26, 0x1d, 0x10, 0xad,
    0x7e, 0xed, 0x23, 0x3e, 0x62, 0xe7, 0x3e, 0xe2, 0x23, 0x78, 0xef, 0x23, 0xb6, 0x19, 0x70, 0x09, 0xcc, 0x53, 0xd3,
    0x7e, 0xe3, 0x4c, 0x3e, 0xe2, 0x23, 0x36, 0xed, 0x23, 0x38, 0xee, 0x23, 0x3e, 0x62, 0xab, 0x02, 0x93, 0xea, 0xd3,
    0x77, 0xef, 0x23, 0x3e, 0x52, 0xe3, 0x3e, 0xe2, 0x23, 0x3e, 0x72, 0xf3, 0x16, 0x38, 0x20, 0xad, 0x7e, 0xed, 0x23,
    0x3e, 0xe2, 0x23, 0x3e, 0x62, 0xe7, 0x3e, 0x52, 0xdb, 0xb5, 0x71, 0x0a, 0x3c, 0x12, 0x15, 0xf8, 0x88, 0x8f, 0xf8,
    0x88, 0x8f, 0xf8, 0x88, 0x8d, 0x1b, 0x4a, 0xd0, 0xd9, 0x63, 0x40, 0x24, 0x38, 0x4d, 0xe5, 0x23, 0x3e, 0xb2, 0xfb,
    0xc8, 0x5d, 0xfb, 0x88, 0x8f, 0x98, 0xa5, 0x00, 0x04, 0x34, 0x43, 0xef, 0x23, 0x3e, 0xe2, 0x23, 0x3e, 0xe2, 0x23,
    0x35, 0x7f, 0x10, 0x15, 0x52, 0xf8, 0xd3, 0x41, 0x34, 0x3e, 0xe2, 0x23, 0x75, 0xed, 0x23, 0x3e, 0x72, 0xe7, 0x3e,
    0x62, 0x91, 0x02, 0xd1, 0xea, 0xd3, 0x38, 0xed, 0x23, 0x3e, 0xe2, 0x23, 0x3e, 0xe2, 0x23, 0xf5, 0x6d, 0x88, 0x01,
    0x91, 0x44, 0x05, 0xb5, 0xee, 0x23, 0x3e, 0xe2, 0x23, 0xb6, 0xee, 0x23, 0x3e, 0x62, 0xea, 0x01, 0x91, 0x44, 0x05,
    0x3e, 0xe2, 0x23, 0x3e, 0x62, 0xe3, 0x3e, 0xb2, 0xdb, 0x3e, 0x62, 0x27, 0xc1, 0x69, 0x92, 0x03, 0x94, 0x74, 0x44,
    0x3e, 0xe2, 0x23, 0xf5, 0xee, 0x23, 0x3e, 0x82, 0xd7, 0x3e, 0x52, 0xdf, 0xbb, 0xdd, 0x41, 0x82, 0xd3, 0x54, 0xb6,
    0x8f, 0xf8, 0x88, 0x8f, 0xf0, 0x3e, 0xe2, 0x23, 0x66, 0x1c, 0x30, 0xad, 0x3e, 0x8d, 0xd3, 0x3e, 0xe2, 0x23, 0xf5,
    0xed, 0x23, 0x3e, 0x72, 0xef, 0x3e, 0x62, 0x46, 0xcd, 0x80, 0x54, 0x3e, 0xe2, 0x23, 0x3e, 0xe2, 0x23, 0x3e, 0x72,
    0x1b, 0xdf, 0xff, 0x3f, 0x11, 0x21, 0x38, 0xcc, 0x83, 0x2c, 0xc4, 0xf0, 0x53, 0x03, 0x52, 0xf9, 0xc4, 0x85, 0x4c,
    0x3e, 0xe2, 0x23, 0x3e, 0x72, 0xd3, 0xb7, 0x82, 0x21, 0x85, 0x3f, 0x1d, 0x44, 0xe3, 0x23, 0x3e, 0xe2, 0x23, 0x75,
    0xed, 0x23, 0x79, 0xef, 0x23, 0x75, 0x9e, 0xdb, 0xea, 0x00, 0x25, 0x1d, 0x91, 0x8f, 0xf8, 0x88, 0x8f, 0xd4, 0xbb,
    0x8f, 0xe8, 0xb9, 0x8f, 0xd4, 0x7a, 0x6d, 0xb2, 0x03, 0x94, 0x44, 0x05, 0x3e, 0xe2, 0x23, 0x3e, 0x62, 0xe3, 0x3e,
    0xb2, 0xdb, 0x3e, 0x52, 0xeb, 0xbc, 0x45, 0x07, 0x44, 0x12, 0x15, 0xf8, 0x88, 0x8f, 0xd8, 0xb8, 0x8f, 0xf8, 0x08,
    0xce, 0xfb, 0x88, 0x19, 0x0f, 0x54, 0x4e, 0xe4, 0x23, 0x3e, 0x52, 0xf7, 0x3e, 0x82, 0xdf, 0x3e, 0xd2, 0xd7, 0x3e,
    0x52, 0xf3, 0xfb, 0xa5, 0x6c, 0xd6, 0x81, 0x2c, 0x84, 0x1f, 0x38, 0x03, 0xe6, 0x23, 0x3e, 0x62, 0xf3, 0x3e, 0xe2,
    0x23, 0xb9, 0xed, 0x23, 0x35, 0xce, 0xdb, 0x7d, 0x40, 0x25, 0xfa, 0x34, 0x5e, 0xfb, 0x88, 0x8f, 0xd4, 0xb6, 0x8f,
    0xdc, 0xba, 0x8f, 0xf0, 0xb8, 0x8f, 0x1c, 0x83, 0xf6, 0xff, 0x4f, 0x44, 0x08, 0x0e, 0xf3, 0x20, 0x0b, 0x31, 0xfc,
    0xd4, 0x80, 0x54, 0xb8, 0x4f, 0x5c, 0xc8, 0xe4, 0x23, 0xd6, 0xd4, 0x48, 0x47, 0xe4, 0x23, 0x3e, 0xe2, 0x23, 0x3e,
    0xe2, 0x23, 0xc6, 0x3c, 0x60, 0xad, 0x7e, 0xed, 0x23, 0x3e, 0x62, 0xe7, 0x3e, 0x82, 0xf7, 0x3e, 0xd2, 0xef, 0x3e,
    0x52, 0xf7, 0xf7, 0x29, 0x54, 0x48, 0xe1, 0x4f, 0x07, 0xd1, 0xf8, 0x88, 0x8f, 0xd4, 0xb5, 0x8f, 0xdc, 0xb9, 0x8f,
    0xf8, 0x88, 0x05, 0x0b, 0x4c, 0x82, 0xd3, 0x54, 0xb7, 0x8f, 0xf8, 0x88, 0x8f, 0xd4, 0xb4, 0x8f, 0xf8, 0x48, 0xce,
    0x5b, 0x71, 0xc0, 0x24, 0xfa, 0x34, 0x5e, 0xfb, 0x88, 0x8f, 0xd4, 0xb6, 0x8f, 0xf8, 0xc8, 0xad, 0xfb, 0x88, 0xbd,
    0x45, 0x12, 0x15, 0xd4, 0xba, 0x8f, 0xf8, 0x88, 0xad, 0xfb, 0x88, 0x8f, 0xf8, 0xc8, 0x99, 0x64, 0xd6, 0x81, 0x2c,
    0x84, 0x1f, 0x38, 0x03, 0xe6, 0x23, 0x3e, 0xe2, 0x23, 0x3e, 0x62, 0xf3, 0x3e, 0x52, 0xdb, 0xf8, 0xa9, 0x84, 0xc1,
    0xff, 0x3f, 0x11, 0x21, 0x38, 0xcc, 0x83, 0x2c, 0xc4, 0xf0, 0x53, 0x03, 0x52, 0xd9, 0x3e, 0x71, 0x21, 0x93, 0x8f,
    0xe4, 0xb8, 0x8f, 0xd4, 0x39, 0x6d, 0x9a, 0x03, 0xd4, 0xea, 0xd7, 0x3e, 0xe2, 0x23, 0x76, 0xee, 0x23, 0x3e, 0x82,
    0xf7, 0x3e, 0x52, 0xe3, 0xb9, 0x5d, 0x0b, 0x4c, 0x82, 0xd3, 0x54, 0x3e, 0xe2, 0x23, 0xbb, 0x8f, 0xdc, 0xb5, 0x8f,
    0xf8, 0xc8, 0xde, 0x5b, 0xbf, 0x00, 0x25, 0x1d, 0x4b, 0x8d, 0xfb, 0x88, 0x8f, 0xf8, 0x88, 0x8f, 0xd8, 0xb5, 0x8f,
    0xd4, 0xf5, 0x6e, 0xf5, 0x01, 0xd2, 0x80, 0x54, 0x3e, 0xe2, 0x23, 0xbd, 0x8f, 0xdc, 0xb7, 0x8f, 0xf0, 0xb5, 0x8f,
    0x98, 0xa6, 0x00, 0xe4, 0x44, 0x75, 0xee, 0x23, 0x3e, 0xe2, 0x23, 0x3e, 0xe2, 0x23, 0xb6, 0x6d, 0xcd, 0x03, 0x98,
    0x44, 0x05, 0xb5, 0xee, 0x23, 0x3e, 0x62, 0xeb, 0x3e, 0x92, 0xd3, 0x3e, 0xd2, 0xf3, 0x3e, 0x52, 0xf7, 0xf8, 0xb5,
    0x90, 0xc1, 0xff, 0x3f, 0x11, 0x21, 0x38, 0xcc, 0x83, 0x2c, 0xc4, 0xf0, 0x53, 0x03, 0x52, 0xf9, 0xc4, 0x85, 0x4c,
    0x3e, 0x72, 0xd3, 0x3e, 0xb2, 0xf3, 0x3e, 0x52, 0xef, 0xb8, 0x15, 0x0b, 0x44, 0xd2, 0xb1, 0xf8, 0x88, 0x8f, 0xf8,
    0x48, 0x9d, 0xfb, 0x88, 0x8f, 0xe8, 0xb7, 0xb9, 0x0a, 0x44, 0xd2, 0x11, 0xf9, 0x88, 0x8f, 0xd4, 0xbb, 0x8f, 0xf8,
    0x88, 0x8f, 0xe0, 0xb5, 0x7d, 0x07, 0x4c, 0xab, 0x4f, 0xe3, 0xb4, 0x8f, 0xf8, 0x88, 0x8f, 0xd4, 0xb7, 0x8f, 0xe8,
    0xb5, 0x8f, 0xd8, 0x58, 0xa4, 0xfa, 0xf4, 0xdd, 0xfb, 0x88, 0x8f, 0xd4, 0xb8, 0x8f, 0xf8, 0x88, 0x8f, 0x98, 0x67,
    0x40, 0xa4, 0xfa, 0xb5, 0x8f, 0xf8, 0x88, 0x7d, 0xfb, 0x08, 0xbe, 0xfb, 0x88, 0x8f, 0xd8, 0xb0, 0xc0, 0xb4, 0xfa,
    0x34, 0x4e, 0xfb, 0x88, 0x8f, 0xf8, 0x48, 0x7d, 0xfb, 0x88, 0x8f, 0xe8, 0xb5, 0x1d, 0x0b, 0x44, 0xd2, 0x11, 0xf9,
    0x88, 0x8f, 0xf8, 0x48, 0xbd, 0xfb, 0x88, 0x8f, 0xe8, 0xb9, 0xdd, 0x0b, 0x48, 0xd2, 0xb1, 0xf8, 0x88, 0x8f, 0xf8,
    0x88, 0x8f, 0xd4, 0xb9, 0x8f, 0xd4, 0x75, 0x6d, 0x60, 0x91, 0xe0, 0x34, 0xd5, 0xed, 0x23, 0x3e, 0x52, 0xd3, 0x3e,
    0xe2, 0x23, 0x3e, 0x62, 0x97, 0x02, 0x8e, 0x13, 0xf9, 0x88, 0x8f, 0xf8, 0x88, 0x8f, 0xf8, 0x48, 0xdd, 0x1f, 0x05,
    0x66, 0x1d, 0xc8, 0x42, 0xf8, 0x81, 0x33, 0x60, 0x3e, 0xe2, 0x23, 0x3e, 0x62, 0xf3, 0x3e, 0xb2, 0xeb, 0x3e, 0x72,
    0x19, 0x13, 0x52, 0xf8, 0xd3, 0x41, 0x34, 0x3e, 0xe2, 0x23, 0x3e, 0xe2, 0x23, 0x3e, 0x52, 0xd7, 0x16, 0x16, 0x89,
    0x3e, 0x8d, 0xd7, 0x3e, 0xe2, 0x23, 0xb5, 0xed, 0x23, 0x3e, 0xe2, 0x23, 0xf6, 0x2f, 0x20, 0xa9, 0x7e, 0xed, 0x23,
    0x3e, 0xe2, 0x23, 0x3e, 0x62, 0xdf, 0x3e, 0x52, 0xd7, 0xbd, 0xc9, 0x06, 0x40, 0x40, 0x33, 0xf4, 0x3e, 0xe2, 0x23,
    0x3e, 0xe2, 0x23, 0x35, 0xef, 0x23, 0x36, 0x2b, 0x20, 0x39, 0x51, 0x9d, 0xfb, 0x88, 0x8f, 0xd8, 0xb6, 0x8f, 0xf8,
    0x88, 0x8f, 0xe0, 0xba, 0x81, 0x0a, 0x3c, 0xaa, 0x6f, 0xfb, 0x88, 0x8f, 0xf8, 0x88, 0x8f, 0xf8, 0x88, 0xdd, 0x9b,
    0x60, 0x40, 0x25, 0x30, 0x4f, 0x4d, 0xfb, 0x8d, 0x33, 0xf9, 0x88, 0x8f, 0xf8, 0x88, 0x4d, 0xfb, 0x88, 0x8f, 0xd8,
    0xb7, 0x00, 0x26, 0x1d, 0x91, 0xcf, 0x00, 0x92, 0xe2, 0x23, 0x3e, 0x52, 0xeb, 0x3e, 0x82, 0xd3, 0x3e, 0xe2, 0x23,
    0x3c, 0x6f, 0xc0, 0x02, 0xd0, 0x80, 0x54, 0x3e, 0xe2, 0x23, 0x3e, 0xd2, 0xfb, 0x88, 0x8f, 0xe4, 0xbb, 0xf1, 0x07,
    0x4c, 0xd2, 0x11, 0xf9, 0x88, 0x8f, 0xd4, 0xbb, 0x8f, 0xe0, 0xb5, 0x8f, 0xf0, 0xbd, 0x8f, 0x58, 0x6d, 0x40, 0x24,
    0x1d, 0x4b, 0x8d, 0xfb, 0x88, 0x8f, 0xf8, 0x88, 0x8f, 0xd8, 0xb5, 0x8f, 0x58, 0x72, 0x80, 0x25, 0x1d, 0x91, 0xcf,
    0x00, 0x92, 0xe2, 0x23, 0x3e, 0x52, 0xeb, 0x3e, 0xe2, 0x23, 0x38, 0xed, 0x23, 0x96, 0x2c, 0x00, 0x39, 0x91, 0x8f,
    0xf8, 0x88, 0x8f, 0xd4, 0xbd, 0x8f, 0xf8, 0x88, 0xbe, 0x1b, 0xbf, 0x00, 0x26, 0x30, 0x4f, 0x4d, 0xfb, 0x8d, 0x33,
    0xf9, 0x88, 0x8f, 0xf8, 0x88, 0x8f, 0xd8, 0xb4, 0x8f, 0xd4, 0xb5, 0x6e, 0xbe, 0x03, 0x98, 0xe0, 0x34, 0xd5, 0xed,
    0x23, 0x3e, 0x52, 0xd3, 0x3e, 0x72, 0xe3, 0x3e, 0xc2, 0xdb, 0x3e, 0x52, 0xef, 0xbc, 0xfd, 0x0e, 0x60, 0xa2, 0x4f,
    0xe3, 0xb5, 0x8f, 0xf8, 0x48, 0x6d, 0xfb, 0xc8, 0xad, 0xfb, 0x08, 0x8f, 0xfb, 0x48, 0xcd, 0xd3, 0x26, 0x3c, 0x60,
    0x49, 0xc7, 0xe2, 0x23, 0x3e, 0x52, 0xe7, 0x3e, 0x72, 0xf7, 0x3e, 0xc2, 0xef, 0x3e, 0x52, 0xf3, 0xb7, 0x2d, 0x35,
    0xd2, 0xb1, 0xf8, 0x88, 0x8f, 0xf8, 0x88, 0x8f, 0xf8, 0x88, 0x79, 0x0b, 0x4c, 0xd2, 0xb1, 0xf8, 0x88, 0x8f, 0xd4,
    0xb9, 0x8f, 0xdc, 0xbd, 0x8f, 0xf8, 0x08, 0xbf, 0xdb, 0xb9, 0xc0, 0x24, 0x51, 0x81, 0x8f, 0xf8, 0x88, 0x8d, 0xfb,
    0x08, 0xce, 0xfb, 0x88, 0x8f, 0xf4, 0xfa, 0x11, 0x4c, 0x48, 0xe1, 0x4f, 0x07, 0xd1, 0xf8, 0x88, 0x8f, 0xd4, 0xb5,
    0x8f, 0xf8, 0x88, 0x8f, 0x98, 0xb9, 0xc0, 0xa4, 0xfa, 0xb5, 0x8f, 0xf8, 0x88, 0x7d, 0xfb, 0x08, 0xbe, 0xfb, 0x88,
    0x8f, 0xf4, 0xb9, 0x05, 0x07, 0x44, 0x82, 0xd3, 0x54, 0x3e, 0xe2, 0x23, 0xbb, 0x8f, 0xf8, 0xc8, 0x5d, 0xfb, 0x88,
    0x41, 0x0e, 0x50, 0xd2, 0xb1, 0xf8, 0x88, 0x8f, 0xd4, 0xb9, 0x8f, 0xf8, 0xc8, 0xdd, 0xfb, 0x48, 0x7d, 0xe7, 0x46,
    0xe4, 0x08, 0x4e, 0x53, 0xf9, 0x88, 0x8f, 0xf8, 0x88, 0x8f, 0xf8, 0x88, 0xb9, 0x3d, 0xab, 0x5f, 0xfb, 0x88, 0x8f,
    0xd8, 0xb9, 0x8f, 0xf8, 0x88, 0x8f, 0xd8, 0x61, 0xc0, 0xb3, 0xfa, 0xb5, 0x8f, 0xf8, 0x88, 0x8f, 0xd8, 0xb9, 0x8f,
    0xf8, 0x88, 0x4d, 0x06, 0x4c, 0xa2, 0x4f, 0xe3, 0xb5, 0x8f, 0xf8, 0x48, 0x6d, 0xfb, 0xc8, 0xad, 0xfb, 0x88, 0x8f,
    0x58, 0x6e, 0xc0, 0xb3, 0xfa, 0xb5, 0x8f, 0xf8, 0x88, 0x8f, 0xf8, 0x88, 0x9d, 0xfb, 0x88, 0x7d, 0x0a, 0x50, 0x02,
    0xf3, 0xec, 0x7e, 0xe3, 0x4c, 0x3e, 0xe2, 0x23, 0x3e, 0xe2, 0x23, 0x3e, 0x62, 0xef, 0x46, 0x19, 0x30, 0xad, 0x3e,
    0x8d, 0xd3, 0x3e, 0xe2, 0x23, 0xf5, 0xed, 0x23, 0xf7, 0xee, 0x23, 0x3e, 0x62, 0x9d, 0x02, 0xcf, 0xea, 0xd7, 0x3e,
    0xe2, 0x23, 0x3e, 0xe2, 0x23, 0x3e, 0x62, 0xe7, 0x46, 0x2c, 0x30, 0xa9, 0x3e, 0x7d, 0xf7, 0x3e, 0xe2, 0x23, 0x3e,
    0x52, 0xe3, 0x3e, 0xe2, 0x23, 0xba, 0x6d, 0xdb, 0x01, 0x92, 0xe0, 0x34, 0x95, 0xed, 0x23, 0x3e, 0xe2, 0x23, 0xbc,
    0x8f, 0xe4, 0xba, 0x8f, 0x18, 0x56, 0xa3, 0xfa, 0xb6, 0x8f, 0xf8, 0x88, 0x8f, 0xf8, 0x88, 0x8f, 0x98, 0x77, 0xc0,
    0x24, 0xfa, 0x34, 0x5e, 0xfb, 0x88, 0x8f, 0xf8, 0x48, 0x6d, 0xfb, 0x88, 0x4e, 0xfb, 0x88, 0x85, 0x07, 0x44, 0xd2,
    0xb1, 0xf8, 0x88, 0x8f, 0xf8, 0x48, 0x9d, 0xfb, 0x88, 0x7e, 0xfb, 0x88, 0x75, 0x0b, 0x54, 0xaa, 0x4f, 0xdf, 0xbd,
    0x8f, 0xf8, 0x48, 0x8d, 0xfb, 0xc8, 0xcd, 0xfb, 0x88, 0x8f, 0xf0, 0xba, 0x25, 0x0f, 0x5c, 0x4e, 0x54, 0xe7, 0x3e,
    0xe2, 0x23, 0xb6, 0xed, 0x23, 0xb8, 0xee, 0x23, 0x3d, 0xee, 0x23, 0x75, 0x4f, 0x1f, 0x40, 0x41, 0x34, 0x53, 0x84,
    0x19, 0x5f, 0xa4, 0xfa, 0xf4, 0xdd, 0xfb, 0x88, 0x8f, 0xf8, 0x48, 0x8d, 0xfb, 0x88, 0x8f, 0xd8, 0x13, 0xe3, 0x44,
    0x3e, 0xe2, 0x23, 0x3e, 0xe2, 0x23, 0x3e, 0x62, 0xa9, 0x01, 0x90, 0xe0, 0x34, 0x95, 0xed, 0x23, 0x3e, 0xe2, 0x23,
    0x3e, 0xc2, 0xfb, 0x88, 0x85, 0x0b, 0x50, 0x40, 0x33, 0xf4, 0x3e, 0xe2, 0x23, 0x35, 0xef, 0x23, 0xb8, 0xed, 0x23,
    0x3e, 0xd2, 0xd3, 0xf6, 0x28, 0x10, 0x09, 0x4e, 0x53, 0xdd, 0x3e, 0xe2, 0x23, 0x3e, 0xe2, 0x23, 0x3e, 0x52, 0xd3,
    0x76, 0x1c, 0x30, 0xa9, 0x3e, 0x7d, 0xf7, 0x3e, 0xe2, 0x23, 0x35, 0xee, 0x23, 0x3e, 0x72, 0xf3, 0x3e, 0x62, 0x64,
    0x8f, 0x74, 0x2c, 0x3e, 0xe2, 0x23, 0x75, 0xee, 0x23, 0x3e, 0xe2, 0x23, 0x86, 0x1a, 0xf0, 0x08, 0x4e, 0x53, 0xf9,
    0x88, 0x8f, 0xf8, 0x88, 0x8f, 0xec, 0x3e, 0x62, 0xca, 0x02, 0x97, 0xc0, 0x3c, 0x35, 0xed, 0x37, 0xce, 0xe4, 0x23,
    0x3e, 0xe2, 0x23, 0x36, 0xed, 0x23, 0x3e, 0xa2, 0xf3, 0x56, 0x3a, 0x60, 0x09, 0x4e, 0x53, 0xdd, 0x3e, 0xe2, 0x23,
    0x3e, 0x52, 0xd3, 0x3e, 0x92, 0xf3, 0x3e, 0x52, 0xe7, 0xb8, 0xe5, 0x0b, 0x48, 0xd2, 0x11, 0xf9, 0x88, 0x8f, 0xf8,
    0x88, 0x8f, 0xd4, 0xbb, 0x8f, 0xd4, 0xf5, 0x7d, 0x02, 0x94, 0x75, 0x20, 0x0b, 0xe1, 0x07, 0xce, 0x80, 0xf9, 0x88,
    0x8f, 0xf8, 0x88, 0x8f, 0xf8, 0x88, 0x01, 0x06, 0x40, 0x40, 0x33, 0xf4, 0x3e, 0xe2, 0x23, 0x3e, 0x52, 0xf3, 0x3e,
    0xe2, 0x23, 0x86, 0x1c, 0x10, 0x49, 0xc7, 0xe2, 0x23, 0x3e, 0x52, 0xe7, 0x3e, 0xe2, 0x23, 0x77, 0xef, 0x23, 0x16,
    0x28, 0x40, 0x39, 0x51, 0x9d, 0xfb, 0x88, 0x8f, 0xd8, 0xb6, 0x8f, 0xe0, 0xba, 0x8f, 0xf4, 0xb8, 0x8f, 0x18, 0x78,
    0xc0, 0xa4, 0xfa, 0xf4, 0xdd, 0xfb, 0x88, 0x8f, 0xf8, 0x48, 0x8d, 0xfb, 0x88, 0x6e, 0xfb, 0x88, 0xa5, 0x0b, 0x54,
    0x12, 0x15, 0xd4, 0xba, 0x8f, 0xf8, 0x88, 0xad, 0xfb, 0x48, 0x4e, 0xfb, 0x88, 0x8f, 0xf4, 0xbc, 0x55, 0x35, 0xab,
    0x5f, 0xfb, 0x88, 0x8f, 0xf8, 0x88, 0x8f, 0xf8, 0x88, 0x69, 0x06, 0x40, 0x4e, 0xe4, 0x23, 0x3e, 0x52, 0xf7, 0x3e,
    0x82, 0xdf, 0x3e, 0xe2, 0x23, 0xc6, 0x1c, 0x00, 0x39, 0x91, 0x8f, 0xf8, 0x48, 0xdd, 0xfb, 0x88, 0x8f, 0xe0, 0xb7,
    0x8f, 0x18, 0xac, 0x00, 0xe4, 0x44, 0x3e, 0xe2, 0x23, 0x75, 0xef, 0x23, 0x3e, 0xe2, 0x23, 0xf8, 0x6d, 0xc2, 0x02,
    0x93, 0xe8, 0xd3, 0x78, 0xed, 0x23, 0x3e, 0xe2, 0x23, 0xb5, 0xed, 0x23, 0x3e, 0xa2, 0xd3, 0x96, 0x39, 0x40, 0x49,
    0x54, 0xe0, 0x23, 0x3e, 0x62, 0xe3, 0x3e, 0xe2, 0x23, 0x38, 0xef, 0x23, 0x35, 0x8e, 0x5b, 0xec, 0x00, 0xa5, 0xfa,
    0xb5, 0x8f, 0xf8, 0x88, 0x8f, 0xd8, 0xb7, 0x8f, 0xec, 0xb5, 0x8f, 0xd4, 0xfa, 0x6e, 0x5f, 0xce, 0x80, 0x54, 0x3e,
    0xe2, 0x23, 0xbd, 0x8f, 0xf8, 0x88, 0x8f, 0xd8, 0xbc, 0x00, 0x25, 0x38, 0x4d, 0x75, 0xfb, 0x88, 0x8f, 0xf8, 0x88,
    0x8f, 0xd4, 0xb4, 0x8f, 0xd4, 0xb4, 0x6e, 0x4c, 0x92, 0x74, 0x44, 0x3e, 0x03, 0x48, 0x8a, 0x8f, 0xf8, 0x88, 0x8f,
    0xf8, 0x88, 0x8f, 0xd8, 0x6c, 0x80, 0xe3, 0x44, 0x3e, 0xe2, 0x23, 0x3e, 0xe2, 0x23, 0x75, 0xef, 0x23, 0x86, 0xf4,
    0x88, 0x3e, 0x8d, 0xd7, 0x3e, 0xe2, 0x23, 0x3e, 0xe2, 0x23, 0x3e, 0x62, 0x7d, 0x8f, 0x74, 0x2c, 0x3e, 0xe2, 0x23,
    0x3e, 0x52, 0xe7, 0x3e, 0xe2, 0x23, 0xf6, 0x1c, 0x20, 0x39, 0x51, 0x9d, 0xfb, 0x88, 0x8f, 0xd8, 0xb6, 0x8f, 0xf8,
    0x08, 0xae, 0xfb, 0x88, 0x11, 0x0a, 0x4c, 0xab, 0x5f, 0xfb, 0x88, 0x8f, 0xd8, 0xb9, 0x8f, 0xe0, 0xbd, 0x8f, 0xf4,
    0xbb, 0x8f, 0xdc, 0x47, 0x85, 0x14, 0xfe, 0x74, 0x10, 0x8d, 0x8f, 0xf8, 0x88, 0x8f, 0xd4, 0xb5, 0x8f, 0xf8, 0x48,
    0xde, 0x5b, 0x68, 0xc0, 0x24, 0x51, 0x41, 0xad, 0xfb, 0x88, 0x8f, 0xd8, 0xba, 0x8f, 0xe4, 0xb4, 0x8f, 0xf8, 0x88,
    0xed, 0x06, 0x50, 0x02, 0xf3, 0xec, 0x7e, 0xe3, 0x4c, 0x3e, 0xe2, 0x23, 0x3e, 0xe2, 0x23, 0xf6, 0xee, 0x23, 0x76,
    0x1e, 0x30, 0x49, 0xc7, 0x52, 0xe3, 0x3e, 0xe2, 0x23, 0x3e, 0x62, 0xd7, 0x3e, 0xa2, 0xf7, 0x3e, 0x62, 0xe4, 0x02,
    0x95, 0x74, 0x2c, 0x35, 0xee, 0x23, 0x3e, 0x62, 0xd7, 0x3e, 0x82, 0xe7, 0x3e, 0xe2, 0x23, 0xfd, 0x6d, 0xa2, 0x01,
    0x96, 0xc0, 0x3c, 0xbb, 0xdf, 0x38, 0x93, 0x8f, 0xf8, 0x88, 0xbd, 0xfb, 0x48, 0x5e, 0xfb, 0x88, 0x8f, 0x58, 0xe2,
    0x00, 0x25, 0x38, 0x4d, 0xe5, 0x23, 0x3e, 0xb2, 0xfb, 0x88, 0x8f, 0xdc, 0xb5, 0x8f, 0xd4, 0xf6, 0x6e, 0xad, 0x02,
    0x96, 0x74, 0x44, 0x3e, 0x03, 0x48, 0x8a, 0x8f, 0xf8, 0x48, 0xad, 0xfb, 0x88, 0x8f, 0xf8, 0x08, 0x4e, 0x9b, 0xf3,
    0xc0, 0x26, 0x30, 0xcf, 0xee, 0x37, 0xce, 0xe4, 0x23, 0x3e, 0x62, 0xef, 0x3e, 0x92, 0xd7, 0x3e, 0xd2, 0xf7, 0x3e,
    0x52, 0xf7, 0xb9, 0x7d, 0x06, 0x44, 0x12, 0x15, 0xf8, 0x88, 0x8f, 0xd8, 0xb8, 0x8f, 0xe0, 0xbc, 0x8f, 0xf8, 0x88,
    0xb9, 0x06, 0x44, 0xaa, 0x4f, 0xdf, 0xbd, 0x8f, 0xf8, 0x88, 0x8f, 0xf8, 0x48, 0x8d, 0xfb, 0x88, 0x8d, 0x07, 0x44,
    0xd2, 0x11, 0xf9, 0x88, 0x8f, 0xf8, 0x48, 0xbd, 0xfb, 0x88, 0x9e, 0xfb, 0x88, 0xf5, 0x07, 0x50, 0x40, 0x33, 0xf4,
    0x3e, 0xe2, 0x23, 0x35, 0xef, 0x23, 0xb8, 0xed, 0x23, 0x3d, 0xed, 0x23, 0x06, 0x1a, 0x10, 0xad, 0x7e, 0xed, 0x23,
    0x3e, 0x62, 0xe7, 0x3e, 0x82, 0xf7, 0x3e, 0xe2, 0x23, 0xf6, 0x1a, 0xf0, 0x48, 0xc7, 0xe2, 0x23, 0x3e, 0xe2, 0x23,
    0x3e, 0x52, 0xe7, 0x3e, 0x62, 0x7a, 0x91, 0xe8, 0xd3, 0x78, 0xed, 0x23, 0x3e, 0xe2, 0x23, 0xb5, 0xed, 0x23, 0x3e,
    0x62, 0xdc, 0x02, 0xd5, 0xea, 0xd3, 0x38, 0xed, 0x23, 0x3e, 0x52, 0xdf, 0x3e, 0x72, 0xef, 0x3e, 0xe2, 0x23, 0x7c,
    0x6e, 0xa5, 0x02, 0x91, 0xe0, 0x34, 0x95, 0x8f, 0xf8, 0xc8, 0xee, 0x23, 0x3e, 0xe2, 0x23, 0x77, 0x6d, 0x67, 0x10,
    0xd0, 0x0c, 0xbd, 0x8f, 0xf8, 0x48, 0xcd, 0xfb, 0x88, 0x8f, 0xf8, 0x88, 0xb1, 0x3d, 0xaa, 0x5f, 0xfb, 0x88, 0x8f,
    0xd8, 0xb7, 0x8f, 0xf8, 0x88, 0x8f, 0xd8, 0xf3, 0xc0, 0xa5, 0xfa, 0xb6, 0x8f, 0xf8, 0x88, 0xdd, 0xfb, 0x48, 0x7e,
    0xfb, 0x48, 0x4d, 0xd7, 0x3e, 0x52, 0xf7, 0xbb, 0xf1, 0x06, 0x3c, 0xaa, 0x6f, 0xfb, 0x88, 0x8f, 0xf8, 0x88, 0x8f,
    0xd8, 0xbd, 0x8f, 0x1c, 0x49, 0xf7, 0xff, 0x4f, 0x44, 0x08, 0x0e, 0xf3, 0x20, 0x0b, 0x31, 0xfc, 0xd4, 0x80, 0x54,
    0xb8, 0x4f, 0x5c, 0xc8, 0xe4, 0x23, 0x35, 0x6d, 0x1b, 0xbe, 0xc0, 0x25, 0x1d, 0x91, 0xcf, 0x00, 0x92, 0xe2, 0x23,
    0x3e, 0xe2, 0x23, 0x3e, 0x52, 0xeb, 0x3e, 0x52, 0xd7, 0xb6, 0x51, 0x07, 0x58, 0x02, 0xf3, 0xec, 0x7e, 0xe3, 0x4c,
    0x3e, 0xe2, 0x23, 0xf6, 0xee, 0x23, 0x3e, 0x92, 0xd7, 0x3e, 0x62, 0xd2, 0x02, 0x91, 0xea, 0xdb, 0x3e, 0xe2, 0x23,
    0x3e, 0x62, 0xf7, 0x3e, 0xe2, 0x23, 0xfb, 0x6e, 0xd1, 0x02, 0x96, 0xc0, 0x3c, 0xbb, 0xdf, 0x38, 0x93, 0x8f, 0xf8,
    0x88, 0x8f, 0xd8, 0xbb, 0x8f, 0xf8, 0xc8, 0x9e, 0x5b, 0xa6, 0x40, 0x24, 0x1d, 0x4b, 0x8d, 0xfb, 0x88, 0x8f, 0xf8,
    0x88, 0x8f, 0xf8, 0x88, 0x5d, 0x1b, 0x7a, 0x80, 0xe4, 0x44, 0x75, 0xee, 0x23, 0x3e, 0xe2, 0x23, 0xb6, 0xed, 0x23,
    0x3b, 0xed, 0x23, 0xc6, 0x2c, 0x20, 0x39, 0x51, 0x9d, 0xfb, 0x88, 0x8f, 0xf8, 0x88, 0x6d, 0xfb, 0x88, 0x8f, 0xec,
    0xf4, 0x55, 0x84, 0xc1, 0xff, 0x3f, 0x11, 0x21, 0x38, 0xcc, 0x83, 0x2c, 0xc4, 0xf0, 0x53, 0x03, 0x52, 0xf9, 0xc4,
    0x85, 0x4c, 0x3e, 0x72, 0xd3, 0x3e, 0xb2, 0xf3, 0x3e, 0x62, 0x86, 0x02, 0x98, 0xc0, 0x3c, 0xbb, 0xdf, 0x38, 0x93,
    0x8f, 0xf8, 0x88, 0xbd, 0xfb, 0x48, 0x5e, 0xfb, 0x48, 0xdf, 0xfb, 0x88, 0x19, 0x0b, 0x58, 0xd2, 0x11, 0xf9, 0x0c,
    0x20, 0x29, 0x3e, 0xe2, 0x23, 0x3e, 0x52, 0xeb, 0x3e, 0xe2, 0x23, 0x3a, 0x7e, 0x1a, 0x96, 0x75, 0x20, 0x0b, 0xe1,
    0x07, 0xce, 0x80, 0xf9, 0x88, 0x8f, 0xf8, 0x88, 0x8f, 0xf8, 0x88, 0xcd, 0x1b, 0x64, 0x80, 0x24, 0x38, 0x4d, 0x65,
    0xfb, 0x88, 0x8f, 0xf0, 0x3e, 0x72, 0xdb, 0x3e, 0xe2, 0x23, 0x16, 0x39, 0x90, 0x49, 0x47, 0xe4, 0x33, 0x80, 0xa4,
    0xf8, 0x88, 0x8f, 0xd4, 0xba, 0x8f, 0xf8, 0x08, 0x4e, 0xfb, 0x48, 0x7d, 0xeb, 0x36, 0x29, 0xf0, 0x48, 0xc7, 0xe2,
    0x23, 0x3e, 0xe2, 0x23, 0x3e, 0xe2, 0x23, 0x75, 0x6e, 0x4e, 0x0e, 0xd0, 0x0c, 0xbd, 0x8f, 0xf8, 0x88, 0x8f, 0xf8,
    0x88, 0x8f, 0x58, 0x77, 0xc0, 0x24, 0x38, 0x4d, 0x75, 0xfb, 0x88, 0x8f, 0xf8, 0x48, 0x4d, 0xfb, 0x48, 0xce, 0xfb,
    0x88, 0x89, 0x45, 0xab, 0x4f, 0xe3, 0xb4, 0x8f, 0xf8, 0x48, 0x7d, 0xfb, 0x88, 0x8f, 0xf8, 0x88, 0xe1, 0x39, 0x03,
    0x52, 0xf9, 0x88, 0x8f, 0xf8, 0x48, 0xef, 0x23, 0x3e, 0x62, 0xd3, 0x01, 0x93, 0x44, 0x05, 0xb5, 0xee, 0x23, 0x3e,
    0x62, 0xeb, 0x3e, 0xe2, 0x23, 0x39, 0xed, 0x23, 0x96, 0x18, 0x40, 0x09, 0xcc, 0xb3, 0xfb, 0x8d, 0x33, 0xf9, 0x88,
    0x8f, 0xf8, 0x88, 0xbd, 0xfb, 0x88, 0x8f, 0x58, 0xa3, 0x00, 0x24, 0x38, 0x4d, 0x65, 0xfb, 0x88, 0x8f, 0xf8, 0x88,
    0x8f, 0xf8, 0x08, 0x6f, 0xbb, 0x03, 0x96, 0xe0, 0x34, 0x95, 0x8f, 0xf8, 0xc8, 0xee, 0x23, 0x77, 0xed, 0x23, 0x7b,
    0xef, 0x23, 0xf5, 0x9e, 0x1b, 0x6d, 0x40, 0x25, 0x30, 0x4f, 0x4d, 0xfb, 0x8d, 0x33, 0xf9, 0x88, 0x8f, 0xf8, 0x88,
    0x8f, 0xd8, 0xb4, 0x8f, 0x58, 0xed, 0x40, 0x26, 0x30, 0xcf, 0xee, 0x37, 0xce, 0xe4, 0x23, 0x3e, 0xe2, 0x23, 0xf6,
    0xee, 0x23, 0x7b, 0xee, 0x23, 0xf5, 0x5e, 0x1b, 0xae, 0x80, 0x25, 0x30, 0xcf, 0xee, 0x37, 0xce, 0xe4, 0x23, 0x3e,
    0x62, 0xef, 0x3e, 0xe2, 0x23, 0x3e, 0x92, 0xd7, 0xe6, 0x2f, 0x30, 0x39, 0x51, 0x9d, 0xfb, 0x88, 0x8f, 0xf8, 0x88,
    0x8f, 0xd8, 0xb6, 0x8f, 0xd4, 0x35, 0x6f, 0xdc, 0x01, 0xd0, 0x80, 0x54, 0x3e, 0xe2, 0x23, 0x3e, 0xd2, 0xfb, 0x48,
    0xbe, 0xfb, 0x88, 0xb5, 0x0e, 0x4c, 0x4e, 0xe4, 0x23, 0x3e, 0xe2, 0x23, 0x75, 0xef, 0x23, 0xfa, 0xee, 0x23, 0xb5,
    0x7e, 0x1b, 0xe6, 0x00, 0xa5, 0xfa, 0xb5, 0x8f, 0xf8, 0x88, 0x7d, 0xfb, 0x88, 0x8f, 0xe0, 0xbb, 0x8f, 0xd4, 0xf8,
    0x6d, 0x99, 0x01, 0x12, 0xd0, 0x0c, 0xbd, 0x8f, 0xf8, 0x48, 0xcd, 0xfb, 0x08, 0x6e, 0xfb, 0x88, 0x8f, 0x98, 0xb8,
    0x80, 0xe4, 0x44, 0x3e, 0xe2, 0x23, 0x75, 0xef, 0x23, 0xf8, 0xed, 0x23, 0x3e, 0xd2, 0xd7, 0x56, 0x39, 0xa0, 0x09,
    0xcc, 0x53, 0xd3, 0x7e, 0xe3, 0x4c, 0x3e, 0xe2, 0x23, 0x36, 0xed, 0x23, 0x3e, 0x82, 0xe3, 0x3e, 0x52, 0xe3, 0xb4,
    0x49, 0x0a, 0x44, 0xaa, 0x4f, 0xdf, 0xbd, 0x8f, 0xf8, 0x88, 0x8f, 0xf8, 0x88, 0x8f, 0xd4, 0xf8, 0x89, 0x5c, 0x48,
    0xe1, 0x4f, 0x07, 0xd1, 0xf8, 0x88, 0x8f, 0xd4, 0xb5, 0x8f, 0xdc, 0xb9, 0x8f, 0xf8, 0x08, 0x7f, 0x1b, 0xe7, 0x40,
    0x26, 0x30, 0xcf, 0xee, 0x37, 0xce, 0xe4, 0x23, 0x3e, 0x62, 0xef, 0x3e, 0xe2, 0x23, 0x79, 0xed, 0x23, 0x35, 0xbe,
    0x5b, 0xf1, 0xc0, 0x05, 0x34, 0x43, 0xef, 0x23, 0x3e, 0x52, 0xf3, 0x3e, 0x82, 0xdb, 0x3e, 0xd2, 0xd3, 0x3e, 0x52,
    0xf3, 0xba, 0xd9, 0x0e, 0x50, 0xaa, 0x6f, 0xfb, 0x88, 0x8f, 0xf8, 0x88, 0xdd, 0xfb, 0xc8, 0xbe, 0xfb, 0x48, 0xbd,
    0xdf, 0xb6, 0x3c, 0x60, 0x49, 0x54, 0xe0, 0x23, 0x3e, 0x62, 0xe3, 0x3e, 0x82, 0xf3, 0x3e, 0xd2, 0xeb, 0x3e, 0x52,
    0xf7, 0xb6, 0xe5, 0x45, 0x82, 0xd3, 0x54, 0xb7, 0x8f, 0xf8, 0x88, 0x8f, 0xd4, 0xb4, 0x8f, 0xf8, 0x88, 0x05, 0x06,
    0x38, 0x4e, 0xe4, 0x23, 0x3e, 0xe2, 0x23, 0x75, 0xef, 0x23, 0x3e, 0x62, 0x95, 0x01, 0x93, 0xea, 0xd3, 0x77, 0xef,
    0x23, 0x3e, 0x52, 0xe3, 0x3e, 0x72, 0xf3, 0x3e, 0xe2, 0x23, 0x77, 0x30, 0x21, 0x85, 0x3f, 0x1d, 0x44, 0xe3, 0x23,
    0x3e, 0xe2, 0x23, 0x75, 0xed, 0x23, 0x3e, 0x62, 0x96, 0x03, 0x96, 0x74, 0x2c, 0x35, 0xee, 0x23, 0x3e, 0x62, 0xd7,
    0x3e, 0xe2, 0x23, 0x78, 0xee, 0x23, 0x35, 0x5e, 0x5b, 0x67, 0x80, 0xe4, 0x44, 0x75, 0xee, 0x23, 0x3e, 0x62, 0xdb,
    0x3e, 0x82, 0xeb, 0x3e, 0xe2, 0x23, 0x56, 0x18, 0xf0, 0xa8, 0x7e, 0xed, 0x23, 0x3e, 0xe2, 0x23, 0xf6, 0xed, 0x23,
    0x3e, 0x62, 0xb2, 0x02, 0x93, 0x74, 0x2c, 0x35, 0xee, 0x23, 0x3e, 0x62, 0xd7, 0x3e, 0xe2, 0x23, 0x3e, 0x82, 0xe7,
    0x97, 0xf0, 0xfd, 0xff, 0x13, 0x11, 0x82, 0xc3, 0x3c, 0xc8, 0x42, 0x0c, 0x3f, 0x35, 0x20, 0x95, 0x4f, 0x5c, 0xc8,
    0xe4, 0x23, 0x37, 0xed, 0x23, 0x3e, 0x62, 0xf4, 0x02, 0x94, 0xe8, 0xd3, 0x78, 0xed, 0x23, 0x3e, 0xe2, 0x23, 0x3e,
    0x52, 0xdb, 0x3e, 0x52, 0xd3, 0xbc, 0x51, 0x35, 0x12, 0x15, 0xf8, 0x88, 0x8f, 0xf8, 0x88, 0x8f, 0xf8, 0x88, 0xad,
    0x41, 0x4e, 0x54, 0xe7, 0x3e, 0xe2, 0x23, 0xb6, 0xed, 0x23, 0x3e, 0xe2, 0x23, 0x06, 0x2e, 0x30, 0x49, 0x47, 0xe4,
    0x23, 0x3e, 0x52, 0xef, 0x3e, 0x82, 0xd7, 0x3e, 0xe2, 0x23, 0x7c, 0x6f, 0x8c, 0x02, 0x8f, 0xe0, 0x34, 0x95, 0x8f,
    0xf8, 0x88, 0x8f, 0xf8, 0x88, 0x8f, 0xec, 0xa6, 0x3a, 0x90, 0x49, 0x47, 0xe4, 0x33, 0x80, 0xa4, 0xf8, 0x88, 0x8f,
    0xf8, 0x48, 0xad, 0xfb, 0x88, 0x8e, 0xfb, 0x48, 0xad, 0xd3, 0x76, 0x28, 0x40, 0xa9, 0xbe, 0xed, 0x23, 0x3e, 0x62,
    0xf7, 0x3e, 0x92, 0xdf, 0x3e, 0x52, 0xd3, 0xb5, 0x8f, 0x58, 0x79, 0x00, 0xe4, 0x44, 0x3e, 0xe2, 0x23, 0x3e, 0x52,
    0xf7, 0x3e, 0xa2, 0xef, 0x3e, 0x62, 0xcb, 0x01, 0x12, 0xd0, 0x0c, 0xbd, 0x8f, 0xf8, 0x48, 0xcd, 0xfb, 0x88, 0x8f,
    0xe0, 0xb6, 0x8f, 0x18, 0xb2, 0x80, 0x04, 0x34, 0x43, 0xef, 0x23, 0x3e, 0xe2, 0x23, 0x35, 0xef, 0x23, 0x3e, 0xa2,
    0xeb, 0xe7, 0xa2, 0x21, 0x85, 0x3f, 0x1d, 0x44, 0xe3, 0x23, 0x3e, 0x52, 0xd7, 0x3e, 0x72, 0xe7, 0x3e, 0xc2, 0xdf,
    0x3e, 0x52, 0xef, 0xbd, 0x09, 0x07, 0x48, 0x82, 0xd3, 0x54, 0xb6, 0x8f, 0xf8, 0x08, 0xef, 0x23, 0x3e, 0x72, 0xdb,
    0x3e, 0x62, 0x45, 0x8f, 0xe0, 0x34, 0x95, 0xed, 0x23, 0x3e, 0xe2, 0x23, 0x3e, 0xe2, 0x23, 0x17, 0x10, 0x21, 0x85,
    0x3f, 0x1d, 0x44, 0xe3, 0x23, 0x3e, 0xe2, 0x23, 0x3e, 0xe2, 0x23, 0x56, 0x46, 0x49, 0x47, 0xe4, 0x33, 0x80, 0xa4,
    0xf8, 0x88, 0x8f, 0xd4, 0xba, 0x8f, 0xf8, 0x88, 0x8f, 0x98, 0x1f, 0x25, 0x1d, 0x91, 0xcf, 0x00, 0x92, 0xe2, 0x23,
    0x3e, 0xe2, 0x23, 0xb5, 0xee, 0x23, 0x3e, 0x62, 0x94, 0x03, 0x93, 0x13, 0xf9, 0x88, 0x8f, 0xd4, 0xbd, 0x8f, 0xf8,
    0x08, 0x7e, 0xfb, 0x48, 0x7d, 0xf7, 0x06, 0x1b, 0x40, 0x49, 0x47, 0xe4, 0x33, 0x80, 0xa4, 0xf8, 0x88, 0x8f, 0xf8,
    0x88, 0x8f, 0xd4, 0xba, 0x8f, 0x58, 0xbd, 0x00, 0xb5, 0xfa, 0x34, 0x4e, 0xfb, 0x88, 0x8f, 0xf8, 0x88, 0x8f, 0xd4,
    0xb7, 0x8f, 0xd4, 0x74, 0x6f, 0x94, 0x02, 0x94, 0x74, 0x44, 0x3e, 0x03, 0x48, 0x8a, 0x8f, 0xf8, 0x88, 0x8f, 0xf8,
    0x88, 0x8f, 0xd4, 0xba, 0x11, 0x0e, 0x48, 0xaa, 0x6f, 0xfb, 0x88, 0x8f, 0xf8, 0x88, 0x8f, 0xd8, 0xbd, 0x8f, 0xd4,
    0x76, 0x6e, 0xeb, 0x02, 0x94, 0xea, 0xdb, 0x3e, 0xe2, 0x23, 0x76, 0xef, 0x23, 0xf9, 0xed, 0x23, 0x3e, 0x52, 0xd3,
    0xb5, 0x59, 0x06, 0x44, 0xd2, 0xb1, 0xf8, 0x88, 0x8f, 0xd4, 0xb9, 0x8f, 0xdc, 0xbd, 0x8f, 0xf8, 0x88, 0xdd, 0x0a,
    0x4c, 0x12, 0x15, 0xd4, 0xba, 0x8f, 0xf8, 0x88, 0xad, 0xfb, 0x88, 0x8f, 0xf8, 0x48, 0x4e, 0x1b, 0x1c, 0x25, 0x30,
    0xcf, 0xee, 0x37, 0xce, 0xe4, 0x23, 0x3e, 0x62, 0xef, 0x3e, 0xe2, 0x23, 0x3e, 0x62, 0x8a, 0x03, 0x95, 0xe0, 0x34,
    0x95, 0xed, 0x23, 0x3e, 0xc2, 0xfb, 0x88, 0x8f, 0xdc, 0xb6, 0x8f, 0xd4, 0x36, 0x6f, 0xb9, 0x02, 0x91, 0xea, 0xdb,
    0x3e, 0xe2, 0x23, 0x76, 0xef, 0x23, 0x3e, 0xe2, 0x23, 0xf9, 0x6d, 0xd0, 0x02, 0x93, 0x44, 0x05, 0xb5, 0xee, 0x23,
    0x3e, 0xe2, 0x23, 0xb6, 0xee, 0x23, 0x3e, 0xb2, 0xe3, 0x26, 0x1e, 0x60, 0x49, 0x47, 0xe4, 0x33, 0x80, 0xa4, 0xf8,
    0x88, 0x8f, 0xf8, 0x48, 0xad, 0xfb, 0x88, 0x8e, 0xfb, 0x88, 0xbd, 0x0a, 0x48, 0x40, 0x33, 0xf4, 0x3e, 0xe2, 0x23,
    0x35, 0xef, 0x23, 0x3e, 0xe2, 0x23, 0xb8, 0x6d, 0xaa, 0x01, 0xce, 0x80, 0x54, 0x3e, 0xe2, 0x23, 0x3e, 0xe2, 0x23,
    0xbd, 0x8f, 0xd8, 0xe2, 0xc0, 0x34, 0x20, 0x95, 0x8f, 0xf8, 0x48, 0xef, 0x23, 0x3e, 0x72, 0xdf, 0x3e, 0x52, 0xdb,
    0xfd, 0x39, 0x58, 0xd6, 0x81, 0x2c, 0x84, 0x1f, 0x38, 0x03, 0xe6, 0x23, 0x3e, 0xe2, 0x23, 0x3e, 0x62, 0xf3, 0x3e,
    0x62, 0xb4, 0x02, 0x91, 0xea, 0xd7, 0x3e, 0xe2, 0x23, 0xf6, 0xed, 0x23, 0x3e, 0xe2, 0x23, 0xf8, 0x6e, 0xb6, 0x02,
    0xd1, 0xea, 0xd7, 0x3e, 0xe2, 0x23, 0x76, 0xee, 0x23, 0x3e, 0xe2, 0x23, 0x78, 0x7f, 0x25, 0x16, 0x52, 0xf8, 0xd3,
    0x41, 0x34, 0x3e, 0xe2, 0x23, 0x3e, 0xe2, 0x23, 0x75, 0xed, 0x23, 0x35, 0xbd, 0x9b, 0xbe, 0xc0, 0x04, 0x34, 0x43,
    0xef, 0x23, 0x3e, 0xe2, 0x23, 0x3e, 0x52, 0xf3, 0x3e, 0x52, 0xd7, 0xb8, 0x09, 0x0a, 0x4c, 0xaa, 0x5f, 0xfb, 0x88,
    0x8f, 0xd8, 0xb7, 0x8f, 0xe0, 0xbb, 0x8f, 0xf4, 0xb9, 0x8f, 0x18, 0x6b, 0x40, 0x24, 0xfa, 0x34, 0x5e, 0xfb, 0x88,
    0x8f, 0xf8, 0x88, 0x8f, 0xd4, 0xb6, 0x8f, 0x98, 0x64, 0xc0, 0x24, 0x38, 0x4d, 0x75, 0xfb, 0x88, 0x8f, 0xd4, 0xb4,
    0x8f, 0xdc, 0xb8, 0x8f, 0xf8, 0x88, 0x11, 0x07, 0x4c, 0x82, 0xd3, 0x54, 0xb7, 0x8f, 0xf8, 0x48, 0x4d, 0xfb, 0x88,
    0x8f, 0xdc, 0xb8, 0x8f, 0x18, 0xaa, 0xc0, 0x24, 0x38, 0x4d, 0x75, 0xfb, 0x88, 0x8f, 0xd4, 0xb4, 0x8f, 0xf8, 0x88,
    0x8f, 0xdc, 0xb8, 0xdd, 0x06, 0x3c, 0xaa, 0x5f, 0xfb, 0x88, 0x8f, 0xf8, 0x88, 0x8f, 0xd8, 0xb7, 0x8f, 0xd8, 0x5e,
    0xb4, 0xfa, 0x34, 0x4e, 0xfb, 0x88, 0x8f, 0xf8, 0x48, 0x7d, 0xfb, 0x88, 0x8f, 0x98, 0x73, 0xc0, 0x24, 0x1d, 0x4b,
    0x8d, 0xfb, 0x88, 0x8f, 0xd8, 0xb5, 0x8f, 0xf8, 0x08, 0x9e, 0xfb, 0x88, 0xb1, 0x0e, 0x54, 0x40, 0x33, 0xf4, 0x3e,
    0xe2, 0x23, 0x3e, 0x52, 0xf3, 0x3e, 0xa2, 0xeb, 0x3e, 0x52, 0xeb, 0xf6, 0xc1, 0x6c, 0xff, 0xff, 0x44, 0x84, 0xe0,
    0x30, 0x0f, 0xb2, 0x10, 0xc3, 0x4f, 0x0d, 0x48, 0xc5, 0xfb, 0xc4, 0x85, 0x4c, 0x75, 0xcf, 0x9b, 0x62, 0xc0, 0xa3,
    0xfa, 0xb6, 0x8f, 0xf8, 0x88, 0x8f, 0xd8, 0xbd, 0x8f, 0xf8, 0x88, 0x0d, 0x0f, 0x6c, 0xd2, 0x11, 0xf9, 0x0c, 0x20,
    0x29, 0x3e, 0xe2, 0x23, 0xb5, 0xee, 0x23, 0x38, 0xed, 0x23, 0x3c, 0xef, 0x23, 0x35, 0x8f, 0xdb, 0x7c, 0xc0, 0x24,
    0x38, 0x4d, 0xe5, 0x23, 0x3e, 0xb2, 0xfb, 0xc8, 0x5d, 0xfb, 0xc8, 0xde, 0xfb, 0x88, 0x75, 0x0e, 0x50, 0xaa, 0x6f,
    0xfb, 0x88, 0x8f, 0xd8, 0xbd, 0x8f, 0xf8, 0x48, 0x7e, 0xfb, 0x48, 0x8d, 0xf7, 0x56, 0x1d, 0x10, 0xa9, 0xbe, 0xed,
    0x23, 0x3e, 0x62, 0xf7, 0x3e, 0xe2, 0x23, 0xf9, 0xed, 0x23, 0x06, 0x28, 0x50, 0x49, 0xc7, 0x52, 0xe3, 0x3e, 0xe2,
    0x23, 0x76, 0xed, 0x23, 0x78, 0xee, 0x23, 0xfd, 0xed, 0x23, 0xe7, 0xe1, 0xfd, 0xff, 0x13, 0x11, 0x82, 0xc3, 0x3c,
    0xc8, 0x42, 0x0c, 0x3f, 0x35, 0x20, 0x95, 0xed, 0x13, 0x17, 0x32, 0xf9, 0x88, 0x8f, 0xe4, 0xf8, 0xa1, 0x60, 0x48,
    0xe1, 0x4f, 0x07, 0xd1, 0xf8, 0x88, 0x8f, 0xd4, 0xb5, 0x8f, 0xf8, 0xc8, 0x9d, 0xfb, 0x48, 0x7d, 0xd7, 0xa6, 0x16,
    0x49, 0xc7, 0x52, 0xe3, 0x3e, 0xe2, 0x23, 0x76, 0xed, 0x23, 0x3e, 0xe2, 0x23, 0x76, 0x3c, 0xc0, 0x09, 0xcc, 0x53,
    0xd3, 0x7e, 0xe3, 0x4c, 0x3e, 0xe2, 0x23, 0x36, 0xed, 0x23, 0x38, 0xee, 0x23, 0xbd, 0xed, 0x23, 0x35, 0xcf, 0xdb,
    0xe4, 0x40, 0x05, 0x34, 0x43, 0xef, 0x23, 0x3e, 0x52, 0xf3, 0x3e, 0xe2, 0x23, 0xb8, 0xed, 0x23, 0xf5, 0xcd, 0x5b,
    0x7e, 0x40, 0xa5, 0xfa, 0xf4, 0xdd, 0xfb, 0x88, 0x8f, 0xd4, 0xb8, 0x8f, 0xdc, 0xbc, 0x8f, 0xf0, 0xba, 0x8f, 0x98,
    0x7f, 0x80, 0xe4, 0x44, 0x3e, 0xe2, 0x23, 0x75, 0xef, 0x23, 0xf8, 0xed, 0x23, 0x7d, 0xed, 0x23, 0x76, 0x3a, 0x60,
    0xad, 0x3e, 0x8d, 0xd3, 0x3e, 0xe2, 0x23, 0x3e, 0x52, 0xdf, 0x3e, 0xa2, 0xd7, 0x3e, 0x52, 0xe7, 0xbb, 0x99, 0x0a,
    0x48, 0x82, 0xd3, 0x54, 0xb6, 0x8f, 0xf8, 0x08, 0xef, 0x23, 0x3e, 0xe2, 0x23, 0xb7, 0x6d, 0xa8, 0x03, 0x96, 0xea,
    0xd3, 0x77, 0xef, 0x23, 0x3e, 0xe2, 0x23, 0x35, 0xee, 0x23, 0xba, 0xed, 0x23, 0x75, 0xce, 0x9b, 0x7e, 0xc0, 0x24,
    0x1d, 0x8b, 0x8f, 0xf8, 0x48, 0x9d, 0xfb, 0xc8, 0xdd, 0xfb, 0x08, 0xbf, 0xfb, 0x88, 0x0d, 0x0a, 0x4c, 0x12, 0x15,
    0xf8, 0x88, 0x8f, 0xd8, 0xb8, 0x8f, 0xe0, 0xbc, 0x8f, 0xf4, 0xba, 0x8f, 0x18, 0x9a, 0xe3, 0x44, 0x3e, 0xe2, 0x23,
    0x75, 0xef, 0x23, 0x3e, 0xe2, 0x23, 0xd6, 0xf5, 0x08, 0x4e, 0x53, 0xf9, 0x88, 0x8f, 0xec, 0x3e, 0xe2, 0x23, 0x3e,
    0x62, 0xe6, 0x01, 0x97, 0xc0, 0x3c, 0x35, 0xed, 0x37, 0xce, 0xe4, 0x23, 0x3e, 0xe2, 0x23, 0x36, 0xed, 0x23, 0x3a,
    0xef, 0x23, 0x56, 0x29, 0xf0, 0x48, 0x47, 0xe4, 0x23, 0x3e, 0xe2, 0x23, 0x3e, 0xe2, 0x23, 0xf5, 0x6e, 0xe3, 0x02,
    0x99, 0xc0, 0x3c, 0x35, 0xed, 0x37, 0xce, 0xe4, 0x23, 0x3e, 0x62, 0xd3, 0x3e, 0x82, 0xe3, 0x3e, 0xe2, 0x23, 0xbd,
    0x6d, 0xfb, 0x01, 0x98, 0x74, 0x44, 0x3e, 0x03, 0x48, 0x8a, 0x8f, 0xf8, 0x48, 0xad, 0xfb, 0x08, 0x4e, 0xfb, 0x08,
    0xcf, 0xfb, 0x88, 0x3d, 0x0b, 0x44, 0xab, 0x5f, 0xfb, 0x88, 0x8f, 0xf8, 0x88, 0x9d, 0xfb, 0x88, 0x8f, 0xec, 0xb7,
    0x8d, 0x06, 0x44, 0xaa, 0x6f, 0xfb, 0x88, 0x8f, 0xd8, 0xbd, 0x8f, 0xe4, 0xb7, 0x8f, 0xf8, 0x88, 0x29, 0x0f, 0x58,
    0xaa, 0x5f, 0xfb, 0x88, 0x8f, 0xd8, 0xb7, 0x8f, 0xe0, 0xbb, 0x8f, 0xf4, 0xb9, 0x8f, 0xd4, 0x7d, 0x6d, 0x84, 0x01,
    0x90, 0x13, 0xd5, 0xb9, 0x8f, 0xf8, 0x88, 0x8f, 0xd8, 0xb6, 0x8f, 0xf8, 0x88, 0xb5, 0x07, 0x58, 0x02, 0xf3, 0xec,
    0x7e, 0xe3, 0x4c, 0x3e, 0xe2, 0x23, 0x3e, 0x62, 0xef, 0x3e, 0xb2, 0xe7, 0x3e, 0x62, 0xa2, 0x03, 0x94, 0xe0, 0x34,
    0x95, 0x8f, 0xf8, 0x88, 0x8f, 0xec, 0x3e, 0x92, 0xe7, 0x3e, 0x52, 0xe7, 0xb5, 0xc9, 0x0b, 0x44, 0x03, 0x52, 0xf9,
    0x88, 0x8f, 0xf8, 0x88, 0x8f, 0xf4, 0x3e, 0x52, 0xd3, 0xb9, 0xc5, 0x0b, 0x4c, 0x82, 0xd3, 0x54, 0xb6, 0x8f, 0xf8,
    0x88, 0x8f, 0xf8, 0x08, 0xef, 0x23, 0x35, 0x8d, 0x9b, 0xaf, 0x40, 0x24, 0x38, 0x4d, 0xe5, 0x23, 0x3e, 0xe2, 0x23,
    0xbb, 0x8f, 0xf8, 0x48, 0x9e, 0x9b, 0xba, 0x00, 0x26, 0x30, 0xcf, 0xee, 0x37, 0xce, 0xe4, 0x23, 0x3e, 0x62, 0xef,
    0x3e, 0x92, 0xd7, 0x3e, 0xe2, 0x23, 0x7d, 0x6f, 0xda, 0x02, 0x95, 0xe0, 0x34, 0xd5, 0xed, 0x23, 0x3e, 0x52, 0xd3,
    0x3e, 0x72, 0xe3, 0x3e, 0xe2, 0x23, 0xbc, 0x6d, 0xb5, 0x02, 0x91, 0x44, 0x05, 0x3e, 0xe2, 0x23, 0x36, 0xee, 0x23,
    0x3e, 0xe2, 0x23, 0x38, 0x7f, 0x16, 0x17, 0x52, 0xf8, 0xd3, 0x41, 0x34, 0x3e, 0xe2, 0x23, 0x75, 0xed, 0x23, 0x77,
    0xee, 0x23, 0xfc, 0xed, 0x23, 0xb6, 0x2d, 0x50, 0x89, 0x3e, 0x8d, 0xd7, 0x3e, 0xe2, 0x23, 0xb5, 0xed, 0x23, 0xb7,
    0xee, 0x23, 0x3e, 0xc2, 0xe3, 0x07, 0x82, 0x59, 0x07, 0xb2, 0x10, 0x7e, 0xe0, 0x0c, 0x98, 0x8f, 0xf8, 0x88, 0x8f,
    0xd8, 0xbc, 0x8f, 0xf8, 0xc8, 0xae, 0x1b, 0x7e, 0x40, 0xb5, 0xfa, 0x34, 0x4e, 0xfb, 0x88, 0x8f, 0xd4, 0xb7, 0x8f,
    0xdc, 0xbb, 0x8f, 0xf0, 0xb9, 0x8f, 0x58, 0xf0, 0x00, 0xa6, 0xfa, 0xf4, 0xdd, 0xfb, 0x88, 0x8f, 0xd4, 0xb8, 0x8f,
    0xdc, 0xbc, 0x8f, 0xf0, 0xba, 0x8f, 0xd4, 0xbc, 0x6d, 0xb1, 0x01, 0x8f, 0x74, 0x44, 0x3e, 0xe2, 0x23, 0x3e, 0xe2,
    0x23, 0xf5, 0xee, 0x23, 0xb6, 0x29, 0xf0, 0xa8, 0x7e, 0xed, 0x23, 0x3e, 0xe2, 0x23, 0x3e, 0xe2, 0x23, 0xf6, 0x7d,
    0x2f, 0x9e, 0x75, 0x20, 0x0b, 0xe1, 0x07, 0xce, 0x80, 0xf9, 0x88, 0x8f, 0xd8, 0xbc, 0x8f, 0xe4, 0xb6, 0x8f, 0xd4,
    0x34, 0xed, 0x23, 0x75, 0xaf, 0x1b, 0x67, 0xc0, 0x24, 0x1d, 0x4b, 0x8d, 0xfb, 0x88, 0x8f, 0xd8, 0xb5, 0x8f, 0xe0,
    0xb9, 0x8f, 0xf8, 0x88, 0xa1, 0x0b, 0x4c, 0xab, 0x5f, 0xfb, 0x88, 0x8f, 0xd8, 0xb9, 0x8f, 0xe0, 0xbd, 0x8f, 0xf8,
    0x48, 0xbf, 0xdf, 0x44, 0x85, 0x14, 0xfe, 0x74, 0x10, 0x8d, 0x8f, 0xf8, 0x88, 0x8f, 0xd4, 0xb5, 0x8f, 0xe4, 0xbd,
    0x8f, 0x98, 0xa3, 0x80, 0x33, 0x20, 0x95, 0x8f, 0xf8, 0x88, 0x8f, 0xf8, 0x88, 0x8f, 0xf4, 0x86, 0x29, 0x50, 0x09,
    0xcc, 0x53, 0xd3, 0x7e, 0xe3, 0x4c, 0x3e, 0xe2, 0x23, 0x3e, 0xe2, 0x23, 0x3e, 0x62, 0xd3, 0x36, 0x3b, 0x40, 0xad,
    0x7e, 0xed, 0x23, 0x3e, 0xe2, 0x23, 0x76, 0xee, 0x23, 0xfb, 0xed, 0x23, 0xb5, 0xde, 0xdf, 0xc3, 0xf7, 0xff, 0x4f,
    0x44, 0x08, 0x0e, 0xf3, 0x20, 0x0b, 0x31, 0xfc, 0xd4, 0x80, 0x54, 0x3e, 0x71, 0x21, 0x93, 0x8f, 0xf8, 0xc8, 0x4d,
    0xfb, 0xc8, 0x49, 0x78, 0xff, 0xff, 0x44, 0x84, 0xe0, 0x30, 0x0f, 0xb2, 0x10, 0xc3, 0x4f, 0x0d, 0x48, 0x65, 0xfb,
    0xc4, 0x85, 0x4c, 0x3e, 0x92, 0xe3, 0x3e, 0x62, 0xc8, 0x03, 0x98, 0x74, 0x2c, 0x35, 0xee, 0x23, 0x3e, 0x62, 0xd7,
    0x3e, 0x82, 0xe7, 0x3e, 0xd2, 0xdf, 0x3e, 0x52, 0xf3, 0xbd, 0xf1, 0x0e, 0x5c, 0x82, 0xd3, 0x54, 0xb6, 0x8f, 0xf8,
    0x08, 0xef, 0x23, 0xb7, 0xed, 0x23, 0x3c, 0xed, 0x23, 0xf5, 0xae, 0x1b, 0xb6, 0x00, 0x25, 0x38, 0x4d, 0x65, 0xfb,
    0x88, 0x8f, 0xf0, 0x3e, 0x72, 0xdb, 0x3e, 0xe2, 0x23, 0x3c, 0x6d, 0xb0, 0x03, 0x95, 0x13, 0xd5, 0xb9, 0x8f, 0xf8,
    0x88, 0x8f, 0xd8, 0xb6, 0x8f, 0xec, 0xb4, 0x8f, 0xd4, 0xba, 0x6e, 0x83, 0x03, 0x97, 0xc0, 0x3c, 0xbb, 0xdf, 0x38,
    0x93, 0x8f, 0xf8, 0x88, 0x8f, 0xf8, 0x88, 0xbd, 0xfb, 0x48, 0x6d, 0xdf, 0x87, 0x81, 0xfd, 0xff, 0x13, 0x11, 0x82,
    0xc3, 0x3c, 0xc8, 0x42, 0x0c, 0x3f, 0x35, 0x20, 0x15, 0xef, 0x13, 0x17, 0x32, 0x99, 0xe3, 0x80, 0xb5, 0xfa, 0x34,
    0x4e, 0xfb, 0x88, 0x8f, 0xd4, 0xb7, 0x8f, 0xf8, 0xc8, 0xbd, 0xfb, 0x48, 0x7d, 0xdf, 0x87, 0x60, 0x59, 0x07, 0xb2,
    0x10, 0x7e, 0xe0, 0x0c, 0x98, 0x8f, 0xf8, 0x88, 0x8f, 0xd8, 0xbc, 0x8f, 0xf8, 0x88, 0x79, 0x41, 0x82, 0xd3, 0x54,
    0xb6, 0x8f, 0xf8, 0x08, 0xef, 0x23, 0x3e, 0xe2, 0x23, 0x16, 0x19, 0x00, 0x0d, 0x48, 0xe5, 0x23, 0x3e, 0xd2, 0xfb,
    0xc8, 0x7d, 0xfb, 0x88, 0x8f, 0x18, 0xe3, 0x80, 0x25, 0x38, 0x4d, 0x75, 0xfb, 0x88, 0x8f, 0xd4, 0xb4, 0x8f, 0xf8,
    0xc8, 0x8d, 0xfb, 0x48, 0x7d, 0xd3, 0x26, 0xe5, 0x38, 0x51, 0x9d, 0xfb, 0x88, 0x8f, 0xf8, 0x88, 0x8f, 0xf8, 0x88,
    0x45, 0x3d, 0xd2, 0xb1, 0xd4, 0xb8, 0x8f, 0xf8, 0x88, 0x8f, 0xf8, 0x88, 0x8f, 0x5c, 0xc3, 0x84, 0x14, 0xfe, 0x74,
    0x10, 0x8d, 0x8f, 0xf8, 0x88, 0x8f, 0xf8, 0x48, 0x5d, 0xfb, 0x88, 0xb5, 0x3d, 0x12, 0x15, 0xf8, 0x88, 0x8f, 0xd8,
    0xb8, 0x8f, 0xf8, 0x88, 0x8f, 0xd8, 0xdf, 0x23, 0x1d, 0x91, 0x8f, 0xf8, 0x88, 0x8f, 0xd4, 0xbb, 0x8f, 0xf8, 0xc8,
    0x5d, 0x6c, 0xd6, 0x81, 0x2c, 0x84, 0x1f, 0x38, 0x03, 0xe6, 0x23, 0x3e, 0x62, 0xf3, 0x3e, 0x92, 0xdb, 0x3e, 0x52,
    0xd3, 0xb4, 0x8f, 0x58, 0x6b, 0x40, 0xb4, 0xfa, 0x34, 0x4e, 0xfb, 0x88, 0x8f, 0xf8, 0x88, 0x8f, 0xd4, 0xb7, 0x8f,
    0xd8, 0xeb, 0x80, 0x25, 0x1d, 0x4b, 0x8d, 0xfb, 0x88, 0x8f, 0xf8, 0x88, 0x5d, 0xfb, 0x88, 0xde, 0xfb, 0x48, 0xad,
    0xe7, 0xd6, 0x2c, 0x10, 0xa9, 0x7e, 0xed, 0x23, 0x3e, 0xe2, 0x23, 0xf6, 0xed, 0x23, 0x3e, 0xb2, 0xd7, 0x67, 0xc0,
    0xfd, 0xff, 0x13, 0x11, 0x82, 0xc3, 0x3c, 0xc8, 0x42, 0x0c, 0x3f, 0x35, 0x20, 0x95, 0xed, 0x13, 0x17, 0x32, 0xf9,
    0x88, 0x8f, 0xd8, 0xb2, 0xc0, 0x24, 0x1d, 0x4b, 0x8d, 0xfb, 0x88, 0x8f, 0xf8, 0x88, 0x5d, 0xfb, 0x88, 0x8f, 0xe8,
    0xbd, 0xa5, 0x55, 0x02, 0xf3, 0xd4, 0xb4, 0xdf, 0x38, 0x93, 0x8f, 0xf8, 0x88, 0x4d, 0xfb, 0x88, 0x8f, 0xf8, 0x88,
    0xa9, 0x0a, 0x4c, 0xab, 0x4f, 0xe3, 0xb4, 0x8f, 0xf8, 0x48, 0x7d, 0xfb, 0x88, 0x8f, 0xf8, 0xc8, 0xbd, 0x1b, 0x7b,
    0xc0, 0x24, 0x51, 0x41, 0xad, 0xfb, 0x88, 0x8f, 0xf8, 0x88, 0xad, 0xfb, 0xc8, 0x8e, 0xfb, 0x88, 0xb9, 0x07, 0x44,
    0xaa, 0x6f, 0xfb, 0x88, 0x8f, 0xf8, 0x88, 0xdd, 0xfb, 0xc8, 0xbe, 0xfb, 0x88, 0xf5, 0x0e, 0x54, 0x03, 0x52, 0xf9,
    0x88, 0x8f, 0xf4, 0x3e, 0x72, 0xdf, 0x3e, 0xc2, 0xd7, 0x3e, 0x52, 0xef, 0xbb, 0xd1, 0x07, 0x50, 0x82, 0xd3, 0x54,
    0xb6, 0x8f, 0xf8, 0x08, 0xef, 0x23, 0xb7, 0xed, 0x23, 0x3c, 0xed, 0x23, 0x26, 0x38, 0x40, 0x49, 0x54, 0x50, 0xeb,
    0x3e, 0xe2, 0x23, 0x3e, 0xe2, 0x23, 0xb6, 0xee, 0x23, 0xb5, 0x6d, 0x9b, 0xe9, 0x80, 0x25, 0xfa, 0x34, 0x5e, 0xfb,
    0x88, 0x8f, 0xf8, 0x48, 0x6d, 0xfb, 0x88, 0x4e, 0xfb, 0x48, 0x9d, 0xeb, 0x86, 0x19, 0x10, 0x49, 0x47, 0xe4, 0x23,
    0x3e, 0x52, 0xef, 0x3e, 0x82, 0xd7, 0x3e, 0xe2, 0x23, 0x06, 0x1d, 0x10, 0xa9, 0x7e, 0xed, 0x23, 0x3e, 0x62, 0xdf,
    0x3e, 0xe2, 0x23, 0xf8, 0xee, 0x23, 0x46, 0x1e, 0x20, 0x01, 0xcd, 0xd0, 0xfb, 0x88, 0x8f, 0xf8, 0x48, 0xcd, 0xfb,
    0x88, 0xae, 0xfb, 0x88, 0x0d, 0x07, 0x40, 0x03, 0x52, 0xf9, 0x88, 0x8f, 0xf4, 0x3e, 0xe2, 0x23, 0xf7, 0xed, 0x23,
    0xb6, 0x2f, 0x10, 0x39, 0x91, 0x8f, 0xf8, 0x88, 0x8f, 0xf8, 0x48, 0xdd, 0xfb, 0x48, 0x5d, 0xe7, 0xf6, 0x38, 0x60,
    0xa9, 0x3e, 0x7d, 0xf7, 0x3e, 0xe2, 0x23, 0x35, 0xee, 0x23, 0x3e, 0x72, 0xf3, 0x3e, 0x52, 0xdf, 0xf8, 0x2d, 0x60,
    0xd6, 0x81, 0x2c, 0x84, 0x1f, 0x38, 0x03, 0xe6, 0x23, 0x3e, 0x62, 0xf3, 0x3e, 0x92, 0xdb, 0x3e, 0xe2, 0x23, 0x17,
    0x81, 0x59, 0x07, 0xb2, 0x10, 0x7e, 0xe0, 0x0c, 0x98, 0x8f, 0xf8, 0x88, 0xcd, 0xfb, 0x88, 0x8f, 0xe4, 0xb6, 0x8f,
    0xd8, 0xd1, 0x23, 0x38, 0x4d, 0x75, 0xfb, 0x88, 0x8f, 0xf8, 0x88, 0x8f, 0xf8, 0x88, 0xad, 0x06, 0x44, 0x82, 0xd3,
    0x54, 0xb7, 0x8f, 0xf8, 0x88, 0x8f, 0xf8, 0x48, 0x4d, 0xfb, 0x88, 0xc5, 0x0a, 0x5c, 0x02, 0xf3, 0xd4, 0xb4, 0xdf,
    0x38, 0x93, 0x8f, 0xf8, 0x88, 0x4d, 0xfb, 0x88, 0x8f, 0xf8, 0x08, 0x8e, 0x5f, 0x07, 0x66, 0x1d, 0xc8, 0x42, 0xf8,
    0x81, 0x33, 0x60, 0x3e, 0xe2, 0x23, 0x36, 0xef, 0x23, 0x3e, 0xe2, 0x23, 0xb9, 0x6d, 0xae, 0x03, 0x9a, 0xc0, 0x3c,
    0x35, 0xed, 0x37, 0xce, 0xe4, 0x23, 0x3e, 0xe2, 0x23, 0x36, 0xed, 0x23, 0x3a, 0xef, 0x23, 0xb5, 0x8e, 0x1b, 0xa4,
    0x40, 0x24, 0xfa, 0x34, 0x5e, 0xfb, 0x88, 0x8f, 0xf8, 0x88, 0x8f, 0xf8, 0x48, 0x6d, 0x9b, 0x61, 0xc0, 0x23, 0x51,
    0x81, 0x8f, 0xf8, 0x88, 0x8f, 0xd8, 0xb8, 0x8f, 0xf8, 0x88, 0xd9, 0x0b, 0x50, 0xaa, 0x4f, 0xdf, 0xbd, 0x8f, 0xf8,
    0x88, 0x8f, 0xf8, 0x48, 0x8d, 0xfb, 0x48, 0x5d, 0xd3, 0x66, 0xf6, 0x48, 0x47, 0xe4, 0x23, 0x3e, 0x52, 0xef, 0x3e,
    0xe2, 0x23, 0x3e, 0x62, 0xa4, 0x03, 0xd3, 0x80, 0x54, 0x3e, 0xe2, 0x23, 0x3e, 0xd2, 0xfb, 0x48, 0xbe, 0xfb, 0x48,
    0x9d, 0xdf, 0xe6, 0x29, 0x10, 0x49, 0x54, 0x50, 0xeb, 0x3e, 0xe2, 0x23, 0x3e, 0xe2, 0x23, 0x3e, 0x62, 0xeb, 0xe6,
    0x2c, 0x10, 0x49, 0x54, 0xe0, 0x23, 0x3e, 0xe2, 0x23, 0x36, 0xee, 0x23, 0x3e, 0xb2, 0xdb, 0x16, 0xf7, 0xa8, 0xbe,
    0xed, 0x23, 0x3e, 0x62, 0xf7, 0x3e, 0xe2, 0x23, 0x3e, 0x62, 0xe9, 0x01, 0x91, 0xea, 0xd7, 0x3e, 0xe2, 0x23, 0x3e,
    0x62, 0xdf, 0x3e, 0xb2, 0xd7, 0x3e, 0x72, 0x27, 0x62, 0xf0, 0xff, 0x4f, 0x44, 0x08, 0x0e, 0xf3, 0x20, 0x0b, 0x31,
    0xfc, 0xd4, 0x80, 0x54, 0x3e, 0x71, 0x21, 0x93, 0x8f, 0xf8, 0xc8, 0x4d, 0xfb, 0x48, 0x6d, 0xeb, 0xb6, 0x1e, 0x10,
    0xad, 0x7e, 0xed, 0x23, 0x3e, 0xe2, 0x23, 0x76, 0xee, 0x23, 0xfb, 0xed, 0x23, 0x56, 0x2e, 0x40, 0x39, 0x51, 0x9d,
    0xfb, 0x88, 0x8f, 0xd8, 0xb6, 0x8f, 0xe0, 0xba, 0x8f, 0xf8, 0x48, 0x8f, 0xdb, 0xe8, 0x40, 0x25, 0x38, 0x4d, 0x65,
    0xfb, 0x88, 0x8f, 0xf8, 0x08, 0xef, 0x23, 0xb9, 0xee, 0x23, 0x75, 0x6e, 0xdb, 0xe6, 0x80, 0x25, 0x51, 0x41, 0xad,
    0xfb, 0x88, 0x8f, 0xd8, 0xba, 0x8f, 0xf8, 0x48, 0x4e, 0xfb, 0x48, 0x8d, 0xeb, 0x06, 0x3c, 0x80, 0xad, 0x3e, 0x8d,
    0xd3, 0x3e, 0xe2, 0x23, 0xf5, 0xed, 0x23, 0xf7, 0xee, 0x23, 0x7c, 0xee, 0x23, 0x35, 0x5f, 0x9b, 0x6d, 0x00, 0xe4,
    0x44, 0x75, 0xee, 0x23, 0x3e, 0xe2, 0x23, 0x3e, 0x62, 0xdb, 0x3e, 0x62, 0x97, 0x03, 0x95, 0x13, 0xd5, 0xb9, 0x8f,
    0xf8, 0x88, 0x6d, 0xfb, 0x88, 0x8f, 0xe0, 0xba, 0x8f, 0xd4, 0xb8, 0x6d, 0x8d, 0x03, 0x96, 0xe8, 0xd3, 0x78, 0xed,
    0x23, 0x3e, 0x52, 0xdb, 0x3e, 0xe2, 0x23, 0xb7, 0xee, 0x23, 0xf5, 0x6d, 0xdb, 0x60, 0x40, 0x24, 0x1d, 0x4b, 0x8d,
    0xfb, 0x88, 0x8f, 0xf8, 0x88, 0x5d, 0xfb, 0x88, 0x8f, 0xd8, 0x54, 0xa3, 0xfa, 0xb5, 0x8f, 0xf8, 0x88, 0x8f, 0xf8,
    0x88, 0x8f, 0x58, 0xa1, 0x40, 0x25, 0x51, 0x41, 0xad, 0xfb, 0x88, 0x8f, 0xd8, 0xba, 0x8f, 0xe4, 0xb4, 0x8f, 0xf4,
    0xbc, 0x8f, 0x5c, 0x48, 0x18, 0xfc, 0xff, 0x13, 0x11, 0x82, 0xc3, 0x3c, 0xc8, 0x42, 0x0c, 0x3f, 0x35, 0x20, 0x95,
    0x4f, 0x5c, 0xc8, 0xe4, 0x23, 0x37, 0xed, 0x23, 0x3e, 0xb2, 0xf3, 0xa6, 0x1d, 0x10, 0x09, 0x4e, 0x53, 0xf9, 0x88,
    0x8f, 0xf8, 0xc8, 0xee, 0x23, 0x79, 0xee, 0x23, 0x37, 0xb2, 0x59, 0x07, 0xb2, 0x10, 0x7e, 0xe0, 0x0c, 0x98, 0x8f,
    0xf8, 0x88, 0xcd, 0xfb, 0x48, 0x6e, 0xfb, 0x88, 0x8f, 0xd4, 0x34, 0x6d, 0xf6, 0x01, 0x95, 0xe0, 0x34, 0xd5, 0xed,
    0x23, 0x3e, 0x52, 0xd3, 0x3e, 0x72, 0xe3, 0x3e, 0xc2, 0xdb, 0x3e, 0x62, 0xb4, 0x03, 0x96, 0x44, 0x05, 0xb5, 0xee,
    0x23, 0x3e, 0xe2, 0x23, 0xb6, 0xee, 0x23, 0x3b, 0xee, 0x23, 0xf5, 0x4e, 0x1b, 0xd4, 0x24, 0x30, 0x4f, 0x4d, 0xfb,
    0x8d, 0x33, 0xf9, 0x88, 0x8f, 0xf8, 0x88, 0x8f, 0xf8, 0x88, 0x9d, 0x0a, 0x40, 0x03, 0x52, 0xf9, 0x88, 0x8f, 0xf4,
    0x3e, 0xe2, 0x23, 0x3e, 0x72, 0xdf, 0x46, 0x3c, 0x60, 0x49, 0x47, 0xe4, 0x23, 0x3e, 0x52, 0xef, 0x3e, 0x82, 0xd7,
    0x3e, 0xc2, 0xf7, 0x3e, 0x52, 0xf3, 0xb9, 0x35, 0x07, 0x5c, 0x02, 0xf3, 0xd4, 0xb4, 0xdf, 0x38, 0x93, 0x8f, 0xf8,
    0x88, 0x4d, 0xfb, 0x88, 0x8f, 0xe0, 0xb8, 0x8f, 0x00, 0x01, 0x31, 0x00, 0x00, 0x14, 0x00, 0x00, 0x00, 0x5b, 0x06,
    0x4d, 0x3a, 0xb6, 0x0c, 0x76, 0x20, 0x1d, 0x5b, 0x06, 0x59, 0x90, 0x8e, 0x2d, 0x83, 0x3b, 0x48, 0xc7, 0x96, 0x41,
    0x25, 0xa4, 0x63, 0xcb, 0x60, 0x16, 0xd2, 0xb1, 0x65, 0x10, 0x0d, 0xe9, 0xd8, 0x32, 0xf8, 0x86, 0x74, 0x6c, 0x19,
    0xf4, 0x43, 0x3a, 0xb6, 0x0c, 0x36, 0x22, 0x1d, 0x5b, 0x06, 0x39, 0x91, 0x8e, 0x2d, 0x83, 0xab, 0x48, 0xc7, 0x96,
    0x41, 0x5d, 0xa4, 0x63, 0xcb, 0x60, 0x32, 0xd2, 0xb1, 0x65, 0x10, 0x1b, 0xe9, 0xd8, 0x32, 0xf8, 0x8d, 0x74, 0x00,
    0x00, 0x00, 0x00, 0x00, 0x00, 0x00, 0x61, 0x20, 0x00, 0x00, 0x51, 0x00, 0x00, 0x00, 0x13, 0x04, 0x44, 0x2c, 0x10,
    0x00, 0x00, 0x00, 0x05, 0x00, 0x00, 0x00, 0x94, 0x14, 0x20, 0x20, 0x20, 0x20, 0x08, 0x09, 0xe5, 0x47, 0xc9, 0x08,
    0x40, 0x09, 0x90, 0x50, 0x03, 0x00, 0x00, 0x00, 0x67, 0x1c, 0x3b, 0xdc, 0x10, 0x18, 0x64, 0x30, 0xcb, 0x10, 0x08,
    0x41, 0x26, 0x02, 0x64, 0x22, 0xc0, 0x09, 0x41, 0x65, 0x90, 0xc4, 0x2c, 0xc1, 0x30, 0x50, 0x21, 0x54, 0x02, 0x05,
    0x0c, 0x54, 0x24, 0x91, 0x40, 0x01, 0x17, 0x28, 0x97, 0x43, 0x12, 0x17, 0x05, 0x78, 0x41, 0xa3, 0x17, 0x10, 0x3b,
    0xdc, 0x10, 0x4c, 0x64, 0x30, 0xdd, 0x10, 0x51, 0xc1, 0x0d, 0x41, 0xa0, 0x12, 0x81, 0xc0, 0x70, 0xc3, 0xb2, 0x81,
    0xc1, 0x2c, 0xc3, 0x20, 0x04, 0x03, 0x15, 0x89, 0x16, 0x18, 0xc2, 0x06, 0xe1, 0x40, 0x00, 0x00, 0x2e, 0x00, 0x00,
    0x00, 0x16, 0x73, 0x08, 0x4e, 0x53, 0xd9, 0x3e, 0x62, 0x3c, 0x85, 0x44, 0x05, 0x3e, 0x62, 0x33, 0x87, 0xe0, 0x34,
    0x95, 0xee, 0x23, 0x86, 0x12, 0x74, 0x86, 0x53, 0x48, 0x47, 0xe4, 0x23, 0x17, 0x90, 0x20, 0x85, 0x3f, 0x1d, 0x44,
    0xe3, 0x23, 0x37, 0xf0, 0xfd, 0xff, 0x13, 0x11, 0x82, 0xc3, 0x3c, 0xc8, 0x42, 0x0c, 0x3f, 0xc1, 0x50, 0x0b, 0x30,
    0x11, 0x3f, 0x35, 0x20, 0x95, 0x4f, 0x5c, 0xc8, 0x64, 0x3d, 0xc5, 0xea, 0xd7, 0x3e, 0x62, 0x34, 0x87, 0xe8, 0xd3,
    0x78, 0xed, 0x23, 0x06, 0x54, 0xac, 0xbe, 0xed, 0x23, 0x56, 0x73, 0xac, 0x3e, 0x8d, 0xd3, 0x3e, 0x72, 0x02, 0x8c,
    0x75, 0x20, 0x0b, 0xe1, 0x07, 0xce, 0x80, 0xf9, 0x88, 0xc1, 0x18, 0x82, 0xd3, 0x54, 0x3e, 0x62, 0x27, 0xc1, 0x69,
    0x3f, 0x8a, 0xc0, 0x3c, 0xbb, 0xdf, 0x38, 0x93, 0x8f, 0x1c, 0x40, 0x41, 0x34, 0x53, 0x84, 0xd9, 0xce, 0x22, 0x30,
    0x4f, 0x4d, 0xfb, 0x8d, 0x33, 0xf9, 0x88, 0xe5, 0x18, 0x40, 0x33, 0xf4, 0x3e, 0x62, 0x3a, 0x84, 0x13, 0xf9, 0x88,
    0xc9, 0x14, 0x11, 0xc1, 0xf8, 0x88, 0xf9, 0x1c, 0x12, 0x15, 0xd4, 0xba, 0x8f, 0x98, 0x4d, 0x21, 0x1d, 0x8b, 0x8f,
    0xd8, 0x8d, 0x22, 0x1d, 0x91, 0xcf, 0x00, 0x92, 0xe2, 0x23, 0x00, 0x00, 0x00, 0x00, 0x01, 0x31, 0x00, 0x00, 0x02,
    0x00, 0x00, 0x00, 0x5b, 0x06, 0x4a, 0x3a, 0x00, 0x00, 0x00, 0x00, 0x00, 0x00, 0x00, 0x00, 0x61, 0x20, 0x00, 0x00,
    0xaa, 0x00, 0x00, 0x00, 0x13, 0x04, 0x47, 0x2c, 0x10, 0x00, 0x00, 0x00, 0x06, 0x00, 0x00, 0x00, 0x94, 0x8c, 0x00,
    0x14, 0x20, 0x20, 0x20, 0x20, 0x08, 0x09, 0xe5, 0x47, 0x49, 0x09, 0x90, 0x50, 0x03, 0x14, 0xcd, 0x00, 0x00, 0x00,
    0x00, 0x00, 0x63, 0x08, 0x88, 0x31, 0x86, 0x80, 0x1c, 0x17, 0x08, 0x3b, 0xdc, 0x10, 0x20, 0x64, 0x30, 0xcb, 0x10,
    0x08, 0x41, 0x12, 0x02, 0x24, 0x21, 0xc0, 0x09, 0x41, 0x65, 0x90, 0xc4, 0x2c, 0xc1, 0x30, 0x50, 0x21, 0x54, 0x02,
    0x06, 0x0c, 0x54, 0x24, 0x91, 0xe0, 0x01, 0x17, 0x34, 0x97, 0x43, 0x12, 0xc7, 0x04, 0x78, 0x01, 0xa4, 0x17, 0x10,
    0x3b, 0xdc, 0x10, 0x38, 0x64, 0x30, 0xdd, 0x60, 0x3d, 0xc1, 0x0d, 0x41, 0xa0, 0x42, 0x81, 0xc0, 0x70, 0xc3, 0xe2,
    0x81, 0xc1, 0x2c, 0xc3, 0x20, 0x04, 0x03, 0x15, 0x89, 0x16, 0x18, 0xc2, 0x18, 0x42, 0x87, 0x8d, 0x21, 0x74, 0xd9,
    0x05, 0xc2, 0x0e, 0x37, 0x04, 0x1d, 0x19, 0xcc, 0x32, 0x10, 0x45, 0x90, 0x84, 0x00, 0x49, 0x08, 0x70, 0x42, 0x50,
    0x19, 0x24, 0x31, 0x4b, 0x60, 0x0c, 0x54, 0x08, 0x55, 0x21, 0x0a, 0xc3, 0x40, 0x45, 0x12, 0x15, 0xa8, 0x30, 0x5c,
    0x20, 0x06, 0x97, 0x43, 0x12, 0xc7, 0x04, 0x78, 0x41, 0x19, 0xe8, 0x05, 0xc4, 0x0e, 0x37, 0x04, 0x0e, 0x19, 0x4c,
    0x37, 0xac, 0xc1, 0x13, 0xdc, 0x10, 0x04, 0x2a, 0x69, 0x00, 0x02, 0xc3, 0x0d, 0xcb, 0x1c, 0x80, 0xc1, 0x2c, 0x83,
    0x51, 0x04, 0x03, 0x15, 0x89, 0x46, 0x18, 0xc5, 0x1c, 0xc3, 0x1a, 0x58, 0x70, 0x30, 0xc7, 0x10, 0x08, 0x6e, 0xb0,
    0x41, 0x38, 0x10, 0x00, 0x6a, 0x00, 0x00, 0x00, 0x76, 0x93, 0x88, 0x3e, 0x8d, 0xd7, 0x3e, 0xe2, 0x23, 0xb6, 0xb4,
    0x08, 0x4e, 0x53, 0xe9, 0x3e, 0xe2, 0x23, 0x35, 0x6d, 0x38, 0xc9, 0xea, 0xd3, 0x38, 0xed, 0x23, 0x3e, 0x72, 0x02,
    0x8e, 0x75, 0x20, 0x0b, 0xe1, 0x07, 0xce, 0x80, 0xf9, 0x88, 0x8f, 0x18, 0x4a, 0xd0, 0xd9, 0x0c, 0x22, 0x38, 0x4d,
    0xe5, 0x23, 0x3e, 0x62, 0x4d, 0xcb, 0xea, 0xd3, 0x38, 0xed, 0x23, 0x3e, 0x52, 0xdf, 0xc6, 0xb4, 0x88, 0x3e, 0x8d,
    0xd7, 0x3e, 0xe2, 0x23, 0xb5, 0x6d, 0x50, 0x89, 0x74, 0x44, 0x3e, 0xe2, 0x23, 0xb5, 0x6e, 0x4e, 0x89, 0x74, 0x2c,
    0x3e, 0xe2, 0x23, 0x35, 0x6e, 0x4f, 0x8e, 0x74, 0x44, 0x3e, 0x03, 0x48, 0x8a, 0x8f, 0xf8, 0x48, 0x9d, 0x9b, 0x12,
    0x12, 0x11, 0x8c, 0x8f, 0xf8, 0x48, 0x6f, 0x51, 0x0a, 0xd0, 0x0c, 0xbd, 0x8f, 0xf8, 0x48, 0xbd, 0xdb, 0xd4, 0x23,
    0x30, 0x4f, 0x4d, 0xfb, 0x8d, 0x33, 0xf9, 0x88, 0x8f, 0xd4, 0xbd, 0x9d, 0x04, 0xa7, 0x51, 0x25, 0x12, 0x15, 0xf8,
    0x88, 0x8f, 0xd8, 0xb4, 0x55, 0x25, 0xab, 0x5f, 0xfb, 0x88, 0x8f, 0xd8, 0xb5, 0xd5, 0x1c, 0x11, 0xc1, 0xf8, 0x88,
    0x8f, 0xd8, 0x95, 0x23, 0x30, 0xcf, 0xee, 0x37, 0xce, 0xe4, 0x23, 0x3e, 0x62, 0xdf, 0x86, 0x95, 0xac, 0xbe, 0xed,
    0x23, 0x3e, 0x62, 0xe7, 0x67, 0x90, 0xfd, 0xff, 0x13, 0x11, 0x82, 0xc3, 0x3c, 0xc8, 0x42, 0x0c, 0x3f, 0xc5, 0x38,
    0x83, 0x4f, 0x5c, 0xc8, 0x64, 0xeb, 0xf6, 0x73, 0x48, 0x54, 0xe0, 0x23, 0x3e, 0x62, 0x41, 0x89, 0x44, 0x05, 0xb5,
    0xee, 0x23, 0x3e, 0x62, 0x43, 0xc7, 0xea, 0xdb, 0x3e, 0xe2, 0x23, 0x06, 0x74, 0xac, 0x7e, 0xed, 0x23, 0x3e, 0x62,
    0x42, 0x8c, 0xc0, 0x3c, 0xbb, 0xdf, 0x38, 0x93, 0x8f, 0xf8, 0x88, 0x59, 0x2d, 0x12, 0x15, 0xd4, 0xba, 0x8f, 0xf8,
    0x88, 0x6d, 0x5f, 0x01, 0x64, 0x1d, 0xc8, 0x42, 0xf8, 0x81, 0x33, 0x60, 0x3e, 0xe2, 0x23, 0x36, 0x6e, 0x49, 0x8a,
    0xe0, 0x34, 0x95, 0xed, 0x23, 0x3e, 0xc2, 0x5b, 0x8f, 0xe1, 0x44, 0x3e, 0xe2, 0x23, 0xe6, 0xd3, 0x08, 0xcc, 0x53,
    0xd3, 0x7e, 0xe3, 0x4c, 0x3e, 0xe2, 0x23, 0x07, 0x50, 0x10, 0xcd, 0x14, 0x61, 0x37, 0x70, 0xfd, 0xff, 0x13, 0x11,
    0x82, 0xc3, 0x3c, 0xc8, 0x42, 0x0c, 0x3f, 0xc5, 0x38, 0x83, 0x4f, 0x5c, 0xc8, 0x64, 0x3a, 0x8c, 0x74, 0x44, 0x3e,
    0x03, 0x48, 0x8a, 0x8f, 0xf8, 0x88, 0xd1, 0x24, 0x82, 0xd3, 0x54, 0xb6, 0x8f, 0xf8, 0x88, 0xe5, 0x1c, 0xd2, 0xb1,
    0xf8, 0x88, 0x8f, 0x98, 0x14, 0xe2, 0x44, 0x3e, 0xe2, 0x23, 0x35, 0x6f, 0x3c, 0x08, 0xd0, 0x0c, 0xbd, 0x8f, 0xf8,
    0x88, 0xd9, 0x24, 0x82, 0xd3, 0x54, 0xba, 0x8f, 0xf8, 0x88, 0xed, 0x1c, 0xd2, 0x11, 0xf9, 0x88, 0x8f, 0x5c, 0xc0,
    0x82, 0x14, 0xfe, 0x74, 0x10, 0x8d, 0x8f, 0xf8, 0x88, 0x21, 0x25, 0x82, 0xd3, 0x54, 0x3e, 0xe2, 0x23, 0xfb, 0x11,
    0x34, 0x48, 0xe1, 0x4f, 0x07, 0xd1, 0xf8, 0x88, 0x8f, 0xd4, 0x35, 0x00, 0x00, 0x00, 0x01, 0x31, 0x00, 0x00, 0x03,
    0x00, 0x00, 0x00, 0x5b, 0x06, 0x4b, 0x3a, 0xb6, 0x0c, 0x6e, 0x20, 0x1d, 0x00, 0x00, 0x00, 0x00, 0x00, 0x00, 0x00,
    0x61, 0x20, 0x00, 0x00, 0xfb, 0x00, 0x00, 0x00, 0x13, 0x04, 0x4a, 0x2c, 0x10, 0x00, 0x00, 0x00, 0x06, 0x00, 0x00,
    0x00, 0x94, 0x8c, 0x00, 0x14, 0x20, 0x20, 0x20, 0x20, 0x08, 0x09, 0xe5, 0x47, 0x49, 0x09, 0x90, 0x50, 0x03, 0x94,
    0x14, 0x01, 0x51, 0x33, 0x00, 0x00, 0x63, 0x08, 0xc9, 0x31, 0x86, 0x90, 0x20, 0x17, 0x08, 0x3b, 0xdc, 0x10, 0x24,
    0x64, 0x30, 0xcb, 0x10, 0x08, 0x41, 0x12, 0x02, 0x24, 0x21, 0xc0, 0x09, 0x41, 0x65, 0x90, 0xc4, 0x2c, 0xc1, 0x30,
    0x50, 0x21, 0x54, 0x82, 0x06, 0x0c, 0x54, 0x24, 0x91, 0x00, 0x06, 0xc0, 0x05, 0xce, 0xe5, 0x90, 0xc4, 0x31, 0x01,
    0x5e, 0x10, 0xe9, 0x05, 0xc4, 0x0e, 0x37, 0x04, 0x0e, 0x19, 0x4c, 0x37, 0x5c, 0x4f, 0x70, 0x43, 0x10, 0xa8, 0x54,
    0x20, 0x30, 0xdc, 0xb0, 0x7c, 0x60, 0x30, 0xcb, 0x30, 0x08, 0xc1, 0x40, 0x45, 0xa2, 0x05, 0x86, 0x30, 0x86, 0xe0,
    0x65, 0x63, 0x08, 0x9e, 0x76, 0x81, 0xb0, 0xc3, 0x0d, 0x81, 0x47, 0x06, 0xb3, 0x0c, 0x44, 0x11, 0x24, 0x21, 0x40,
    0x12, 0x02, 0x9c, 0x10, 0x54, 0x06, 0x49, 0xcc, 0x12, 0x18, 0x03, 0x15, 0x42, 0x55, 0x90, 0xc2, 0x30, 0x50, 0x91,
    0x44, 0x85, 0x2a, 0x0c, 0x17, 0x8c, 0xc1, 0xe5, 0x90, 0xc4, 0x31, 0x01, 0x5e, 0x60, 0x06, 0x7a, 0x01, 0xb1, 0xc3,
    0x0d, 0x81, 0x43, 0x06, 0xd3, 0x0d, 0x6c, 0xf0, 0x04, 0x37, 0x04, 0x81, 0x8a, 0x1a, 0x80, 0xc0, 0x70, 0xc3, 0x42,
    0x07, 0x60, 0x30, 0xcb, 0x60, 0x14, 0xc1, 0x40, 0x45, 0xa2, 0x11, 0x46, 0x31, 0x86, 0x30, 0x07, 0x6c, 0x30, 0x86,
    0x30, 0x07, 0x6d, 0x70, 0x81, 0xb0, 0xc3, 0x0d, 0xc1, 0x1c, 0x90, 0xc1, 0x2c, 0xc3, 0x81, 0x04, 0x49, 0x08, 0x90,
    0x84, 0x00, 0x27, 0x04, 0x95, 0x41, 0x12, 0xb3, 0x04, 0xc9, 0x40, 0x85, 0x50, 0x21, 0xee, 0x60, 0x0c, 0x54, 0x24,
    0x11, 0x42, 0x0f, 0xc6, 0x05, 0x78, 0x70, 0x39, 0x24, 0x71, 0x4c, 0x80, 0x17, 0xec, 0x81, 0x5e, 0x40, 0xec, 0x70,
    0x43, 0xe0, 0x90, 0xc1, 0x74, 0x43, 0x28, 0x3c, 0xc1, 0x0d, 0x41, 0xa0, 0xf2, 0x07, 0x20, 0x30, 0xdc, 0xb0, 0xa4,
    0x02, 0x18, 0xcc, 0x32, 0x24, 0x48, 0x30, 0x50, 0x91, 0x68, 0x87, 0x81, 0xcc, 0x31, 0x80, 0xc2, 0x1a, 0x98, 0xc2,
    0x1c, 0x43, 0x70, 0x91, 0xc2, 0x1c, 0x43, 0x30, 0x8c, 0xc2, 0x06, 0xe1, 0x40, 0xa1, 0x00, 0x00, 0x00, 0xb6, 0x94,
    0x44, 0x04, 0xe3, 0x23, 0x3e, 0x62, 0xf7, 0x47, 0xd0, 0x20, 0x85, 0x3f, 0x1d, 0x44, 0xe3, 0x23, 0x3e, 0x72, 0xd7,
    0x56, 0x95, 0x48, 0x54, 0xe0, 0x23, 0x3e, 0x82, 0xd3, 0x16, 0x95, 0x48, 0x47, 0xe4, 0x23, 0x3e, 0x72, 0xeb, 0x26,
    0xa5, 0x00, 0xcd, 0xd0, 0xfb, 0x88, 0x8f, 0xdc, 0xbb, 0xa1, 0x21, 0x4e, 0xe4, 0x23, 0x3e, 0x92, 0xf3, 0x66, 0x95,
    0xac, 0x7e, 0xed, 0x23, 0x3e, 0x82, 0xd7, 0xe6, 0xb4, 0xac, 0x3e, 0x8d, 0xd3, 0x3e, 0xe2, 0x23, 0xf7, 0x6d, 0x6c,
    0x8b, 0x44, 0x05, 0xb5, 0xee, 0x23, 0x3e, 0xa2, 0xdb, 0xe6, 0x96, 0xac, 0xbe, 0xed, 0x23, 0x3e, 0xa2, 0xe7, 0xd6,
    0xe6, 0x08, 0xcc, 0xb3, 0xfb, 0x8d, 0x33, 0xf9, 0x88, 0x8f, 0xe8, 0xb7, 0x01, 0x1d, 0x12, 0x15, 0xf8, 0x88, 0x8f,
    0x9c, 0x41, 0xf6, 0xff, 0x4f, 0x44, 0x08, 0x0e, 0xf3, 0x20, 0x0b, 0x31, 0xfc, 0x14, 0xe3, 0x0c, 0x3e, 0x71, 0x21,
    0x13, 0xae, 0x9b, 0x50, 0x22, 0x51, 0x41, 0xad, 0xfb, 0x88, 0x8f, 0xd8, 0xd7, 0x22, 0x38, 0x4d, 0x65, 0xfb, 0x88,
    0x8f, 0xe0, 0xfc, 0x21, 0x40, 0xd6, 0x81, 0x2c, 0x84, 0x1f, 0x38, 0x03, 0xe6, 0x23, 0x3e, 0xa2, 0xe3, 0xf6, 0xd3,
    0x08, 0xcc, 0x53, 0xd3, 0x7e, 0xe3, 0x4c, 0x3e, 0xe2, 0x23, 0xe6, 0x63, 0x38, 0x91, 0x8f, 0xf8, 0x88, 0x79, 0x29,
    0x82, 0xd3, 0x54, 0x3e, 0xe2, 0x23, 0xf8, 0x7e, 0x03, 0xd7, 0xff, 0x3f, 0x11, 0x21, 0x38, 0xcc, 0x83, 0x2c, 0xc4,
    0xf0, 0x53, 0x8c, 0x33, 0xf8, 0xc4, 0x85, 0x4c, 0x07, 0x50, 0x10, 0xcd, 0x14, 0x61, 0x56, 0x93, 0x08, 0x4e, 0x53,
    0xd9, 0x3e, 0xe2, 0x23, 0x86, 0x93, 0x88, 0x3e, 0x8d, 0xd7, 0x3e, 0xe2, 0x23, 0x36, 0x85, 0x38, 0x91, 0x8f, 0xf8,
    0xc8, 0xcd, 0x5b, 0xda, 0x23, 0x30, 0x4f, 0x4d, 0xfb, 0x8d, 0x33, 0xf9, 0x88, 0x8f, 0xe4, 0xbd, 0xf5, 0x20, 0x40,
    0x33, 0xf4, 0x3e, 0xe2, 0x23, 0x46, 0x96, 0x48, 0xc7, 0xe2, 0x23, 0x3e, 0x92, 0xe3, 0x16, 0xb6, 0x08, 0x4e, 0x53,
    0xe9, 0x3e, 0xe2, 0x23, 0x39, 0x7d, 0x07, 0x0d, 0x52, 0xf8, 0xd3, 0x41, 0x34, 0x3e, 0xe2, 0x23, 0x79, 0x6d, 0x62,
    0x8b, 0xe8, 0xd3, 0x78, 0xed, 0x23, 0x3e, 0x92, 0xdb, 0x96, 0x93, 0xac, 0x3e, 0x8d, 0xd3, 0x3e, 0xe2, 0x23, 0x27,
    0xe0, 0x58, 0x07, 0xb2, 0x10, 0x7e, 0xe0, 0x0c, 0x98, 0x8f, 0xf8, 0x88, 0xa1, 0x04, 0x9d, 0xd1, 0x20, 0x82, 0xd3,
    0x54, 0x3e, 0xe2, 0x23, 0x76, 0xb5, 0x48, 0x54, 0x50, 0xeb, 0x3e, 0xe2, 0x23, 0xb8, 0x6d, 0x66, 0x89, 0x74, 0x44,
    0x3e, 0xe2, 0x23, 0xb9, 0x6e, 0x6a, 0x89, 0x44, 0x05, 0x3e, 0xe2, 0x23, 0x3a, 0x6d, 0x59, 0xc9, 0xea, 0xdb, 0x3e,
    0xe2, 0x23, 0x78, 0x6e, 0x63, 0xcb, 0xea, 0xd3, 0x38, 0xed, 0x23, 0x3e, 0x92, 0xdf, 0x86, 0xe5, 0x08, 0xcc, 0xb3,
    0xfb, 0x8d, 0x33, 0xf9, 0x88, 0x8f, 0xe0, 0xb7, 0x9d, 0x29, 0x40, 0x33, 0xf4, 0x3e, 0xe2, 0x23, 0xf9, 0x6e, 0x27,
    0xc1, 0x69, 0x37, 0x89, 0xe0, 0x34, 0x95, 0xee, 0x23, 0x3e, 0x62, 0x6b, 0xc9, 0xea, 0xd7, 0x3e, 0xe2, 0x23, 0x7a,
    0x6d, 0x36, 0x47, 0x44, 0x30, 0x3e, 0xe2, 0x23, 0x06, 0x96, 0x44, 0x04, 0xe3, 0x23, 0x3e, 0x82, 0xf7, 0x17, 0xb0,
    0x20, 0x85, 0x3f, 0x1d, 0x44, 0xe3, 0x23, 0x3e, 0x72, 0x09, 0xd9, 0xff, 0x3f, 0x11, 0x21, 0x38, 0xcc, 0x83, 0x2c,
    0xc4, 0xf0, 0x53, 0x8c, 0x33, 0xf8, 0xc4, 0x85, 0x4c, 0xba, 0x6e, 0x65, 0x8e, 0x74, 0x44, 0x3e, 0x03, 0x48, 0x8a,
    0x8f, 0xf8, 0x48, 0x9e, 0x5b, 0xd0, 0xb1, 0xfa, 0xb5, 0x8f, 0xf8, 0x88, 0x11, 0x1d, 0xab, 0x6f, 0xfb, 0x88, 0x8f,
    0x98, 0xd2, 0x22, 0x38, 0x4d, 0x65, 0xfb, 0x88, 0x8f, 0xd8, 0xbc, 0x0d, 0x31, 0x02, 0xf3, 0xec, 0x7e, 0xe3, 0x4c,
    0x3e, 0xe2, 0x23, 0x57, 0x00, 0x59, 0x07, 0xb2, 0x10, 0x7e, 0xe0, 0x0c, 0x98, 0x8f, 0xf8, 0x08, 0x8e, 0x5b, 0x92,
    0x22, 0x38, 0x4d, 0xe5, 0x23, 0x3e, 0x62, 0xef, 0xb6, 0xc3, 0x48, 0x47, 0xe4, 0x33, 0x80, 0xa4, 0xf8, 0x88, 0x8f,
    0x98, 0xce, 0x21, 0x1d, 0x8b, 0x8f, 0xf8, 0x88, 0x51, 0x3d, 0x02, 0xf3, 0xd4, 0xb4, 0xdf, 0x38, 0x93, 0x8f, 0xf8,
    0xc8, 0xdd, 0x1b, 0xcf, 0x21, 0x1d, 0x91, 0x8f, 0xf8, 0x88, 0x3d, 0x25, 0xd2, 0xb1, 0xf8, 0x88, 0x8f, 0xdc, 0xb8,
    0x31, 0x2d, 0x82, 0xd3, 0x54, 0xba, 0x8f, 0xf8, 0xc8, 0x4d, 0x1b, 0x94, 0x23, 0x1d, 0x91, 0xcf, 0x00, 0x92, 0xe2,
    0x23, 0x3e, 0x72, 0xe7, 0xd6, 0xb4, 0x88, 0x3e, 0x8d, 0xd7, 0x3e, 0xe2, 0x23, 0xb7, 0x0d, 0x01, 0x31, 0x00, 0x00,
    0x04, 0x00, 0x00, 0x00, 0x5b, 0x06, 0x4b, 0x3a, 0xb6, 0x0c, 0x6e, 0x20, 0x1d, 0x5b, 0x06, 0x53, 0x90, 0x0e, 0x00,
    0x00, 0x00, 0x00, 0x00, 0x00, 0x61, 0x20, 0x00, 0x00, 0x76, 0x01, 0x00, 0x00, 0x13, 0x04, 0x4d, 0x2c, 0x10, 0x00,
    0x00, 0x00, 0x08, 0x00, 0x00, 0x00, 0x94, 0x8c, 0x00, 0x14, 0x20, 0x20, 0x20, 0x20, 0x08, 0x09, 0xe5, 0x47, 0x49,
    0x09, 0x90, 0x50, 0x03, 0x94, 0x14, 0x41, 0x19, 0x50, 0x34, 0x03, 0x40, 0xe4, 0x58, 0x04, 0x10, 0x08, 0x03, 0x00,
    0x63, 0x08, 0x4b, 0x32, 0x86, 0xb0, 0x28, 0x17, 0x08, 0x3b, 0xdc, 0x10, 0x2c, 0x64, 0x30, 0xcb, 0x10, 0x08, 0x41,
    0x12, 0x02, 0x24, 0x21, 0xc0, 0x09, 0x41, 0x65, 0x90, 0xc4, 0x2c, 0xc1, 0x30, 0x50, 0x21, 0x54, 0x82, 0x07, 0x0c,
    0x54, 0x24, 0x91, 0x40, 0x06, 0xc0, 0x05, 0xd0, 0xe5, 0x90, 0xc4, 0x31, 0x01, 0x5e, 0x30, 0xe9, 0x05, 0xc4, 0x0e,
    0x37, 0x04, 0x0e, 0x19, 0x4c, 0x37, 0x64, 0x4f, 0x70, 0x43, 0x10, 0xa8, 0x5c, 0x20, 0x30, 0xdc, 0xb0, 0x84, 0x01,
    0x18, 0xcc, 0x32, 0x0c, 0x42, 0x30, 0x50, 0x91, 0x68, 0x81, 0x21, 0x8c, 0x21, 0x80, 0xc1, 0x36, 0x86, 0x00, 0x06,
    0xdc, 0x05, 0xc2, 0x0e, 0x37, 0x04, 0x60, 0x40, 0x06, 0xb3, 0x0c, 0x44, 0x11, 0x24, 0x21, 0x40, 0x12, 0x02, 0x9c,
    0x10, 0x54, 0x06, 0x49, 0xcc, 0x12, 0x18, 0x03, 0x15, 0x42, 0x55, 0xa0, 0xc2, 0x30, 0x50, 0x91, 0x44, 0x85, 0x2b,
    0x0c, 0x17, 0x94, 0xc1, 0xe5, 0x90, 0xc4, 0x31, 0x01, 0x5e, 0x80, 0x06, 0x7a, 0x01, 0xb1, 0xc3, 0x0d, 0x81, 0x43,
    0x06, 0xd3, 0x0d, 0x6e, 0xf0, 0x04, 0x37, 0x04, 0x81, 0x0a, 0x1b, 0x80, 0xc0, 0x70, 0xc3, 0x62, 0x07, 0x60, 0x30,
    0xcb, 0x60, 0x14, 0xc1, 0x40, 0x45, 0xa2, 0x11, 0x46, 0x31, 0x86, 0x50, 0x07, 0x6e, 0x30, 0x86, 0x50, 0x07, 0x6f,
    0x70, 0x81, 0xb0, 0xc3, 0x0d, 0x41, 0x1d, 0x90, 0xc1, 0x2c, 0xc3, 0x81, 0x04, 0x49, 0x08, 0x90, 0x84, 0x00, 0x27,
    0x04, 0x95, 0x41, 0x12, 0xb3, 0x04, 0xc9, 0x40, 0x85, 0x50, 0x21, 0xf2, 0x60, 0x0c, 0x54, 0x24, 0x11, 0x82, 0x0f,
    0xc6, 0x05, 0x7a, 0x70, 0x39, 0x24, 0x71, 0x4c, 0x80, 0x17, 0xf4, 0x81, 0x5e, 0x40, 0xec, 0x70, 0x43, 0xe0, 0x90,
    0xc1, 0x74, 0xc3, 0x28, 0x3c, 0xc1, 0x0d, 0x41, 0xa0, 0x12, 0x0a, 0x20, 0x30, 0xdc, 0xb0, 0xac, 0x02, 0x18, 0xcc,
    0x32, 0x24, 0x48, 0x30, 0x50, 0x91, 0x68, 0x87, 0x81, 0x8c, 0x21, 0xa8, 0x82, 0x28, 0x8c, 0x21, 0xa8, 0xc2, 0x28,
    0x5c, 0x20, 0xec, 0x70, 0x43, 0xa0, 0x0a, 0x64, 0x30, 0xcb, 0xa0, 0x2c, 0x41, 0x12, 0x02, 0x24, 0x21, 0xc0, 0x09,
    0x41, 0x65, 0x90, 0xc4, 0x2c, 0x01, 0x33, 0x50, 0x21, 0x54, 0x0b, 0x4f, 0x24, 0x03, 0x15, 0x49, 0xb4, 0x88, 0x45,
    0x72, 0xc1, 0x2b, 0x5c, 0x0e, 0x49, 0x1c, 0x13, 0xe0, 0x05, 0xb2, 0xa0, 0x17, 0x10, 0x3b, 0xdc, 0x10, 0x38, 0x64,
    0x30, 0xdd, 0x80, 0x0b, 0x4f, 0x70, 0x43, 0x10, 0xa8, 0xd8, 0x02, 0x08, 0x0c, 0x37, 0x2c, 0xe0, 0x00, 0x06, 0xb3,
    0x0c, 0xcc, 0x12, 0x0c, 0x54, 0x24, 0x9a, 0x62, 0x2c, 0x73, 0x0c, 0xb6, 0x00, 0x0a, 0xbd, 0x30, 0xc7, 0x10, 0xb0,
    0xc1, 0x2e, 0xcc, 0x31, 0xe0, 0x02, 0xf6, 0x0b, 0x73, 0x0c, 0x01, 0xd1, 0x0b, 0x83, 0x0c, 0x43, 0x90, 0x0b, 0x1b,
    0x84, 0x03, 0x01, 0x00, 0x00, 0xfd, 0x00, 0x00, 0x00, 0x87, 0x20, 0x59, 0x07, 0xb2, 0x10, 0x7e, 0xe0, 0x0c, 0x98,
    0x8f, 0xf8, 0x88, 0x8f, 0xd8, 0xb8, 0x0d, 0x06, 0x3c, 0x12, 0x15, 0xd4, 0xba, 0x8f, 0xf8, 0x88, 0x6d, 0xfb, 0x08,
    0x6e, 0x9b, 0x98, 0x12, 0x11, 0x8c, 0x8f, 0xf8, 0x88, 0x8f, 0xf4, 0x16, 0xf4, 0x08, 0xcc, 0x53, 0xd3, 0x7e, 0xe3,
    0x4c, 0x3e, 0xe2, 0x23, 0x3e, 0x72, 0x03, 0xd9, 0xff, 0x3f, 0x11, 0x21, 0x38, 0xcc, 0x83, 0x2c, 0xc4, 0xf0, 0x53,
    0x8c, 0x33, 0xf8, 0xc4, 0x85, 0x4c, 0x3e, 0x62, 0x84, 0x01, 0x92, 0xc0, 0x3c, 0xbb, 0xdf, 0x38, 0x93, 0x8f, 0xf8,
    0x88, 0x7d, 0xfb, 0x08, 0x7e, 0x1b, 0x13, 0x23, 0x38, 0x4d, 0x65, 0xfb, 0x88, 0x8f, 0xf0, 0x3e, 0x62, 0x85, 0x01,
    0xcd, 0xea, 0xdb, 0x3e, 0xe2, 0x23, 0x76, 0xee, 0x23, 0x78, 0x6e, 0x3c, 0x89, 0x74, 0x2c, 0x3e, 0xe2, 0x23, 0x3e,
    0x62, 0x37, 0x8b, 0xe0, 0x34, 0x95, 0xed, 0x23, 0x3e, 0xe2, 0x23, 0x76, 0xc7, 0x44, 0x04, 0xe3, 0x23, 0x3e, 0xd2,
    0xfb, 0x88, 0xdd, 0x5b, 0x8f, 0x23, 0x1d, 0x91, 0xcf, 0x00, 0x92, 0xe2, 0x23, 0x3e, 0xe2, 0x23, 0x66, 0x15, 0x09,
    0xcc, 0x53, 0xd3, 0x7e, 0xe3, 0x4c, 0x3e, 0xe2, 0x23, 0x75, 0xef, 0x23, 0xa6, 0xb3, 0x88, 0x3e, 0x8d, 0xd7, 0x3e,
    0xe2, 0x23, 0x3e, 0x62, 0x4b, 0x8b, 0xe0, 0x34, 0x95, 0x8f, 0xf8, 0xc8, 0xee, 0x23, 0xe6, 0x93, 0x48, 0x47, 0xe4,
    0x23, 0x3e, 0xe2, 0x23, 0x96, 0xb3, 0x08, 0x4e, 0x53, 0xe9, 0x3e, 0xe2, 0x23, 0x3e, 0x62, 0x67, 0x90, 0x74, 0x44,
    0x3e, 0x03, 0x48, 0x8a, 0x8f, 0xf8, 0x88, 0x8f, 0xd4, 0xf9, 0x11, 0x3c, 0x48, 0xe1, 0x4f, 0x07, 0xd1, 0xf8, 0x88,
    0x8f, 0xd4, 0xb5, 0x8f, 0x5c, 0x40, 0x83, 0x14, 0xfe, 0x74, 0x10, 0x8d, 0x8f, 0xf8, 0x88, 0x8f, 0x18, 0xde, 0x23,
    0x38, 0x4d, 0xa5, 0xfb, 0x88, 0x8f, 0xd4, 0xb4, 0x8f, 0xdc, 0xb4, 0xed, 0x2c, 0xab, 0x4f, 0xe3, 0xb4, 0x8f, 0xf8,
    0x88, 0x8f, 0xd8, 0xd4, 0x22, 0x1d, 0x91, 0x8f, 0xf8, 0x48, 0xad, 0xfb, 0x88, 0xfd, 0x28, 0x40, 0x33, 0xf4, 0x3e,
    0xe2, 0x23, 0x3e, 0x62, 0x36, 0x8a, 0xe0, 0x34, 0x95, 0x8f, 0xf8, 0x88, 0x8f, 0x18, 0x54, 0xb3, 0xfa, 0x34, 0x4e,
    0xfb, 0x88, 0x8f, 0xd4, 0xb7, 0x8f, 0xd8, 0xd6, 0xb2, 0xfa, 0xb6, 0x8f, 0xf8, 0x88, 0x9d, 0xfb, 0x88, 0x51, 0x31,
    0x40, 0x33, 0xf4, 0x3e, 0xe2, 0x23, 0xf5, 0xee, 0x23, 0x16, 0xb5, 0x48, 0xc7, 0xe2, 0x23, 0x3e, 0x52, 0xe3, 0x3e,
    0x62, 0x5a, 0x90, 0xc0, 0x3c, 0xbb, 0xdf, 0x38, 0x93, 0x8f, 0xf8, 0x88, 0x7d, 0xfb, 0x88, 0xed, 0x35, 0xd2, 0xb1,
    0xf8, 0x88, 0x8f, 0xd4, 0xb8, 0x8f, 0xdc, 0xb8, 0x61, 0x2d, 0xab, 0x5f, 0xfb, 0x88, 0x8f, 0xd8, 0xb5, 0x8f, 0x58,
    0x56, 0x23, 0x51, 0x41, 0xad, 0xfb, 0x88, 0x8f, 0xd8, 0xb6, 0x8f, 0x58, 0x5f, 0x23, 0x1d, 0x91, 0x8f, 0xf8, 0x48,
    0xad, 0xfb, 0xc8, 0xad, 0xdb, 0xd5, 0x22, 0x51, 0x81, 0x8f, 0xf8, 0x88, 0x4d, 0xfb, 0x88, 0xa1, 0x2d, 0xd2, 0x11,
    0xf9, 0x88, 0x8f, 0xf8, 0x48, 0xad, 0x1b, 0x4e, 0x12, 0x11, 0x8c, 0x8f, 0xf8, 0x88, 0x8f, 0xd8, 0x1b, 0x24, 0x30,
    0xcf, 0xee, 0x37, 0xce, 0xe4, 0x23, 0x3e, 0xe2, 0x23, 0xf6, 0x7d, 0x0b, 0x94, 0x75, 0x20, 0x0b, 0xe1, 0x07, 0xce,
    0x80, 0xf9, 0x88, 0x8f, 0xd8, 0xb8, 0x8f, 0xe0, 0xf8, 0x29, 0x44, 0x48, 0xe1, 0x4f, 0x07, 0xd1, 0xf8, 0x88, 0x8f,
    0xd4, 0xb5, 0x8f, 0xdc, 0xb5, 0x99, 0x2d, 0xd2, 0xb1, 0xf8, 0x88, 0x8f, 0xf8, 0x48, 0x8d, 0x5b, 0xdb, 0xb2, 0xfa,
    0xb5, 0x8f, 0xf8, 0x88, 0x8f, 0xd8, 0xb5, 0xf1, 0x49, 0xd2, 0x11, 0xf9, 0x0c, 0x20, 0x29, 0x3e, 0xe2, 0x23, 0x75,
    0xee, 0x23, 0x77, 0x6e, 0x80, 0x01, 0x93, 0xc0, 0x3c, 0x35, 0xed, 0x37, 0xce, 0xe4, 0x23, 0x3e, 0x52, 0xf7, 0x3e,
    0x72, 0xf7, 0x07, 0x50, 0x10, 0xcd, 0x14, 0x61, 0x06, 0xb6, 0x08, 0x4e, 0x53, 0xf9, 0x88, 0x8f, 0xf8, 0xc8, 0x6e,
    0x79, 0x8f, 0xe8, 0xd3, 0x78, 0xed, 0x23, 0x3e, 0x52, 0xdb, 0x3e, 0x72, 0xdb, 0x46, 0xb4, 0x48, 0x54, 0x50, 0xeb,
    0x3e, 0xe2, 0x23, 0x3e, 0x62, 0x46, 0xc9, 0xea, 0xdb, 0x3e, 0xe2, 0x23, 0x3e, 0x62, 0x7a, 0xcf, 0xea, 0xd3, 0x38,
    0xed, 0x23, 0x3e, 0x52, 0xdf, 0x3e, 0x72, 0xdf, 0x06, 0xb7, 0xac, 0xbe, 0xed, 0x23, 0x3e, 0xe2, 0x23, 0x76, 0x6e,
    0x45, 0x8e, 0xc0, 0x3c, 0xbb, 0xdf, 0x38, 0x93, 0x8f, 0xf8, 0x88, 0x8f, 0x58, 0x5d, 0x23, 0x38, 0x4d, 0xe5, 0x23,
    0x3e, 0xb2, 0xfb, 0x88, 0xbd, 0x9b, 0x60, 0x40, 0xb3, 0xfa, 0xb5, 0x8f, 0xf8, 0x88, 0x5d, 0xfb, 0x08, 0x5e, 0x9b,
    0x9f, 0x03, 0x34, 0x43, 0xef, 0x23, 0x3e, 0x52, 0xef, 0x3e, 0x72, 0xef, 0x57, 0x20, 0x59, 0x07, 0xb2, 0x10, 0x7e,
    0xe0, 0x0c, 0x98, 0x8f, 0xf8, 0x88, 0x8d, 0xfb, 0x88, 0xa1, 0x04, 0x9d, 0x01, 0x21, 0x4e, 0xe4, 0x23, 0x3e, 0xe2,
    0x23, 0x16, 0x18, 0xd0, 0x48, 0x54, 0xe0, 0x23, 0x3e, 0x62, 0xd3, 0x3e, 0x82, 0xd3, 0xc7, 0xa0, 0xfd, 0xff, 0x13,
    0x11, 0x82, 0xc3, 0x3c, 0xc8, 0x42, 0x0c, 0x3f, 0xc5, 0x38, 0x83, 0xed, 0x13, 0x17, 0x32, 0xe1, 0xba, 0x9d, 0x04,
    0xa7, 0x55, 0x29, 0x4e, 0xe4, 0x23, 0x3e, 0x52, 0xf3, 0x3e, 0x62, 0x6a, 0x8a, 0x13, 0xf9, 0x88, 0x8f, 0xf8, 0x48,
    0xcd, 0x1b, 0xdb, 0x22, 0x51, 0x81, 0x8f, 0xf8, 0x88, 0x8f, 0xd8, 0xb4, 0x39, 0x35, 0x82, 0xd3, 0x54, 0xba, 0x8f,
    0xf8, 0x48, 0x4d, 0xfb, 0xc8, 0x1d, 0x3c, 0x48, 0xe1, 0x4f, 0x07, 0xd1, 0xf8, 0x88, 0x8f, 0xf8, 0x48, 0x5d, 0xdb,
    0x53, 0x23, 0xfa, 0x34, 0x5e, 0xfb, 0x88, 0x8f, 0xd4, 0xb6, 0x8f, 0x98, 0x14, 0x24, 0x1d, 0x91, 0xcf, 0x00, 0x92,
    0xe2, 0x23, 0x3e, 0x52, 0xe7, 0x3e, 0x62, 0x64, 0x8d, 0xe8, 0xd3, 0x78, 0xed, 0x23, 0x3e, 0xe2, 0x23, 0xb5, 0x6d,
    0x63, 0x8d, 0xe0, 0x34, 0x95, 0xee, 0x23, 0x3e, 0xe2, 0x23, 0x35, 0x6d, 0x69, 0x0c, 0xd0, 0x0c, 0xbd, 0x8f, 0xf8,
    0x88, 0x8f, 0xd4, 0xfb, 0x09, 0x40, 0xd6, 0x81, 0x2c, 0x84, 0x1f, 0x38, 0x03, 0xe6, 0x23, 0x3e, 0xe2, 0x23, 0xe6,
    0xd6, 0x48, 0x54, 0x50, 0xeb, 0x3e, 0xe2, 0x23, 0x3e, 0x62, 0xdb, 0x56, 0xd6, 0xac, 0x3e, 0x8d, 0xd3, 0x3e, 0xe2,
    0x23, 0x3e, 0x52, 0xdf, 0xb6, 0x16, 0x09, 0xcc, 0x53, 0xd3, 0x7e, 0xe3, 0x4c, 0x3e, 0xe2, 0x23, 0x3e, 0x52, 0xf7,
    0x67, 0x80, 0xfd, 0xff, 0x13, 0x11, 0x82, 0xc3, 0x3c, 0xc8, 0x42, 0x0c, 0x3f, 0xc5, 0x38, 0x83, 0xed, 0x13, 0x17,
    0x32, 0x59, 0x93, 0x12, 0x11, 0x8c, 0x8f, 0xf8, 0x48, 0xef, 0x23, 0xf6, 0xc7, 0x38, 0x91, 0x8f, 0xf8, 0x48, 0xcd,
    0xfb, 0xc8, 0xcd, 0x5b, 0x18, 0x23, 0x38, 0x4d, 0x65, 0xfb, 0x88, 0x8f, 0xf8, 0x08, 0x7f, 0x09, 0xdb, 0xff, 0x3f,
    0x11, 0x21, 0x38, 0xcc, 0x83, 0x2c, 0xc4, 0xf0, 0x53, 0x8c, 0x33, 0xf8, 0xc4, 0x85, 0x4c, 0x3e, 0x62, 0xeb, 0x26,
    0x94, 0x48, 0x54, 0xe0, 0x23, 0x3e, 0xe2, 0x23, 0x66, 0xe7, 0x08, 0x4e, 0x53, 0xd9, 0x3e, 0xe2, 0x23, 0xbc, 0x8f,
    0xd8, 0xbc, 0x0d, 0x25, 0xab, 0x5f, 0xfb, 0x88, 0x8f, 0xf8, 0x08, 0x00, 0x00, 0x00, 0x01, 0x31, 0x00, 0x00, 0x05,
    0x00, 0x00, 0x00, 0x5b, 0x06, 0x4b, 0x3a, 0xb6, 0x0c, 0x6e, 0x20, 0x1d, 0x5b, 0x06, 0x53, 0x90, 0x8e, 0x2d, 0x83,
    0x2f, 0x48, 0x07, 0x00, 0x00, 0x00, 0x00, 0x00, 0x61, 0x20, 0x00, 0x00, 0x49, 0x03, 0x00, 0x00, 0x13, 0x04, 0x59,
    0x2c, 0x10, 0x00, 0x00, 0x00, 0x0c, 0x00, 0x00, 0x00, 0x94, 0x8c, 0x00, 0x14, 0x20, 0x20, 0x20, 0x20, 0x08, 0x09,
    0xe5, 0x47, 0x49, 0x09, 0x90, 0x50, 0x03, 0x94, 0x14, 0x41, 0x19, 0x14, 0x42, 0x29, 0x14, 0x43, 0x39, 0x50, 0x34,
    0x03, 0x40, 0xe4, 0x58, 0x04, 0x10, 0x08, 0x03, 0x95, 0x63, 0x21, 0x40, 0x20, 0x0c, 0x44, 0x61, 0x1c, 0x00, 0x00,
    0x63, 0x08, 0x90, 0x33, 0x86, 0x00, 0x3d, 0x17, 0x08, 0x3b, 0xdc, 0x10, 0x40, 0x64, 0x30, 0xcb, 0x10, 0x08, 0x41,
    0x12, 0x02, 0x24, 0x21, 0xc0, 0x09, 0x41, 0x65, 0x90, 0xc4, 0x2c, 0xc1, 0x30, 0x50, 0x21, 0x54, 0x02, 0x1a, 0x00,
    0x03, 0x15, 0x49, 0x24, 0xb8, 0x01, 0x70, 0x41, 0x75, 0x39, 0x24, 0x71, 0x4c, 0x80, 0x17, 0x60, 0x7a, 0x01, 0xb1,
    0xc3, 0x0d, 0x81, 0x43, 0x06, 0xd3, 0x0d, 0xde, 0x13, 0xdc, 0x10, 0x04, 0x2a, 0x1c, 0x08, 0x0c, 0x37, 0x2c, 0x66,
    0x00, 0x06, 0xb3, 0x0c, 0x83, 0x10, 0x0c, 0x54, 0x24, 0x5a, 0x60, 0x08, 0x63, 0x08, 0x65, 0x00, 0x06, 0x63, 0x08,
    0x65, 0x10, 0x06, 0x17, 0x08, 0x3b, 0xdc, 0x10, 0x94, 0x01, 0x19, 0xcc, 0x32, 0x10, 0x45, 0x90, 0x84, 0x00, 0x49,
    0x08, 0x70, 0x42, 0x50, 0x19, 0x24, 0x31, 0x4b, 0x60, 0x0c, 0x54, 0x08, 0x55, 0x21, 0x0b, 0xc3, 0x40, 0x45, 0x12,
    0x15, 0xb8, 0x30, 0x5c, 0xa0, 0x06, 0x97, 0x43, 0x12, 0xc7, 0x04, 0x78, 0x41, 0x1b, 0xe8, 0x05, 0xc4, 0x0e, 0x37,
    0x04, 0x0e, 0x19, 0x4c, 0x37, 0xcc, 0xc1, 0x13, 0xdc, 0x10, 0x04, 0x2a, 0x71, 0x00, 0x02, 0xc3, 0x0d, 0xcb, 0x1e,
    0x80, 0xc1, 0x2c, 0x83, 0x51, 0x04, 0x03, 0x15, 0x89, 0x46, 0x18, 0xc5, 0x18, 0x82, 0x1e, 0xcc, 0xc1, 0x18, 0x82,
    0x1e, 0xd0, 0xc1, 0x05, 0xc2, 0x0e, 0x37, 0x04, 0x7a, 0x40, 0x06, 0xb3, 0x0c, 0x07, 0x12, 0x24, 0x21, 0x40, 0x12,
    0x02, 0x9c, 0x10, 0x54, 0x06, 0x49, 0xcc, 0x12, 0x24, 0x03, 0x15, 0x42, 0x85, 0xf0, 0x83, 0x31, 0x50, 0x91, 0x44,
    0x88, 0x48, 0x18, 0x17, 0xfc, 0xc1, 0xe5, 0x90, 0xc4, 0x31, 0x01, 0x5e, 0x20, 0x0a, 0x7a, 0x01, 0xb1, 0xc3, 0x0d,
    0x81, 0x43, 0x06, 0xd3, 0x0d, 0xa8, 0xf0, 0x04, 0x37, 0x04, 0x81, 0x8a, 0x29, 0x80, 0xc0, 0x70, 0xc3, 0x02, 0x0b,
    0x60, 0x30, 0xcb, 0x90, 0x20, 0xc1, 0x40, 0x45, 0xa2, 0x1d, 0x06, 0x32, 0x86, 0xf0, 0x0a, 0xa7, 0x30, 0x86, 0xf0,
    0x0a, 0xa8, 0x70, 0x81, 0xb0, 0xc3, 0x0d, 0xc1, 0x2b, 0x90, 0xc1, 0x2c, 0x83, 0xb2, 0x04, 0x49, 0x08, 0x90, 0x84,
    0x00, 0x27, 0x04, 0x95, 0x41, 0x12, 0xb3, 0x04, 0xcc, 0x40, 0x85, 0x50, 0x2d, 0x66, 0x91, 0x0c, 0x54, 0x24, 0xd1,
    0xc2, 0x16, 0xc9, 0x05, 0xb4, 0x70, 0x39, 0x24, 0x71, 0x4c, 0x80, 0x17, 0xdc, 0x82, 0x5e, 0x40, 0xec, 0x70, 0x43,
    0xe0, 0x90, 0xc1, 0x74, 0x43, 0x2f, 0x3c, 0xc1, 0x0d, 0x41, 0xa0, 0xb2, 0x0b, 0x20, 0x30, 0xdc, 0xb0, 0x94, 0x03,
    0x18, 0xcc, 0x32, 0x30, 0x4b, 0x30, 0x50, 0x91, 0x68, 0x8a, 0xb1, 0x8c, 0x21, 0x90, 0xc3, 0x2e, 0x8c, 0x21, 0x90,
    0x03, 0x2f, 0x5c, 0x20, 0xec, 0x70, 0x43, 0x40, 0x0e, 0x64, 0x30, 0xcb, 0xd0, 0x38, 0x41, 0x12, 0x02, 0x24, 0x21,
    0xc0, 0x09, 0x41, 0x65, 0x90, 0xc4, 0x2c, 0xc1, 0x33, 0x50, 0x21, 0x54, 0x0e, 0x6c, 0x30, 0x03, 0x15, 0x49, 0xe4,
    0xd8, 0x06, 0x73, 0x41, 0x3a, 0x5c, 0x0e, 0x49, 0x1c, 0x13, 0xe0, 0x05, 0xec, 0xa0, 0x17, 0x10, 0x3b, 0xdc, 0x10,
    0x38, 0x64, 0x30, 0xdd, 0x20, 0x0f, 0x4f, 0x70, 0x43, 0x10, 0xa8, 0xc0, 0x03, 0x08, 0x0c, 0x37, 0x2c, 0xfa, 0x00,
    0x06, 0xb3, 0x0c, 0x8f, 0x13, 0x0c, 0x54, 0x24, 0x5a, 0x63, 0x38, 0x63, 0x08, 0xf9, 0xf0, 0x0e, 0x63, 0x08, 0xf9,
    0x00, 0x0f, 0x17, 0x08, 0x3b, 0xdc, 0x10, 0xe4, 0x03, 0x19, 0xcc, 0x32, 0x40, 0x51, 0x90, 0x84, 0x00, 0x49, 0x08,
    0x70, 0x42, 0x50, 0x19, 0x24, 0x31, 0x4b, 0x20, 0x0d, 0x54, 0x08, 0x55, 0xa4, 0x1f, 0xcf, 0x40, 0x45, 0x12, 0x45,
    0x20, 0xf2, 0x5c, 0xe0, 0x0f, 0x97, 0x43, 0x12, 0xc7, 0x04, 0x78, 0x41, 0x48, 0xe8, 0x05, 0xc4, 0x0e, 0x37, 0x04,
    0x0e, 0x19, 0x4c, 0x37, 0x9c, 0xc4, 0x13, 0xdc, 0x10, 0x04, 0x2a, 0x25, 0x01, 0x02, 0xc3, 0x0d, 0xcb, 0x4b, 0x80,
    0xc1, 0x2c, 0x83, 0x14, 0x05, 0x03, 0x15, 0x89, 0x06, 0x19, 0xd1, 0x18, 0x82, 0x4b, 0x8c, 0xc4, 0x18, 0x82, 0x4b,
    0x90, 0xc4, 0x05, 0xc2, 0x0e, 0x37, 0x04, 0x2e, 0x41, 0x06, 0xb3, 0x0c, 0x13, 0x15, 0x24, 0x21, 0x40, 0x12, 0x02,
    0x9c, 0x10, 0x54, 0x06, 0x49, 0xcc, 0x12, 0x54, 0x03, 0x15, 0x42, 0x45, 0x91, 0x89, 0x34, 0x50, 0x91, 0x44, 0x94,
    0x9a, 0x48, 0x17, 0xcc, 0xc4, 0xe5, 0x90, 0xc4, 0x31, 0x01, 0x5e, 0x60, 0x13, 0x7a, 0x01, 0xb1, 0xc3, 0x0d, 0x81,
    0x43, 0x06, 0xd3, 0x0d, 0x3c, 0xf1, 0x04, 0x37, 0x04, 0x81, 0x8a, 0x4e, 0x80, 0xc0, 0x70, 0xc3, 0x42, 0x16, 0x60,
    0x30, 0xcb, 0x50, 0x51, 0xc1, 0x40, 0x45, 0xa2, 0x4d, 0x06, 0x35, 0x86, 0x30, 0x16, 0x37, 0x31, 0x86, 0x30, 0x16,
    0x38, 0x71, 0x81, 0xb0, 0xc3, 0x0d, 0xc1, 0x58, 0x90, 0xc1, 0x2c, 0x83, 0x75, 0x05, 0x49, 0x08, 0x90, 0x84, 0x00,
    0x27, 0x04, 0x95, 0x41, 0x12, 0xb3, 0x04, 0xd8, 0x40, 0x85, 0x50, 0x5d, 0xae, 0x52, 0x0d, 0x54, 0x24, 0xd1, 0x45,
    0x2b, 0xd5, 0x05, 0x68, 0x71, 0x39, 0x24, 0x71, 0x4c, 0x80, 0x17, 0xac, 0x85, 0x5e, 0x40, 0xec, 0x70, 0x43, 0xe0,
    0x90, 0xc1, 0x74, 0x43, 0x5c, 0x3c, 0xc1, 0x0d, 0x41, 0xa0, 0xf2, 0x16, 0x20, 0x30, 0xdc, 0xb0, 0xe4, 0x05, 0x18,
    0xcc, 0x32, 0x60, 0x57, 0x30, 0x50, 0x91, 0x68, 0x96, 0x71, 0xcd, 0x31, 0xac, 0x05, 0x4d, 0xd8, 0xc5, 0x1c, 0x43,
    0x00, 0x12, 0x74, 0x31, 0xc7, 0xd0, 0x16, 0xec, 0x80, 0x17, 0x73, 0x0c, 0x01, 0x2e, 0xd8, 0xc5, 0x20, 0xc3, 0x10,
    0xb8, 0xc5, 0x1c, 0x03, 0x5c, 0x94, 0xc2, 0x5e, 0xcc, 0x31, 0x04, 0x71, 0x90, 0x17, 0x73, 0x0c, 0x72, 0xd1, 0xf5,
    0xc5, 0x1c, 0x43, 0x90, 0xec, 0xc5, 0x20, 0xc3, 0x10, 0xcc, 0xc5, 0x20, 0x83, 0x11, 0xcc, 0xc5, 0x06, 0xe1, 0x40,
    0x00, 0x00, 0x00, 0x5f, 0x02, 0x00, 0x00, 0xc6, 0x1d, 0x30, 0x49, 0x54, 0x50, 0xeb, 0x3e, 0xe2, 0x23, 0xb6, 0xed,
    0x23, 0xb8, 0xed, 0x23, 0xbc, 0x6d, 0xd9, 0x01, 0x97, 0xc0, 0x3c, 0x35, 0xed, 0x37, 0xce, 0xe4, 0x23, 0x3e, 0x52,
    0xf7, 0x3e, 0x72, 0xf7, 0x3e, 0xb2, 0xf7, 0x36, 0x1d, 0x30, 0xad, 0x3e, 0x8d, 0xd3, 0x3e, 0xe2, 0x23, 0xf5, 0xed,
    0x23, 0xf7, 0xed, 0x23, 0xfb, 0x6d, 0xbb, 0x01, 0x4e, 0x44, 0x30, 0x3e, 0xe2, 0x23, 0x3e, 0xd2, 0xfb, 0x08, 0xde,
    0xdb, 0x75, 0x80, 0x04, 0x34, 0x43, 0xef, 0x23, 0x3e, 0x52, 0xef, 0x3e, 0x72, 0xef, 0x3e, 0xb2, 0xef, 0xd6, 0x1d,
    0x60, 0x09, 0xcc, 0xb3, 0xfb, 0x8d, 0x33, 0xf9, 0x88, 0x8f, 0xd8, 0xb7, 0x8f, 0xe0, 0xb7, 0x8f, 0xf0, 0xb7, 0xc1,
    0x06, 0x3c, 0x12, 0x15, 0xf8, 0x88, 0x8f, 0xd8, 0xb4, 0x8f, 0xf8, 0x08, 0x4e, 0xdb, 0x61, 0xc0, 0xb3, 0xfa, 0xb5,
    0x8f, 0xf8, 0x88, 0x5d, 0xfb, 0x08, 0x5e, 0xfb, 0xc8, 0x15, 0x50, 0xd6, 0x81, 0x2c, 0x84, 0x1f, 0x38, 0x03, 0xe6,
    0x23, 0x3e, 0x62, 0xe3, 0x3e, 0xe2, 0x23, 0x26, 0x1b, 0x10, 0x49, 0x54, 0x50, 0xeb, 0x3e, 0xe2, 0x23, 0xb6, 0xed,
    0x23, 0x3e, 0x82, 0xdb, 0x76, 0x1c, 0x10, 0x49, 0x54, 0x50, 0xeb, 0x3e, 0xe2, 0x23, 0x3e, 0x62, 0xdb, 0x3e, 0xa2,
    0xdb, 0x16, 0xe5, 0x08, 0x4e, 0x53, 0xd9, 0x3e, 0xe2, 0x23, 0xbc, 0x8f, 0xf8, 0x88, 0x25, 0x06, 0x50, 0x02, 0xf3,
    0xec, 0x7e, 0xe3, 0x4c, 0x3e, 0xe2, 0x23, 0xf6, 0xed, 0x23, 0xf8, 0xed, 0x23, 0x36, 0x1b, 0x40, 0x09, 0xcc, 0xb3,
    0xfb, 0x8d, 0x33, 0xf9, 0x88, 0x8f, 0xd8, 0xb7, 0x8f, 0xf8, 0x08, 0x7e, 0x1b, 0x6d, 0xc0, 0xb3, 0xfa, 0xb6, 0x8f,
    0xf8, 0x88, 0x9d, 0xfb, 0x88, 0x8f, 0xe0, 0xb9, 0xf1, 0x34, 0x82, 0xd3, 0x54, 0xb6, 0x8f, 0xf8, 0x88, 0x8f, 0xf8,
    0x88, 0xf1, 0x39, 0x11, 0xc1, 0xf8, 0x88, 0x8f, 0xf4, 0x3e, 0x62, 0xf7, 0x3e, 0x62, 0x9a, 0x01, 0x93, 0xc0, 0x3c,
    0x35, 0xed, 0x37, 0xce, 0xe4, 0x23, 0x3e, 0xe2, 0x23, 0x3e, 0x52, 0xf7, 0x66, 0x1a, 0xe0, 0x44, 0x04, 0xe3, 0x23,
    0x3e, 0xd2, 0xfb, 0x88, 0x8f, 0xd8, 0xbd, 0xf9, 0x34, 0x82, 0xd3, 0x54, 0xba, 0x8f, 0xf8, 0x88, 0x8f, 0xf8, 0xc8,
    0x05, 0x3c, 0x48, 0xe1, 0x4f, 0x07, 0xd1, 0xf8, 0x88, 0x8f, 0xf8, 0x88, 0x8f, 0x1c, 0x41, 0x84, 0x14, 0xfe, 0x74,
    0x10, 0x8d, 0x8f, 0xf8, 0x48, 0x5d, 0xfb, 0x88, 0x8f, 0xd8, 0x4f, 0x23, 0xfa, 0x34, 0x5e, 0xfb, 0x88, 0x8f, 0xf8,
    0x88, 0x8f, 0xd8, 0x95, 0x24, 0x1d, 0x91, 0xcf, 0x00, 0x92, 0xe2, 0x23, 0x3e, 0x52, 0xe7, 0x3e, 0xe2, 0x23, 0x66,
    0xd5, 0x48, 0xc7, 0xe2, 0x23, 0x3e, 0x52, 0xe3, 0x3e, 0xe2, 0x23, 0x86, 0xf6, 0x08, 0x4e, 0x53, 0xe9, 0x3e, 0xe2,
    0x23, 0x3e, 0x52, 0xd3, 0x3e, 0x62, 0x98, 0x01, 0x0e, 0xd0, 0x0c, 0xbd, 0x8f, 0xf8, 0x88, 0x8f, 0xf8, 0x48, 0xbd,
    0x1b, 0x6a, 0x40, 0x24, 0xfa, 0x34, 0x5e, 0xfb, 0x88, 0x8f, 0xd4, 0xb6, 0x8f, 0xf8, 0xc8, 0x6d, 0x1f, 0x40, 0x41,
    0x34, 0x53, 0x84, 0xd9, 0x0e, 0x23, 0x38, 0x4d, 0xe5, 0x23, 0x3e, 0xe2, 0x23, 0x3e, 0x62, 0x94, 0x01, 0xcf, 0xea,
    0xd3, 0x38, 0xed, 0x23, 0x3e, 0xe2, 0x23, 0x3e, 0x52, 0xdf, 0x56, 0x18, 0x50, 0x09, 0xcc, 0x53, 0xd3, 0x7e, 0xe3,
    0x4c, 0x3e, 0xe2, 0x23, 0x75, 0xef, 0x23, 0x77, 0xef, 0x23, 0xc6, 0xd5, 0x48, 0x54, 0xe0, 0x23, 0x3e, 0x62, 0xd3,
    0x3e, 0xe2, 0x23, 0x26, 0xc5, 0x44, 0x04, 0xe3, 0x23, 0x3e, 0xd2, 0xfb, 0x88, 0x8f, 0xd8, 0x5f, 0xb4, 0xfa, 0x34,
    0x4e, 0xfb, 0x88, 0x8f, 0xd4, 0xb7, 0x8f, 0xdc, 0xb7, 0x8f, 0xd8, 0x60, 0x00, 0x04, 0x34, 0x43, 0xef, 0x23, 0x3e,
    0x52, 0xef, 0x3e, 0x72, 0xef, 0x3e, 0x62, 0x95, 0x01, 0x8d, 0x74, 0x2c, 0x3e, 0xe2, 0x23, 0x3e, 0xe2, 0x23, 0x35,
    0x6e, 0xcf, 0x01, 0x92, 0xe0, 0x34, 0x95, 0xed, 0x23, 0x3e, 0xc2, 0xfb, 0x88, 0xcd, 0xfb, 0x88, 0xce, 0x5b, 0xcf,
    0x12, 0x11, 0x8c, 0x8f, 0xf8, 0x88, 0x8f, 0xf8, 0xc8, 0x51, 0x58, 0xd6, 0x81, 0x2c, 0x84, 0x1f, 0x38, 0x03, 0xe6,
    0x23, 0x3e, 0xe2, 0x23, 0x36, 0xee, 0x23, 0x3a, 0x6e, 0xd8, 0x01, 0x90, 0x13, 0xf9, 0x88, 0x8f, 0xd4, 0xbc, 0x8f,
    0xdc, 0xbc, 0x8f, 0xec, 0xbc, 0xa1, 0x04, 0xdd, 0x3d, 0x74, 0xff, 0xff, 0x44, 0x84, 0xe0, 0x30, 0x0f, 0xb2, 0x10,
    0xc3, 0x4f, 0x31, 0xce, 0xe0, 0x13, 0x17, 0x32, 0xf9, 0x88, 0x8f, 0xd8, 0xba, 0xad, 0x06, 0x50, 0xd2, 0x11, 0xf9,
    0x0c, 0x20, 0x29, 0x3e, 0xe2, 0x23, 0x75, 0xee, 0x23, 0x3e, 0x72, 0xe7, 0x77, 0x81, 0x59, 0x07, 0xb2, 0x10, 0x7e,
    0xe0, 0x0c, 0x98, 0x8f, 0xf8, 0x88, 0x8d, 0xfb, 0x08, 0x8e, 0xfb, 0x08, 0x8f, 0x9b, 0x61, 0xc0, 0x23, 0x51, 0x81,
    0x8f, 0xf8, 0x88, 0x4d, 0xfb, 0x08, 0x4e, 0xfb, 0x88, 0x9d, 0x04, 0xa7, 0x29, 0x41, 0x02, 0xf3, 0xec, 0x7e, 0xe3,
    0x4c, 0x3e, 0xe2, 0x23, 0x3e, 0xe2, 0x23, 0x46, 0x1a, 0xf0, 0x08, 0x4e, 0x53, 0xf9, 0x88, 0x8f, 0xec, 0x3e, 0xe2,
    0x23, 0xf6, 0x6e, 0xd0, 0x01, 0x50, 0x44, 0x30, 0x3e, 0xe2, 0x23, 0xbd, 0x8f, 0xd8, 0xbd, 0x8f, 0xe8, 0xfd, 0x21,
    0x50, 0xd6, 0x81, 0x2c, 0x84, 0x1f, 0x38, 0x03, 0xe6, 0x23, 0x3e, 0xe2, 0x23, 0x36, 0xee, 0x23, 0x96, 0x1c, 0xf0,
    0xac, 0xbe, 0xed, 0x23, 0x3e, 0xe2, 0x23, 0x76, 0xee, 0x23, 0x7a, 0x7e, 0x12, 0xdc, 0xff, 0x3f, 0x11, 0x21, 0x38,
    0xcc, 0x83, 0x2c, 0xc4, 0xf0, 0x53, 0x8c, 0x33, 0xd8, 0x3e, 0x71, 0x21, 0x93, 0x8f, 0xe0, 0xba, 0x09, 0x41, 0xd2,
    0x11, 0xf9, 0x0c, 0x20, 0x29, 0x3e, 0xe2, 0x23, 0x3e, 0xe2, 0x23, 0x96, 0x19, 0xc0, 0x38, 0x91, 0x8f, 0xf8, 0x88,
    0x8f, 0xf8, 0x48, 0xcd, 0x9b, 0x16, 0xe3, 0x44, 0x3e, 0xe2, 0x23, 0x35, 0xef, 0x23, 0x3e, 0x62, 0x71, 0x8d, 0x44,
    0x05, 0x3e, 0xe2, 0x23, 0x3e, 0x62, 0xd3, 0x3e, 0x62, 0x50, 0x8d, 0xe0, 0x34, 0x95, 0x8f, 0xf8, 0xc8, 0xee, 0x23,
    0x3e, 0x72, 0x07, 0x11, 0x52, 0xf8, 0xd3, 0x41, 0x34, 0x3e, 0xe2, 0x23, 0x3e, 0x52, 0xd7, 0x3e, 0x62, 0x6c, 0x92,
    0x74, 0x44, 0x3e, 0x03, 0x48, 0x8a, 0x8f, 0xf8, 0x88, 0x8f, 0xd4, 0xb9, 0x8f, 0x1c, 0xc4, 0x84, 0x14, 0xfe, 0x74,
    0x10, 0x8d, 0x8f, 0xf8, 0x48, 0x5d, 0xfb, 0x88, 0x8f, 0xdc, 0xb5, 0xf1, 0x06, 0x44, 0x82, 0xd3, 0x54, 0xba, 0x8f,
    0xf8, 0x88, 0x8f, 0xd4, 0xb4, 0x8f, 0xe4, 0xb4, 0xb9, 0x39, 0x40, 0x33, 0xf4, 0x3e, 0xe2, 0x23, 0x3e, 0x52, 0xef,
    0x3e, 0x62, 0x81, 0x01, 0x94, 0x74, 0x44, 0x3e, 0x03, 0x48, 0x8a, 0x8f, 0xf8, 0x48, 0x9d, 0xfb, 0xc8, 0x9d, 0xfb,
    0x88, 0x75, 0x06, 0x3c, 0x12, 0x15, 0xd4, 0xba, 0x8f, 0xf8, 0x88, 0x8f, 0xf8, 0x88, 0x6d, 0x5b, 0x6f, 0x40, 0x24,
    0xfa, 0x34, 0x5e, 0xfb, 0x88, 0x8f, 0xf8, 0x48, 0x6d, 0xfb, 0x48, 0x6e, 0x9b, 0xda, 0xb3, 0xfa, 0x34, 0x4e, 0xfb,
    0x88, 0x8f, 0xf8, 0x48, 0x7d, 0xfb, 0x88, 0x11, 0x07, 0x54, 0x02, 0xf3, 0xd4, 0xb4, 0xdf, 0x38, 0x93, 0x8f, 0xf8,
    0x88, 0x8f, 0xd4, 0xbd, 0x8f, 0xe4, 0xbd, 0x0d, 0x07, 0x38, 0x4e, 0xe4, 0x23, 0x3e, 0xe2, 0x23, 0x35, 0xef, 0x23,
    0x39, 0x6f, 0x5f, 0x92, 0xc0, 0x3c, 0xbb, 0xdf, 0x38, 0x93, 0x8f, 0xf8, 0x88, 0x7d, 0xfb, 0x88, 0x8f, 0x98, 0x67,
    0x80, 0x24, 0x30, 0xcf, 0xee, 0x37, 0xce, 0xe4, 0x23, 0x3e, 0xe2, 0x23, 0x3e, 0x62, 0xdf, 0x16, 0x19, 0xc0, 0x44,
    0x04, 0xe3, 0x23, 0x3e, 0xe2, 0x23, 0x3e, 0xd2, 0x5b, 0x6a, 0x40, 0xb4, 0xfa, 0x34, 0x4e, 0xfb, 0x88, 0x8f, 0xd4,
    0xb7, 0x8f, 0xf8, 0xc8, 0x7d, 0x5b, 0x6b, 0x00, 0x04, 0x34, 0x43, 0xef, 0x23, 0x3e, 0x52, 0xef, 0x3e, 0xe2, 0x23,
    0xf7, 0x6e, 0xac, 0x01, 0x8f, 0x74, 0x44, 0x3e, 0xe2, 0x23, 0xb5, 0xee, 0x23, 0x3e, 0x72, 0xeb, 0xe6, 0x1b, 0x10,
    0xad, 0x3e, 0x8d, 0xd3, 0x3e, 0xe2, 0x23, 0x3e, 0x52, 0xdf, 0x3e, 0x92, 0xdf, 0x26, 0x1c, 0x00, 0x01, 0xcd, 0xd0,
    0xfb, 0x88, 0x8f, 0xf8, 0x48, 0xbd, 0xfb, 0x48, 0xbe, 0x9b, 0x73, 0x40, 0x24, 0x38, 0x4d, 0xe5, 0x23, 0x3e, 0xb2,
    0xfb, 0x88, 0xbd, 0xfb, 0x88, 0xbe, 0x5f, 0x42, 0xf7, 0xff, 0x4f, 0x44, 0x08, 0x0e, 0xf3, 0x20, 0x0b, 0x31, 0xfc,
    0x14, 0xe3, 0x0c, 0x3e, 0x71, 0x21, 0x93, 0x8f, 0xd8, 0xba, 0x8f, 0x9c, 0x45, 0x85, 0x14, 0xfe, 0x74, 0x10, 0x8d,
    0x8f, 0xf8, 0x48, 0x5d, 0xfb, 0xc8, 0x5d, 0xfb, 0xc8, 0x5e, 0xdb, 0xd1, 0x22, 0x51, 0x81, 0x8f, 0xf8, 0x88, 0x8f,
    0xf8, 0x88, 0xed, 0x41, 0x82, 0xd3, 0x54, 0xb6, 0x8f, 0xf8, 0x08, 0xef, 0x23, 0x36, 0xef, 0x23, 0x56, 0xd6, 0x08,
    0x4e, 0x53, 0xf9, 0x88, 0x8f, 0xf8, 0xc8, 0xee, 0x23, 0xe6, 0x1d, 0x10, 0xad, 0xbe, 0xed, 0x23, 0x3e, 0x62, 0xe7,
    0x3e, 0x82, 0xe7, 0x3e, 0xc2, 0xe7, 0x66, 0x1d, 0x10, 0x49, 0x47, 0xe4, 0x23, 0x3e, 0x52, 0xeb, 0x3e, 0x72, 0xeb,
    0x3e, 0xb2, 0xeb, 0x96, 0xd4, 0x48, 0x54, 0x50, 0xeb, 0x3e, 0xe2, 0x23, 0x3e, 0xe2, 0x23, 0x56, 0x1c, 0xf0, 0x48,
    0x54, 0xe0, 0x23, 0x3e, 0xe2, 0x23, 0x36, 0xed, 0x23, 0x3a, 0x7d, 0x18, 0xda, 0xff, 0x3f, 0x11, 0x21, 0x38, 0xcc,
    0x83, 0x2c, 0xc4, 0xf0, 0x53, 0x8c, 0x33, 0xe0, 0x3e, 0x71, 0x21, 0x13, 0xaf, 0x5b, 0x6c, 0xc0, 0xb3, 0xfa, 0xb5,
    0x8f, 0xf8, 0x88, 0x5d, 0xfb, 0x88, 0x8f, 0xe0, 0xf5, 0x39, 0x50, 0xd6, 0x81, 0x2c, 0x84, 0x1f, 0x38, 0x03, 0xe6,
    0x23, 0x3e, 0xe2, 0x23, 0x3e, 0x62, 0xe3, 0x66, 0x14, 0x09, 0xcc, 0x53, 0xd3, 0x7e, 0xe3, 0x4c, 0x3e, 0xe2, 0x23,
    0x3e, 0xe2, 0x23, 0x56, 0xa4, 0x38, 0x91, 0x8f, 0xf8, 0x88, 0x8f, 0xf8, 0x88, 0x29, 0x06, 0x3c, 0xab, 0x6f, 0xfb,
    0x88, 0x8f, 0xd8, 0xb9, 0x8f, 0xe0, 0xb9, 0x8f, 0xdc, 0xc0, 0xf6, 0xff, 0x4f, 0x44, 0x08, 0x0e, 0xf3, 0x20, 0x0b,
    0x31, 0xfc, 0x14, 0xe3, 0x0c, 0x3e, 0x71, 0x21, 0x93, 0x8f, 0xf8, 0xc8, 0x31, 0x60, 0xff, 0xff, 0x44, 0x84, 0xe0,
    0x30, 0x0f, 0xb2, 0x10, 0xc3, 0x4f, 0x31, 0xce, 0x80, 0xfb, 0xc4, 0x85, 0x4c, 0xb6, 0x35, 0x09, 0xcc, 0x53, 0xd3,
    0x7e, 0xe3, 0x4c, 0x3e, 0xe2, 0x23, 0x75, 0xef, 0x23, 0x3e, 0x62, 0x9b, 0x01, 0x8d, 0x44, 0x05, 0x3e, 0xe2, 0x23,
    0x3e, 0xe2, 0x23, 0x36, 0x6d, 0x53, 0x8f, 0xe0, 0x34, 0x95, 0xee, 0x23, 0x3e, 0x52, 0xd3, 0x3e, 0xe2, 0x23, 0xf6,
    0x18, 0xd0, 0x08, 0x4e, 0x53, 0xf9, 0x88, 0x8f, 0xf8, 0x88, 0x8f, 0xec, 0x96, 0xf6, 0x88, 0x3e, 0x8d, 0xd7, 0x3e,
    0xe2, 0x23, 0x3e, 0x52, 0xdb, 0x3e, 0x62, 0x7d, 0x91, 0xe0, 0x34, 0x95, 0xee, 0x23, 0x3e, 0x52, 0xd3, 0x3e, 0x72,
    0xd3, 0x3e, 0x72, 0x0d, 0x11, 0x52, 0xf8, 0xd3, 0x41, 0x34, 0x3e, 0xe2, 0x23, 0x3e, 0xe2, 0x23, 0x75, 0x6d, 0x44,
    0x0c, 0xd0, 0x0c, 0xbd, 0x8f, 0xf8, 0x88, 0x8f, 0xf8, 0xc8, 0x29, 0x4c, 0x48, 0xe1, 0x4f, 0x07, 0xd1, 0xf8, 0x88,
    0x8f, 0xd4, 0xb5, 0x8f, 0xdc, 0xb5, 0x8f, 0x18, 0x50, 0xb3, 0xfa, 0x34, 0x4e, 0xfb, 0x88, 0x8f, 0xf8, 0x88, 0x8f,
    0x9c, 0x80, 0x64, 0x1d, 0xc8, 0x42, 0xf8, 0x81, 0x33, 0x60, 0x3e, 0xe2, 0x23, 0x3e, 0xe2, 0x23, 0x36, 0xf7, 0x48,
    0x54, 0x50, 0xeb, 0x3e, 0xe2, 0x23, 0x3e, 0x62, 0xdb, 0x3e, 0x62, 0x58, 0x8d, 0x74, 0x44, 0x3e, 0xe2, 0x23, 0xb5,
    0xee, 0x23, 0x3e, 0x62, 0x55, 0xcf, 0xea, 0xd3, 0x38, 0xed, 0x23, 0x3e, 0x52, 0xdf, 0x3e, 0xe2, 0x23, 0x46, 0xf5,
    0x88, 0x3e, 0x8d, 0xd7, 0x3e, 0xe2, 0x23, 0xb5, 0xed, 0x23, 0x3e, 0x62, 0x59, 0x0e, 0xd0, 0x0c, 0xbd, 0x8f, 0xf8,
    0x48, 0xbd, 0xfb, 0x88, 0x8f, 0x9c, 0x81, 0xf6, 0xff, 0x4f, 0x44, 0x08, 0x0e, 0xf3, 0x20, 0x0b, 0x31, 0xfc, 0x14,
    0xe3, 0x0c, 0xb6, 0x4f, 0x5c, 0xc8, 0xe4, 0x23, 0x26, 0x19, 0xf0, 0x08, 0x4e, 0x53, 0xe9, 0x3e, 0xe2, 0x23, 0x3e,
    0xe2, 0x23, 0x35, 0x6d, 0xc0, 0x01, 0x94, 0x74, 0x44, 0x3e, 0x03, 0x48, 0x8a, 0x8f, 0xf8, 0x88, 0x8f, 0xd4, 0xb9,
    0x8f, 0xe4, 0xb9, 0x75, 0x35, 0xab, 0x5f, 0xfb, 0x88, 0x8f, 0xd8, 0xb5, 0x8f, 0xf8, 0x88, 0x11, 0x06, 0x38, 0x4e,
    0xe4, 0x23, 0x3e, 0x52, 0xf3, 0x3e, 0x72, 0xf3, 0x3e, 0x62, 0xc1, 0x01, 0x8f, 0x74, 0x44, 0x3e, 0xe2, 0x23, 0x3e,
    0x52, 0xeb, 0x3e, 0x92, 0xeb, 0xb6, 0xd6, 0x48, 0xc7, 0xe2, 0x23, 0x3e, 0xe2, 0x23, 0x35, 0xee, 0x23, 0x66, 0x19,
    0x20, 0x49, 0x47, 0xe4, 0x33, 0x80, 0xa4, 0xf8, 0x88, 0x8f, 0xf8, 0x88, 0x8f, 0xd4, 0xb9, 0xb5, 0x35, 0xd2, 0x11,
    0xf9, 0x88, 0x8f, 0xf8, 0x48, 0xad, 0xfb, 0x88, 0x4d, 0x06, 0x3c, 0xa2, 0x4f, 0xe3, 0xb5, 0x8f, 0xf8, 0x88, 0x8f,
    0xf8, 0x48, 0x6d, 0xdb, 0x69, 0x40, 0x24, 0x38, 0x4d, 0xa5, 0xfb, 0x88, 0x8f, 0xd4, 0xb4, 0x8f, 0xf8, 0xc8, 0x4d,
    0x5f, 0x84, 0x65, 0x1d, 0xc8, 0x42, 0xf8, 0x81, 0x33, 0x60, 0x3e, 0xe2, 0x23, 0x36, 0xee, 0x23, 0x3e, 0x82, 0xe3,
    0x96, 0x1b, 0xf0, 0x08, 0x4e, 0x53, 0xf9, 0x88, 0x8f, 0xf8, 0xc8, 0xee, 0x23, 0xf8, 0x6e, 0xdb, 0x01, 0xd1, 0xea,
    0xd7, 0x3e, 0xe2, 0x23, 0x76, 0xed, 0x23, 0x78, 0xed, 0x23, 0x7c, 0x6d, 0x72, 0xcd, 0xea, 0xd7, 0x3e, 0xe2, 0x23,
    0x3e, 0x62, 0xd7, 0x3e, 0x62, 0xa5, 0x01, 0x90, 0xe0, 0x34, 0x95, 0xed, 0x23, 0x3e, 0xc2, 0xfb, 0x88, 0x8f, 0xd8,
    0xbc, 0x69, 0x07, 0x44, 0x12, 0x15, 0xf8, 0x88, 0x8f, 0xd8, 0xb4, 0x8f, 0xe0, 0xb4, 0x8f, 0xf0, 0xb4, 0xf9, 0x45,
    0xa2, 0x4f, 0xe3, 0xb5, 0x8f, 0xf8, 0x48, 0x6d, 0xfb, 0xc8, 0x6d, 0xfb, 0x88, 0x21, 0x2d, 0xab, 0x5f, 0xfb, 0x88,
    0x8f, 0xf8, 0x88, 0x8f, 0xd8, 0xd2, 0xb2, 0xfa, 0xb6, 0x8f, 0xf8, 0x88, 0x8f, 0xf8, 0x88, 0xe9, 0x3d, 0x82, 0xd3,
    0x54, 0x3e, 0xe2, 0x23, 0xbb, 0x8f, 0xd8, 0xbb, 0x8f, 0xd8, 0x65, 0x40, 0x23, 0x1d, 0x91, 0x8f, 0xf8, 0x88, 0x8f,
    0xf8, 0x48, 0xad, 0x9b, 0x6b, 0x80, 0xe3, 0x44, 0x3e, 0xe2, 0x23, 0x35, 0xef, 0x23, 0x3e, 0x72, 0xf3, 0x86, 0x18,
    0x10, 0x49, 0x54, 0x50, 0xeb, 0x3e, 0xe2, 0x23, 0xb6, 0xed, 0x23, 0xb8, 0xed, 0x23, 0x66, 0x1c, 0xf0, 0xac, 0x7e,
    0xed, 0x23, 0x3e, 0xe2, 0x23, 0x76, 0xed, 0x23, 0x7a, 0x6d, 0x67, 0x4c, 0x44, 0x30, 0x3e, 0xe2, 0x23, 0x3e, 0xd2,
    0xfb, 0x88, 0x41, 0x06, 0x38, 0x82, 0xd3, 0x54, 0xb6, 0x8f, 0xf8, 0x88, 0x8f, 0xf8, 0x08, 0x6f, 0x9c, 0x01, 0xcd,
    0xea, 0xd7, 0x3e, 0xe2, 0x23, 0x3e, 0xe2, 0x23, 0x76, 0x6d, 0xbf, 0x01, 0x8f, 0x74, 0x2c, 0x3e, 0xe2, 0x23, 0x3e,
    0x52, 0xe3, 0x3e, 0x92, 0xe3, 0x86, 0x1c, 0x40, 0x09, 0xcc, 0xb3, 0xfb, 0x8d, 0x33, 0xf9, 0x88, 0x8f, 0xf8, 0x88,
    0x7d, 0xfb, 0x88, 0x7e, 0x5b, 0xd0, 0x22, 0x1d, 0x8b, 0x8f, 0xf8, 0x88, 0x8f, 0xf8, 0x88, 0xbd, 0x31, 0x4e, 0xe4,
    0x23, 0x3e, 0xe2, 0x23, 0x35, 0xef, 0x23, 0x06, 0x37, 0x09, 0xcc, 0x53, 0xd3, 0x7e, 0xe3, 0x4c, 0x3e, 0xe2, 0x23,
    0x3e, 0x52, 0xf7, 0x3e, 0x62, 0xba, 0x01, 0x90, 0xe0, 0x34, 0x95, 0xed, 0x23, 0x3e, 0xe2, 0x23, 0xbc, 0x8f, 0xe0,
    0xbc, 0x0d, 0x2d, 0xd2, 0x11, 0xf9, 0x88, 0x8f, 0xf8, 0x88, 0x8f, 0x18, 0x60, 0xc0, 0x23, 0x1d, 0x8b, 0x8f, 0xf8,
    0x48, 0x8d, 0xfb, 0xc8, 0x8d, 0xfb, 0x88, 0xa9, 0x06, 0x3c, 0xd2, 0xb1, 0xf8, 0x88, 0x8f, 0xd4, 0xb8, 0x8f, 0xf8,
    0xc8, 0x8d, 0x9b, 0xd7, 0x23, 0x51, 0x41, 0xad, 0xfb, 0x88, 0x8f, 0xd8, 0xb6, 0x8f, 0xf8, 0x88, 0xbd, 0x06, 0x54,
    0x02, 0xf3, 0xd4, 0xb4, 0xdf, 0x38, 0x93, 0x8f, 0xf8, 0x48, 0xdd, 0xfb, 0x88, 0x8f, 0xdc, 0xfd, 0x4d, 0x4c, 0x48,
    0xe1, 0x4f, 0x07, 0xd1, 0xf8, 0x88, 0x8f, 0xf8, 0x48, 0x5d, 0xfb, 0x48, 0x5e, 0x5b, 0x74, 0xc0, 0x24, 0x38, 0x4d,
    0xa5, 0xfb, 0x88, 0x8f, 0xd4, 0xb4, 0x8f, 0xdc, 0xb4, 0x8f, 0xec, 0xb4, 0x81, 0x35, 0xab, 0x6f, 0xfb, 0x88, 0x8f,
    0xd8, 0xb9, 0x8f, 0xf8, 0x88, 0xd5, 0x35, 0xab, 0x6f, 0xfb, 0x88, 0x8f, 0xf8, 0x88, 0x9d, 0xfb, 0x88, 0xd1, 0x49,
    0x02, 0xf3, 0xec, 0x7e, 0xe3, 0x4c, 0x3e, 0xe2, 0x23, 0x3e, 0x62, 0xdf, 0x3e, 0x62, 0x9f, 0x01, 0xcd, 0xea, 0xdb,
    0x3e, 0xe2, 0x23, 0x3e, 0xe2, 0x23, 0x76, 0x6e, 0x82, 0x01, 0x8f, 0x74, 0x44, 0x3e, 0xe2, 0x23, 0xb5, 0xee, 0x23,
    0xb7, 0xee, 0x23, 0x26, 0x1d, 0x30, 0x89, 0x3e, 0x8d, 0xd7, 0x3e, 0xe2, 0x23, 0xb5, 0xed, 0x23, 0xb7, 0xed, 0x23,
    0xbb, 0x6d, 0xd4, 0x01, 0x91, 0x74, 0x2c, 0x3e, 0xe2, 0x23, 0x35, 0xee, 0x23, 0x37, 0xee, 0x23, 0x3b, 0x6e, 0x66,
    0x8e, 0xe0, 0x34, 0x95, 0xed, 0x23, 0x3e, 0xe2, 0x23, 0xbc, 0x8f, 0x58, 0x75, 0x80, 0x25, 0x1d, 0x91, 0xcf, 0x00,
    0x92, 0xe2, 0x23, 0x3e, 0x52, 0xe7, 0x3e, 0x72, 0xe7, 0x3e, 0xb2, 0xe7, 0x57, 0xf1, 0xfd, 0xff, 0x13, 0x11, 0x82,
    0xc3, 0x3c, 0xc8, 0x42, 0x0c, 0x3f, 0xc5, 0x38, 0x83, 0x4f, 0x5c, 0xc8, 0xe4, 0x23, 0xb6, 0xee, 0x23, 0xba, 0x7e,
    0x0b, 0x96, 0x75, 0x20, 0x0b, 0xe1, 0x07, 0xce, 0x80, 0xf9, 0x88, 0x8f, 0xd8, 0xb8, 0x8f, 0xe0, 0xb8, 0x8f, 0x00,
    0x00, 0x00, 0x00, 0x01, 0x31, 0x00, 0x00, 0x0a, 0x00, 0x00, 0x00, 0x5b, 0x06, 0x4b, 0x3a, 0xb6, 0x0c, 0x6e, 0x20,
    0x1d, 0x5b, 0x06, 0x53, 0x90, 0x8e, 0x2d, 0x83, 0x2f, 0x48, 0xc7, 0x96, 0xc1, 0x1e, 0xa4, 0x63, 0xcb, 0xe0, 0x12,
    0xd2, 0xb1, 0x65, 0x30, 0x0b, 0xe9, 0xd8, 0x32, 0xf8, 0x85, 0x74, 0x00, 0x00, 0x00, 0x00, 0x00, 0x00, 0x61, 0x20,
    0x00, 0x00, 0x5f, 0x07, 0x00, 0x00, 0x13, 0x04, 0x71, 0x10, 0x0b, 0x04, 0x00, 0x00, 0x13, 0x00, 0x00, 0x00, 0x94,
    0x8c, 0x00, 0x14, 0x20, 0x20, 0x20, 0x20, 0x08, 0x09, 0xe5, 0x47, 0x49, 0x09, 0x90, 0x50, 0x03, 0x94, 0x14, 0x41,
    0x19, 0x14, 0x42, 0x29, 0x14, 0x43, 0x39, 0x14, 0x44, 0x49, 0x14, 0x45, 0x59, 0x14, 0x46, 0x69, 0x14, 0x47, 0x79,
    0x50, 0x34, 0x03, 0x40, 0xe4, 0x58, 0x04, 0x10, 0x08, 0x03, 0x95, 0x63, 0x21, 0x40, 0x20, 0x0c, 0x44, 0x61, 0x1c,
    0x64, 0x8e, 0x05, 0x01, 0x81, 0x30, 0x10, 0x85, 0x71, 0x20, 0x89, 0xb2, 0x30, 0x8d, 0xf3, 0x00, 0x00, 0x00, 0x63,
    0x08, 0xd9, 0x35, 0x86, 0x90, 0x61, 0x17, 0x08, 0x3b, 0xdc, 0x10, 0x64, 0x64, 0x30, 0xcb, 0x10, 0x08, 0x41, 0x12,
    0x02, 0x24, 0x21, 0xc0, 0x09, 0x41, 0x65, 0x90, 0xc4, 0x2c, 0xc1, 0x30, 0x50, 0x21, 0x54, 0x82, 0x1e, 0x00, 0x03,
    0x15, 0x49, 0x24, 0x80, 0x02, 0x70, 0x81, 0x77, 0x39, 0x24, 0x71, 0x4c, 0x80, 0x17, 0x84, 0x81, 0x5e, 0x40, 0xec,
    0x70, 0x43, 0xe0, 0x90, 0xc1, 0x74, 0xc3, 0x19, 0x3c, 0xc1, 0x0d, 0x41, 0xa0, 0x52, 0x06, 0x20, 0x30, 0xdc, 0xb0,
    0xbc, 0x01, 0x18, 0xcc, 0x32, 0x0c, 0x42, 0x30, 0x50, 0x91, 0x68, 0x81, 0x21, 0x8c, 0x21, 0xb8, 0x41, 0x1a, 0x8c,
    0x21, 0xb8, 0x81, 0x1a, 0x5c, 0x20, 0xec, 0x70, 0x43, 0xe0, 0x06, 0x64, 0x30, 0xcb, 0x40, 0x14, 0x41, 0x12, 0x02,
    0x24, 0x21, 0xc0, 0x09, 0x41, 0x65, 0x90, 0xc4, 0x2c, 0x81, 0x31, 0x50, 0x21, 0x54, 0x05, 0x39, 0x0c, 0x03, 0x15,
    0x49, 0x54, 0xa8, 0xc3, 0x70, 0xc1, 0x1c, 0x5c, 0x0e, 0x49, 0x1c, 0x13, 0xe0, 0x05, 0x76, 0xa0, 0x17, 0x10, 0x3b,
    0xdc, 0x10, 0x38, 0x64, 0x30, 0xdd, 0xc0, 0x07, 0x4f, 0x70, 0x43, 0x10, 0xa8, 0xe8, 0x01, 0x08, 0x0c, 0x37, 0x2c,
    0xa4, 0x00, 0x06, 0xb3, 0x0c, 0x46, 0x11, 0x0c, 0x54, 0x24, 0x1a, 0x61, 0x14, 0x63, 0x08, 0xa3, 0xc0, 0x07, 0x63,
    0x08, 0xa3, 0xd0, 0x07, 0x17, 0x08, 0x3b, 0xdc, 0x10, 0x8c, 0x02, 0x19, 0xcc, 0x32, 0x1c, 0x48, 0x90, 0x84, 0x00,
    0x49, 0x08, 0x70, 0x42, 0x50, 0x19, 0x24, 0x31, 0x4b, 0x90, 0x0c, 0x54, 0x08, 0x15, 0xe2, 0x12, 0xc6, 0x40, 0x45,
    0x12, 0x21, 0x34, 0x61, 0x5c, 0x80, 0x0a, 0x97, 0x43, 0x12, 0xc7, 0x04, 0x78, 0xc1, 0x2a, 0xe8, 0x05, 0xc4, 0x0e,
    0x37, 0x04, 0x0e, 0x19, 0x4c, 0x37, 0xc4, 0xc2, 0x13, 0xdc, 0x10, 0x04, 0x2a, 0xaf, 0x00, 0x02, 0xc3, 0x0d, 0x4b,
    0x2e, 0x80, 0xc1, 0x2c, 0x43, 0x82, 0x04, 0x03, 0x15, 0x89, 0x76, 0x18, 0xc8, 0x18, 0x02, 0x2e, 0xc0, 0xc2, 0x18,
    0x02, 0x2e, 0xc4, 0xc2, 0x05, 0xc2, 0x0e, 0x37, 0x04, 0xb8, 0x40, 0x06, 0xb3, 0x0c, 0xca, 0x12, 0x24, 0x21, 0x40,
    0x12, 0x02, 0x9c, 0x10, 0x54, 0x06, 0x49, 0xcc, 0x12, 0x30, 0x03, 0x15, 0x42, 0xb5, 0xe0, 0x45, 0x32, 0x50, 0x91,
    0x44, 0x8b, 0x5f, 0x24, 0x17, 0xf4, 0xc2, 0xe5, 0x90, 0xc4, 0x31, 0x01, 0x5e, 0x00, 0x0e, 0x7a, 0x01, 0xb1, 0xc3,
    0x0d, 0x81, 0x43, 0x06, 0xd3, 0x0d, 0xe6, 0xf0, 0x04, 0x37, 0x04, 0x81, 0x0a, 0x39, 0x80, 0xc0, 0x70, 0xc3, 0xe2,
    0x0e, 0x60, 0x30, 0xcb, 0xc0, 0x2c, 0xc1, 0x40, 0x45, 0xa2, 0x29, 0xc6, 0x32, 0x86, 0xd0, 0x0e, 0xe4, 0x30, 0x86,
    0xd0, 0x0e, 0xe5, 0x70, 0x81, 0xb0, 0xc3, 0x0d, 0x41, 0x3b, 0x90, 0xc1, 0x2c, 0x43, 0xe3, 0x04, 0x49, 0x08, 0x90,
    0x84, 0x00, 0x27, 0x04, 0x95, 0x41, 0x12, 0xb3, 0x04, 0xcf, 0x40, 0x85, 0x50, 0x39, 0xe2, 0xc1, 0x0c, 0x54, 0x24,
    0x91, 0x83, 0x1e, 0xcc, 0x05, 0xf2, 0x70, 0x39, 0x24, 0x71, 0x4c, 0x80, 0x17, 0xd4, 0x83, 0x5e, 0x40, 0xec, 0x70,
    0x43, 0xe0, 0x90, 0xc1, 0x74, 0xc3, 0x3e, 0x3c, 0xc1, 0x0d, 0x41, 0xa0, 0x92, 0x0f, 0x20, 0x30, 0xdc, 0xb0, 0x8c,
    0x04, 0x18, 0xcc, 0x32, 0x3c, 0x4e, 0x30, 0x50, 0x91, 0x68, 0x8d, 0xe1, 0x8c, 0x21, 0x88, 0x04, 0x3e, 0x8c, 0x21,
    0x88, 0x44, 0x3e, 0x5c, 0x20, 0xec, 0x70, 0x43, 0x20, 0x12, 0x64, 0x30, 0xcb, 0x00, 0x45, 0x41, 0x12, 0x02, 0x24,
    0x21, 0xc0, 0x09, 0x41, 0x65, 0x90, 0xc4, 0x2c, 0x81, 0x34, 0x50, 0x21, 0x54, 0x11, 0x8b, 0x3c, 0x03, 0x15, 0x49,
    0x14, 0xc9, 0xc8, 0x73, 0xc1, 0x49, 0x5c, 0x0e, 0x49, 0x1c, 0x13, 0xe0, 0x05, 0x2a, 0xa1, 0x17, 0x10, 0x3b, 0xdc,
    0x10, 0x38, 0x64, 0x30, 0xdd, 0x00, 0x13, 0x4f, 0x70, 0x43, 0x10, 0xa8, 0xb8, 0x04, 0x08, 0x0c, 0x37, 0x2c, 0x38,
    0x01, 0x06, 0xb3, 0x0c, 0x52, 0x14, 0x0c, 0x54, 0x24, 0x1a, 0x64, 0x44, 0x63, 0x08, 0x37, 0xc1, 0x12, 0x63, 0x08,
    0x37, 0xd1, 0x12, 0x17, 0x08, 0x3b, 0xdc, 0x10, 0xdc, 0x04, 0x19, 0xcc, 0x32, 0x4c, 0x54, 0x90, 0x84, 0x00, 0x49,
    0x08, 0x70, 0x42, 0x50, 0x19, 0x24, 0x31, 0x4b, 0x50, 0x0d, 0x54, 0x08, 0x15, 0x65, 0x27, 0xd2, 0x40, 0x45, 0x12,
    0x51, 0x7c, 0x22, 0x5d, 0xc0, 0x13, 0x97, 0x43, 0x12, 0xc7, 0x04, 0x78, 0xc1, 0x4f, 0xe8, 0x05, 0xc4, 0x0e, 0x37,
    0x04, 0x0e, 0x19, 0x4c, 0x37, 0x94, 0xc5, 0x13, 0xdc, 0x10, 0x04, 0x2a, 0x63, 0x01, 0x02, 0xc3, 0x0d, 0x4b, 0x5b,
    0x80, 0xc1, 0x2c, 0x43, 0x45, 0x05, 0x03, 0x15, 0x89, 0x36, 0x19, 0xd4, 0x18, 0x02, 0x5b, 0x80, 0xc5, 0x18, 0x02,
    0x5b, 0x84, 0xc5, 0x05, 0xc2, 0x0e, 0x37, 0x04, 0x6c, 0x41, 0x06, 0xb3, 0x0c, 0xd6, 0x15, 0x24, 0x21, 0x40, 0x12,
    0x02, 0x9c, 0x10, 0x54, 0x06, 0x49, 0xcc, 0x12, 0x60, 0x03, 0x15, 0x42, 0x75, 0x81, 0x4b, 0x35, 0x50, 0x91, 0x44,
    0x97, 0xb9, 0x54, 0x17, 0xc4, 0xc5, 0xe5, 0x90, 0xc4, 0x31, 0x01, 0x5e, 0x40, 0x17, 0x7a, 0x01, 0xb1, 0xc3, 0x0d,
    0x81, 0x43, 0x06, 0xd3, 0x0d, 0x7a, 0xf1, 0x04, 0x37, 0x04, 0x81, 0x0a, 0x5e, 0x80, 0xc0, 0x70, 0xc3, 0x22, 0x1a,
    0x60, 0x30, 0xcb, 0x80, 0x5d, 0xc1, 0x40, 0x45, 0xa2, 0x59, 0xc6, 0x35, 0x86, 0x10, 0x1a, 0x74, 0x31, 0x86, 0x10,
    0x1a, 0x75, 0x71, 0x81, 0xb0, 0xc3, 0x0d, 0x41, 0x68, 0x90, 0xc1, 0x2c, 0x43, 0xa6, 0x05, 0x49, 0x08, 0x90, 0x84,
    0x00, 0x27, 0x04, 0x95, 0x41, 0x12, 0xb3, 0x04, 0xdb, 0x40, 0x85, 0x50, 0x69, 0x2a, 0x83, 0x0d, 0x54, 0x24, 0x91,
    0x06, 0x33, 0xd8, 0x05, 0xa6, 0x71, 0x39, 0x24, 0x71, 0x4c, 0x80, 0x17, 0xa4, 0x86, 0x5e, 0x40, 0xec, 0x70, 0x43,
    0xe0, 0x90, 0xc1, 0x74, 0xc3, 0x6b, 0x3c, 0xc1, 0x0d, 0x41, 0xa0, 0xd2, 0x1a, 0x20, 0x30, 0xdc, 0xb0, 0xdc, 0x06,
    0x18, 0xcc, 0x32, 0x6c, 0x5a, 0x30, 0x50, 0x91, 0x68, 0x99, 0xa1, 0x8d, 0x21, 0xd8, 0x06, 0x6a, 0x8c, 0x21, 0xd8,
    0x46, 0x6a, 0x5c, 0x20, 0xec, 0x70, 0x43, 0x60, 0x1b, 0x64, 0x30, 0xcb, 0xc0, 0x75, 0x41, 0x12, 0x02, 0x24, 0x21,
    0xc0, 0x09, 0x41, 0x65, 0x90, 0xc4, 0x2c, 0x81, 0x37, 0x50, 0x21, 0x54, 0x1d, 0xdd, 0x6c, 0x03, 0x15, 0x49, 0xd4,
    0xe9, 0xcd, 0x76, 0xc1, 0x6e, 0x5c, 0x0e, 0x49, 0x1c, 0x13, 0xe0, 0x05, 0xbe, 0xa1, 0x17, 0x10, 0x3b, 0xdc, 0x10,
    0x38, 0x64, 0x30, 0xdd, 0x40, 0x1e, 0x4f, 0x70, 0x43, 0x10, 0xa8, 0x88, 0x07, 0x08, 0x0c, 0x37, 0x2c, 0xec, 0x01,
    0x06, 0xb3, 0x0c, 0x5e, 0x17, 0x0c, 0x54, 0x24, 0x1a, 0x67, 0x74, 0x63, 0x08, 0xeb, 0xc1, 0x1b, 0x63, 0x08, 0xeb,
    0xd1, 0x1b, 0x17, 0x08, 0x3b, 0xdc, 0x10, 0xac, 0x07, 0x19, 0xcc, 0x32, 0x7c, 0x60, 0x10, 0x24, 0x21, 0x40, 0x12,
    0x02, 0x9c, 0x10, 0x54, 0x06, 0x49, 0xcc, 0x12, 0x84, 0xc1, 0x40, 0x85, 0x50, 0x81, 0x81, 0xef, 0x78, 0x03, 0x15,
    0x49, 0x04, 0x06, 0xe4, 0xe3, 0x5d, 0x00, 0x1f, 0x97, 0x43, 0x12, 0xc7, 0x04, 0x78, 0xc1, 0x7c, 0xe8, 0x05, 0xc4,
    0x0e, 0x37, 0x04, 0x0e, 0x19, 0x4c, 0x37, 0xe4, 0xc7, 0x13, 0xdc, 0x10, 0x04, 0x2a, 0xf7, 0x01, 0x02, 0xc3, 0x0d,
    0x4b, 0x88, 0x80, 0xc1, 0x2c, 0x43, 0x18, 0x80, 0x41, 0x30, 0x50, 0x91, 0x68, 0x9f, 0x01, 0x06, 0x63, 0x08, 0x20,
    0x02, 0x1f, 0x63, 0x08, 0x20, 0x12, 0x1f, 0x17, 0x08, 0x3b, 0xdc, 0x10, 0x80, 0x08, 0x19, 0xcc, 0x32, 0x88, 0xc1,
    0x18, 0x04, 0x49, 0x08, 0x90, 0x84, 0x00, 0x27, 0x04, 0x95, 0x41, 0x12, 0xb3, 0x04, 0x64, 0x30, 0x50, 0x21, 0x54,
    0x63, 0x80, 0x42, 0x61, 0x30, 0x50, 0x91, 0x44, 0x63, 0xe0, 0x42, 0x61, 0x70, 0x41, 0x89, 0x5c, 0x0e, 0x49, 0x1c,
    0x13, 0xe0, 0x05, 0x28, 0xa2, 0x17, 0x10, 0x3b, 0xdc, 0x10, 0x38, 0x64, 0x30, 0xdd, 0xe0, 0x22, 0x4f, 0x70, 0x43,
    0x10, 0xa8, 0xb0, 0x08, 0x08, 0x0c, 0x37, 0x2c, 0x36, 0x02, 0x06, 0xb3, 0x0c, 0x64, 0x30, 0x06, 0xc1, 0x40, 0x45,
    0xa2, 0x89, 0x81, 0x31, 0x06, 0x63, 0x08, 0x35, 0x42, 0x22, 0x63, 0x08, 0x35, 0x52, 0x22, 0x17, 0x08, 0x3b, 0xdc,
    0x10, 0xd4, 0x08, 0x19, 0xcc, 0x32, 0x94, 0x81, 0x19, 0x04, 0x49, 0x08, 0x90, 0x84, 0x00, 0x27, 0x04, 0x95, 0x41,
    0x12, 0xb3, 0x04, 0x67, 0x30, 0x50, 0x21, 0x54, 0x66, 0x20, 0x47, 0x64, 0x30, 0x50, 0x91, 0x44, 0x66, 0x80, 0x47,
    0x64, 0x70, 0x81, 0x8e, 0x5c, 0x0e, 0x49, 0x1c, 0x13, 0xe0, 0x05, 0x3d, 0xa2, 0x17, 0x10, 0x3b, 0xdc, 0x10, 0x38,
    0x64, 0x30, 0xdd, 0x30, 0x26, 0x4f, 0x70, 0x43, 0x10, 0xa8, 0x84, 0x09, 0x08, 0x0c, 0x37, 0x2c, 0x6b, 0x02, 0x06,
    0xb3, 0x0c, 0x67, 0x60, 0x06, 0xc1, 0x40, 0x45, 0xa2, 0x95, 0x81, 0x61, 0x06, 0x63, 0x08, 0x6a, 0x82, 0x23, 0x63,
    0x08, 0x6a, 0x92, 0x23, 0x17, 0x08, 0x3b, 0xdc, 0x10, 0xa8, 0x09, 0x19, 0xcc, 0x32, 0xa0, 0x41, 0x1a, 0x04, 0x49,
    0x08, 0x90, 0x84, 0x00, 0x27, 0x04, 0x95, 0x41, 0x12, 0xb3, 0x04, 0x6a, 0x30, 0x50, 0x21, 0x54, 0x69, 0xc0, 0x4b,
    0x67, 0x30, 0x50, 0x91, 0x44, 0x69, 0x20, 0x4e, 0x67, 0x70, 0xc1, 0x9b, 0x5c, 0x0e, 0x49, 0x1c, 0x13, 0xe0, 0x05,
    0x72, 0xa2, 0x17, 0x10, 0x3b, 0xdc, 0x10, 0x38, 0x64, 0x30, 0xdd, 0x80, 0x27, 0x4f, 0x70, 0x43, 0x10, 0xa8, 0xd8,
    0x09, 0x08, 0x0c, 0x37, 0x2c, 0xa0, 0x02, 0x06, 0xb3, 0x0c, 0x6a, 0x90, 0x06, 0xc1, 0x40, 0x45, 0xa2, 0xa1, 0x81,
    0x91, 0x06, 0x63, 0x08, 0x7f, 0xc2, 0x26, 0x63, 0x08, 0x7f, 0xd2, 0x26, 0x17, 0x08, 0x3b, 0xdc, 0x10, 0xfc, 0x09,
    0x19, 0xcc, 0x32, 0xac, 0x01, 0x1b, 0x04, 0x49, 0x08, 0x90, 0x84, 0x00, 0x27, 0x04, 0x95, 0x41, 0x12, 0xb3, 0x04,
    0x6d, 0x30, 0x50, 0x21, 0x54, 0x6c, 0x60, 0x52, 0x6a, 0x30, 0x50, 0x91, 0x44, 0x6c, 0xc0, 0x52, 0x6a, 0x70, 0x01,
    0xa9, 0x5c, 0x0e, 0x49, 0x1c, 0x13, 0xe0, 0x05, 0xa7, 0xa2, 0x17, 0x10, 0x3b, 0xdc, 0x10, 0x38, 0x64, 0x30, 0xdd,
    0xd0, 0x2a, 0x4f, 0x70, 0x43, 0x10, 0xa8, 0xac, 0x0a, 0x08, 0x0c, 0x37, 0x2c, 0xb5, 0x02, 0x06, 0xb3, 0x0c, 0x6d,
    0xc0, 0x06, 0xc1, 0x40, 0x45, 0xa2, 0xad, 0x81, 0xc1, 0x06, 0x63, 0x08, 0xb4, 0x02, 0x2a, 0x63, 0x08, 0xb4, 0x12,
    0x2a, 0x17, 0x08, 0x3b, 0xdc, 0x10, 0xd0, 0x0a, 0x19, 0xcc, 0x32, 0xb8, 0xc1, 0x1b, 0x04, 0x49, 0x08, 0x90, 0x84,
    0x00, 0x27, 0x04, 0x95, 0x41, 0x12, 0xb3, 0x04, 0x70, 0x30, 0x50, 0x21, 0x54, 0x6f, 0x00, 0x57, 0x6d, 0x30, 0x50,
    0x91, 0x44, 0x6f, 0x60, 0x57, 0x6d, 0x70, 0x41, 0xae, 0x5c, 0x0e, 0x49, 0x1c, 0x13, 0xe0, 0x05, 0xbc, 0xa2, 0x17,
    0x10, 0x3b, 0xdc, 0x10, 0x38, 0x64, 0x30, 0xdd, 0x20, 0x2e, 0x4f, 0x70, 0x43, 0x10, 0xa8, 0x80, 0x0b, 0x08, 0x0c,
    0x37, 0x2c, 0xea, 0x02, 0x06, 0xb3, 0x0c, 0x70, 0xf0, 0x06, 0xc1, 0x40, 0x45, 0xa2, 0xb9, 0x81, 0xf1, 0x06, 0x73,
    0x0c, 0xb4, 0xc2, 0x27, 0xe7, 0x32, 0xc7, 0x10, 0xa0, 0x49, 0xb9, 0xcc, 0x31, 0xd8, 0x0a, 0x8d, 0xa4, 0xcb, 0x1c,
    0x43, 0x00, 0x22, 0xe7, 0x32, 0xc8, 0x30, 0x04, 0xb7, 0x32, 0xc7, 0x90, 0x2b, 0xed, 0xc1, 0x2e, 0x73, 0x0c, 0x41,
    0x6e, 0xa8, 0xcb, 0x1c, 0xc3, 0xae, 0x94, 0x86, 0xbb, 0xcc, 0x31, 0x04, 0x71, 0xc1, 0x2e, 0x83, 0x0c, 0x43, 0xc0,
    0x2b, 0x83, 0x0c, 0x46, 0xc0, 0x2b, 0x73, 0x0c, 0xbf, 0xf2, 0x13, 0xf2, 0x32, 0xc7, 0x10, 0xac, 0x04, 0xbc, 0xcc,
    0x31, 0x84, 0xcb, 0x3d, 0xd0, 0xcb, 0x1c, 0x43, 0x30, 0x0e, 0xf2, 0x32, 0xc8, 0x30, 0x04, 0xe2, 0x32, 0xc7, 0x40,
    0x2e, 0xb0, 0x70, 0x2f, 0x73, 0x0c, 0x01, 0x1f, 0xd4, 0xcb, 0x1c, 0x83, 0xb9, 0xa0, 0x41, 0xbe, 0xcc, 0x31, 0x04,
    0xd4, 0xbd, 0x0c, 0x32, 0x0c, 0xc1, 0xb9, 0x0c, 0x32, 0x18, 0xc1, 0xb9, 0x0c, 0x32, 0x30, 0xc1, 0xb9, 0x6c, 0x10,
    0x0e, 0x04, 0x00, 0x00, 0x89, 0x05, 0x00, 0x00, 0x56, 0x47, 0x49, 0x47, 0xe4, 0x33, 0x80, 0xa4, 0xf8, 0x88, 0x8f,
    0xf8, 0x48, 0x9d, 0xfb, 0x88, 0x8f, 0x58, 0x93, 0x03, 0x34, 0x43, 0xef, 0x23, 0x3e, 0xe2, 0x23, 0x3e, 0xe2, 0x23,
    0x66, 0x18, 0x30, 0x09, 0x4e, 0x53, 0xe9, 0x3e, 0xe2, 0x23, 0x35, 0xed, 0x23, 0x37, 0xed, 0x23, 0x3e, 0x62, 0x84,
    0x02, 0x93, 0xe0, 0x34, 0x95, 0xee, 0x23, 0x3e, 0x52, 0xd3, 0x3e, 0xe2, 0x23, 0x3e, 0x72, 0xd3, 0xc7, 0x51, 0x21,
    0x85, 0x3f, 0x1d, 0x44, 0xe3, 0x23, 0x3e, 0x52, 0xd7, 0x3e, 0xe2, 0x23, 0x3e, 0x72, 0xd7, 0x07, 0xb3, 0xfd, 0xff,
    0x13, 0x11, 0x82, 0xc3, 0x3c, 0xc8, 0x42, 0x0c, 0x3f, 0xc5, 0x38, 0x03, 0xef, 0x13, 0x17, 0x32, 0xd5, 0xba, 0x6e,
    0x49, 0xcf, 0xea, 0xd3, 0x38, 0xed, 0x23, 0x3e, 0xe2, 0x23, 0x3e, 0xe2, 0x23, 0x66, 0xf6, 0xac, 0x7e, 0xed, 0x23,
    0x3e, 0x62, 0xd7, 0x3e, 0xe2, 0x23, 0x3e, 0x62, 0x8e, 0x01, 0x97, 0xc0, 0x3c, 0x35, 0xed, 0x37, 0xce, 0xe4, 0x23,
    0x3e, 0x52, 0xf7, 0x3e, 0x72, 0xf7, 0x3e, 0xe2, 0x23, 0xa6, 0x1d, 0x50, 0x09, 0x4e, 0x53, 0xe9, 0x3e, 0xe2, 0x23,
    0x35, 0xed, 0x23, 0x37, 0xed, 0x23, 0x3b, 0xed, 0x23, 0xe6, 0x15, 0xad, 0x3e, 0x8d, 0xd3, 0x3e, 0xe2, 0x23, 0xf5,
    0xed, 0x23, 0x3e, 0xe2, 0x23, 0x26, 0x1c, 0x10, 0x09, 0x4e, 0x53, 0xf9, 0x88, 0x8f, 0xf8, 0xc8, 0xee, 0x23, 0xf8,
    0xee, 0x23, 0x56, 0x1a, 0xf0, 0xac, 0x7e, 0xed, 0x23, 0x3e, 0xe2, 0x23, 0x3e, 0x62, 0xd7, 0x3e, 0x62, 0x7d, 0x94,
    0xc0, 0x3c, 0xbb, 0xdf, 0x38, 0x93, 0x8f, 0xf8, 0x88, 0x8f, 0xd8, 0xb7, 0x8f, 0xf8, 0x88, 0x29, 0x0b, 0x40, 0x4e,
    0xe4, 0x23, 0x3e, 0xe2, 0x23, 0x3e, 0x52, 0xf3, 0x3e, 0xd2, 0xf3, 0x56, 0x1b, 0x10, 0x49, 0x47, 0xe4, 0x23, 0x3e,
    0x52, 0xeb, 0x3e, 0xe2, 0x23, 0xb7, 0xee, 0x23, 0x36, 0x1e, 0x30, 0x49, 0x54, 0xe0, 0x23, 0x3e, 0x62, 0xd3, 0x3e,
    0x82, 0xd3, 0x3e, 0xc2, 0xd3, 0x3e, 0x72, 0x2a, 0x61, 0xf0, 0xff, 0x4f, 0x44, 0x08, 0x0e, 0xf3, 0x20, 0x0b, 0x31,
    0xfc, 0x14, 0xe3, 0x0c, 0xb6, 0x4f, 0x5c, 0xc8, 0xe4, 0x23, 0xb8, 0xee, 0x23, 0xb5, 0xad, 0x5b, 0x7b, 0x00, 0x24,
    0x38, 0x4d, 0x65, 0xfb, 0x88, 0x8f, 0xf8, 0x88, 0x8f, 0xf8, 0x08, 0x6f, 0x97, 0x02, 0x92, 0xe0, 0x34, 0x95, 0xed,
    0x23, 0x3e, 0xe2, 0x23, 0xbc, 0x8f, 0xf8, 0x08, 0xce, 0x1b, 0xae, 0xc0, 0xb4, 0xfa, 0xb5, 0x8f, 0xf8, 0x88, 0x5d,
    0xfb, 0x08, 0x5e, 0xfb, 0x88, 0x8f, 0xf0, 0xf5, 0x2d, 0x60, 0xd6, 0x81, 0x2c, 0x84, 0x1f, 0x38, 0x03, 0xe6, 0x23,
    0x3e, 0x62, 0xe3, 0x3e, 0x82, 0xe3, 0x3e, 0xe2, 0x23, 0xb6, 0x2a, 0x30, 0x09, 0x4e, 0x53, 0xf9, 0x88, 0x8f, 0xec,
    0x3e, 0x62, 0xef, 0x3e, 0xe2, 0x23, 0xfa, 0x7e, 0x20, 0x98, 0x75, 0x20, 0x0b, 0xe1, 0x07, 0xce, 0x80, 0xf9, 0x88,
    0x8f, 0xf8, 0x88, 0x8d, 0xfb, 0x88, 0x8f, 0xe8, 0xb8, 0x81, 0x0a, 0x40, 0x4e, 0xe4, 0x23, 0x3e, 0xe2, 0x23, 0x35,
    0xef, 0x23, 0x3e, 0x92, 0xf3, 0xf6, 0x2a, 0x50, 0x89, 0x3e, 0x8d, 0xd7, 0x3e, 0xe2, 0x23, 0xb5, 0xed, 0x23, 0xb7,
    0xed, 0x23, 0x3e, 0xb2, 0xdb, 0x87, 0x82, 0x21, 0x85, 0x3f, 0x1d, 0x44, 0xe3, 0x23, 0x3e, 0x52, 0xd7, 0x3e, 0xe2,
    0x23, 0x77, 0xed, 0x23, 0x75, 0x5d, 0x5f, 0x45, 0x18, 0xfc, 0xff, 0x13, 0x11, 0x82, 0xc3, 0x3c, 0xc8, 0x42, 0x0c,
    0x3f, 0xc5, 0x38, 0x83, 0x4f, 0x5c, 0xc8, 0xe4, 0x23, 0xb6, 0xee, 0x23, 0xba, 0xee, 0x23, 0x06, 0x38, 0x70, 0x09,
    0x4e, 0x53, 0xd9, 0x3e, 0xe2, 0x23, 0xbc, 0x8f, 0xd8, 0xbc, 0x8f, 0xe8, 0xbc, 0x8f, 0xd4, 0x38, 0x7f, 0x2d, 0x64,
    0xf0, 0xff, 0x4f, 0x44, 0x08, 0x0e, 0xf3, 0x20, 0x0b, 0x31, 0xfc, 0x14, 0xe3, 0x0c, 0x3e, 0x71, 0x21, 0x93, 0x8f,
    0xd8, 0xba, 0x8f, 0xe8, 0xba, 0x8f, 0xd4, 0xb8, 0x6e, 0xae, 0x02, 0x95, 0xe0, 0x34, 0x95, 0xee, 0x23, 0x3e, 0x52,
    0xd3, 0x3e, 0x72, 0xd3, 0x3e, 0xe2, 0x23, 0x3b, 0x6d, 0x6e, 0x8f, 0xe0, 0x34, 0x95, 0x8f, 0xf8, 0x88, 0x8f, 0xec,
    0x3e, 0xe2, 0x23, 0xb6, 0x2b, 0x30, 0xad, 0xbe, 0xed, 0x23, 0x3e, 0x62, 0xe7, 0x3e, 0x82, 0xe7, 0x3e, 0xe2, 0x23,
    0x7c, 0x6e, 0x85, 0x02, 0x93, 0xe8, 0xd3, 0x78, 0xed, 0x23, 0x3e, 0x52, 0xdb, 0x3e, 0xe2, 0x23, 0x3e, 0x72, 0xdb,
    0x26, 0xf5, 0x48, 0x54, 0x50, 0xeb, 0x3e, 0xe2, 0x23, 0x3e, 0xe2, 0x23, 0x3e, 0x72, 0x18, 0xd8, 0xff, 0x3f, 0x11,
    0x21, 0x38, 0xcc, 0x83, 0x2c, 0xc4, 0xf0, 0x53, 0x8c, 0x33, 0xf0, 0x3e, 0x71, 0x21, 0xd3, 0x91, 0x70, 0xff, 0xff,
    0x44, 0x84, 0xe0, 0x30, 0x0f, 0xb2, 0x10, 0xc3, 0x4f, 0x31, 0xce, 0x80, 0xfb, 0xc4, 0x85, 0x4c, 0x3e, 0xc2, 0xeb,
    0x56, 0x2f, 0xa0, 0x09, 0xcc, 0x53, 0xd3, 0x7e, 0xe3, 0x4c, 0x3e, 0xe2, 0x23, 0x3e, 0x52, 0xf7, 0x3e, 0x92, 0xf7,
    0x3e, 0x52, 0xdf, 0xbd, 0x4d, 0x49, 0x02, 0xf3, 0xec, 0x7e, 0xe3, 0x4c, 0x3e, 0xe2, 0x23, 0x3e, 0xe2, 0x23, 0x3e,
    0x62, 0xad, 0x01, 0x91, 0xe0, 0x34, 0x95, 0x8f, 0xf8, 0xc8, 0xee, 0x23, 0x3e, 0x62, 0xef, 0x3e, 0x62, 0xba, 0x01,
    0xd1, 0xea, 0xd7, 0x3e, 0xe2, 0x23, 0x76, 0xed, 0x23, 0x3e, 0x82, 0xd7, 0x3e, 0x62, 0xbb, 0x01, 0x93, 0x44, 0x05,
    0xb5, 0xee, 0x23, 0x3e, 0x62, 0xdb, 0x3e, 0xe2, 0x23, 0xb8, 0xed, 0x23, 0xc6, 0x38, 0x60, 0xad, 0x7e, 0xed, 0x23,
    0x3e, 0x62, 0xd7, 0x3e, 0x82, 0xd7, 0x3e, 0xc2, 0xd7, 0x3e, 0x52, 0xeb, 0xb5, 0x35, 0x0e, 0x60, 0x12, 0x15, 0xd4,
    0xba, 0x8f, 0xf8, 0x88, 0x6d, 0xfb, 0x08, 0x6e, 0xfb, 0x08, 0x6f, 0xfb, 0x48, 0xad, 0xdb, 0x36, 0x38, 0x80, 0x89,
    0x3e, 0x8d, 0xd7, 0x3e, 0xe2, 0x23, 0xb5, 0xed, 0x23, 0xb7, 0xed, 0x23, 0xbb, 0xed, 0x23, 0x75, 0x6e, 0xdb, 0xb6,
    0x00, 0x25, 0x1d, 0x8b, 0x8f, 0xf8, 0x48, 0x8d, 0xfb, 0x88, 0x8f, 0xdc, 0xb8, 0x8f, 0xd4, 0x35, 0x6e, 0x63, 0x8e,
    0x13, 0xf9, 0x88, 0x8f, 0xd4, 0xbc, 0x8f, 0xf8, 0x88, 0x8f, 0x18, 0x7e, 0xc0, 0x23, 0x51, 0x81, 0x8f, 0xf8, 0x88,
    0x8f, 0xf8, 0x88, 0x8f, 0xd8, 0xb4, 0x6d, 0x06, 0x44, 0x82, 0xd3, 0x54, 0xba, 0x8f, 0xf8, 0x88, 0x8f, 0xf8, 0x48,
    0x4d, 0xfb, 0xc8, 0x1d, 0x4c, 0x48, 0xe1, 0x4f, 0x07, 0xd1, 0xf8, 0x88, 0x8f, 0xf8, 0x48, 0x5d, 0xfb, 0x88, 0x8f,
    0xdc, 0x85, 0x66, 0x1d, 0xc8, 0x42, 0xf8, 0x81, 0x33, 0x60, 0x3e, 0xe2, 0x23, 0x36, 0xee, 0x23, 0x38, 0xee, 0x23,
    0x3c, 0xee, 0x23, 0xf6, 0x19, 0x40, 0x49, 0x47, 0xe4, 0x33, 0x80, 0xa4, 0xf8, 0x88, 0x8f, 0xf8, 0x88, 0x8f, 0xd4,
    0xb9, 0x8f, 0x18, 0x4a, 0xd0, 0x59, 0x7d, 0x00, 0x04, 0x34, 0x43, 0xef, 0x23, 0x3e, 0xe2, 0x23, 0x3e, 0xe2, 0x23,
    0xf5, 0x6e, 0x7c, 0x91, 0x44, 0x05, 0xb5, 0xee, 0x23, 0x3e, 0xe2, 0x23, 0xb6, 0xed, 0x23, 0x3e, 0x62, 0x8d, 0x01,
    0x90, 0x13, 0xf9, 0x88, 0x8f, 0xd4, 0xbc, 0x8f, 0xdc, 0xbc, 0x8f, 0xf8, 0x88, 0xc5, 0x07, 0x44, 0xab, 0x4f, 0xe3,
    0xb4, 0x8f, 0xf8, 0x88, 0x8f, 0xf8, 0x88, 0x8f, 0xd4, 0xb7, 0x9d, 0x04, 0xa7, 0xd9, 0x06, 0x48, 0x40, 0x33, 0xf4,
    0x3e, 0xe2, 0x23, 0xf5, 0xee, 0x23, 0x3e, 0x72, 0xef, 0x3e, 0x62, 0xc8, 0x01, 0x91, 0x74, 0x2c, 0x3e, 0xe2, 0x23,
    0x3e, 0x52, 0xe3, 0x3e, 0x92, 0xe3, 0x3e, 0x62, 0x6f, 0x90, 0xe0, 0x34, 0x95, 0xed, 0x23, 0x3e, 0xe2, 0x23, 0xbc,
    0x8f, 0xf8, 0x88, 0xc9, 0x0a, 0x60, 0xd2, 0x11, 0xf9, 0x0c, 0x20, 0x29, 0x3e, 0xe2, 0x23, 0x75, 0xee, 0x23, 0x77,
    0xee, 0x23, 0x3e, 0xb2, 0xe7, 0x86, 0x2c, 0x10, 0x49, 0x47, 0xe4, 0x23, 0x3e, 0xe2, 0x23, 0x3e, 0x52, 0xeb, 0x3e,
    0xd2, 0xeb, 0xb6, 0x28, 0x00, 0x39, 0x91, 0x8f, 0xf8, 0x48, 0xcd, 0xfb, 0x88, 0x8f, 0xf8, 0xc8, 0xcd, 0x5b, 0xbb,
    0x80, 0x25, 0x38, 0x4d, 0xa5, 0xfb, 0x88, 0x8f, 0xf8, 0x48, 0x4d, 0xfb, 0x48, 0x4e, 0xfb, 0x48, 0x7d, 0xd3, 0xb7,
    0xf1, 0xfd, 0xff, 0x13, 0x11, 0x82, 0xc3, 0x3c, 0xc8, 0x42, 0x0c, 0x3f, 0xc5, 0x38, 0x83, 0x4f, 0x5c, 0xc8, 0xe4,
    0x23, 0x3e, 0xe2, 0x23, 0xb6, 0x6e, 0x50, 0x8d, 0x44, 0x05, 0x3e, 0xe2, 0x23, 0x3e, 0xe2, 0x23, 0x3e, 0x62, 0x84,
    0x01, 0x92, 0xe0, 0x34, 0x95, 0xed, 0x23, 0x3e, 0xc2, 0xfb, 0x88, 0xcd, 0xfb, 0x88, 0x8f, 0x18, 0x78, 0x00, 0x05,
    0x34, 0x43, 0xef, 0x23, 0x3e, 0x52, 0xef, 0x3e, 0x72, 0xef, 0x3e, 0xb2, 0xef, 0x3e, 0x62, 0xec, 0x01, 0x8f, 0xe0,
    0x34, 0x95, 0x8f, 0xf8, 0x88, 0x8f, 0xf8, 0x88, 0x8f, 0xec, 0x56, 0x2d, 0x40, 0x09, 0x4e, 0x53, 0xf9, 0x88, 0x8f,
    0xec, 0x3e, 0xe2, 0x23, 0xf6, 0xee, 0x23, 0x35, 0xbd, 0x5b, 0x6e, 0x40, 0x24, 0x51, 0x81, 0x8f, 0xf8, 0x88, 0x4d,
    0xfb, 0x88, 0x8f, 0xe0, 0xb4, 0x8f, 0x98, 0x73, 0x40, 0x24, 0x51, 0x81, 0x8f, 0xf8, 0x88, 0x8f, 0xd8, 0xb4, 0x8f,
    0xe8, 0xb4, 0x8f, 0x58, 0x76, 0x80, 0x14, 0x11, 0x8c, 0x8f, 0xf8, 0x48, 0xef, 0x23, 0x76, 0xef, 0x23, 0x7a, 0xef,
    0x23, 0xd6, 0x2a, 0x20, 0x45, 0x04, 0xe3, 0x23, 0x3e, 0xd2, 0xfb, 0x88, 0xdd, 0xfb, 0x88, 0x8f, 0xe8, 0xbd, 0x3d,
    0x0a, 0x4c, 0x12, 0x15, 0xd4, 0xba, 0x8f, 0xf8, 0x88, 0x6d, 0xfb, 0x88, 0x8f, 0xf8, 0x08, 0x6e, 0x1b, 0x9c, 0x13,
    0x11, 0x8c, 0x8f, 0xf8, 0x88, 0x8f, 0xf4, 0x3e, 0xe2, 0x23, 0x16, 0x29, 0x10, 0xad, 0xbe, 0xed, 0x23, 0x3e, 0x62,
    0xe7, 0x3e, 0xe2, 0x23, 0x3e, 0x82, 0xe7, 0x76, 0x2d, 0x30, 0x45, 0x04, 0xe3, 0x23, 0x3e, 0xd2, 0xfb, 0x88, 0x8f,
    0xd8, 0xbd, 0x8f, 0xd4, 0x74, 0x7f, 0x0c, 0xda, 0xff, 0x3f, 0x11, 0x21, 0x38, 0xcc, 0x83, 0x2c, 0xc4, 0xf0, 0x53,
    0x8c, 0x33, 0xe0, 0x3e, 0x71, 0x21, 0x93, 0x8f, 0x58, 0xd1, 0x23, 0x38, 0x4d, 0x65, 0xfb, 0x88, 0x8f, 0xf8, 0x88,
    0x8f, 0xf8, 0x88, 0x15, 0x06, 0x40, 0x11, 0xc1, 0xf8, 0x88, 0x8f, 0xf4, 0x3e, 0x62, 0xf7, 0x3e, 0xe2, 0x23, 0x36,
    0x28, 0x00, 0x45, 0x04, 0xe3, 0x23, 0x3e, 0xd2, 0xfb, 0x88, 0x8f, 0xf8, 0x88, 0xdd, 0x5f, 0x40, 0x84, 0x14, 0xfe,
    0x74, 0x10, 0x8d, 0x8f, 0xf8, 0x88, 0x8f, 0xf8, 0x88, 0x8f, 0x18, 0x53, 0x23, 0x1d, 0x91, 0x8f, 0xf8, 0x88, 0x8f,
    0xf8, 0x88, 0x8f, 0xd8, 0x7c, 0x00, 0x25, 0x1d, 0x91, 0xcf, 0x00, 0x92, 0xe2, 0x23, 0x3e, 0xe2, 0x23, 0x3e, 0xe2,
    0x23, 0x75, 0x6e, 0x5f, 0x8f, 0x74, 0x2c, 0x3e, 0xe2, 0x23, 0x35, 0xee, 0x23, 0x3e, 0xe2, 0x23, 0x36, 0x2e, 0x60,
    0x49, 0x54, 0x50, 0xeb, 0x3e, 0xe2, 0x23, 0xb6, 0xed, 0x23, 0x3e, 0x82, 0xdb, 0x3e, 0x52, 0xdb, 0xb6, 0x09, 0x0b,
    0x40, 0x11, 0xc1, 0xf8, 0x88, 0x8f, 0xf8, 0x88, 0x8f, 0xf4, 0x3e, 0xc2, 0xf7, 0xa7, 0x50, 0x21, 0x85, 0x3f, 0x1d,
    0x44, 0xe3, 0x23, 0x3e, 0x52, 0xd7, 0x3e, 0x72, 0xd7, 0x3e, 0xe2, 0x23, 0x06, 0x2f, 0x40, 0x49, 0xc7, 0xe2, 0x23,
    0x3e, 0xe2, 0x23, 0x35, 0xee, 0x23, 0x39, 0xee, 0x23, 0xf5, 0x8d, 0x5b, 0x68, 0x00, 0x04, 0x34, 0x43, 0xef, 0x23,
    0x3e, 0xe2, 0x23, 0x3e, 0x52, 0xef, 0x3e, 0x62, 0x88, 0x02, 0x96, 0x74, 0x44, 0x3e, 0x03, 0x48, 0x8a, 0x8f, 0xf8,
    0x48, 0x9d, 0xfb, 0x88, 0x8f, 0xf8, 0xc8, 0x9d, 0x5b, 0xd9, 0x23, 0x51, 0x81, 0x8f, 0xf8, 0x88, 0x4d, 0xfb, 0x88,
    0x8f, 0xf8, 0x88, 0xdd, 0x0b, 0x50, 0xab, 0x5f, 0xfb, 0x88, 0x8f, 0xf8, 0x88, 0x5d, 0xfb, 0x88, 0x5e, 0xfb, 0x48,
    0x8d, 0xd7, 0x86, 0x1d, 0x40, 0x09, 0x4e, 0x53, 0xd9, 0x3e, 0xe2, 0x23, 0xbc, 0x8f, 0xd8, 0xbc, 0x8f, 0xe8, 0xbc,
    0x8f, 0x58, 0xda, 0xb3, 0xfa, 0xb6, 0x8f, 0xf8, 0x88, 0x9d, 0xfb, 0x88, 0x8f, 0xf8, 0x88, 0xf9, 0x3d, 0xab, 0x6f,
    0xfb, 0x88, 0x8f, 0xf8, 0x88, 0x9d, 0xfb, 0x88, 0x8f, 0xd8, 0x69, 0x00, 0x25, 0x30, 0xcf, 0xee, 0x37, 0xce, 0xe4,
    0x23, 0x3e, 0xe2, 0x23, 0x3e, 0x62, 0xdf, 0x3e, 0x62, 0xa8, 0x01, 0xcf, 0xea, 0xdb, 0x3e, 0xe2, 0x23, 0x3e, 0xe2,
    0x23, 0x76, 0xee, 0x23, 0xb6, 0x18, 0x10, 0x49, 0x47, 0xe4, 0x23, 0x3e, 0x52, 0xeb, 0x3e, 0x72, 0xeb, 0x3e, 0xe2,
    0x23, 0xb6, 0x1d, 0x50, 0x89, 0x3e, 0x8d, 0xd7, 0x3e, 0xe2, 0x23, 0xb5, 0xed, 0x23, 0xb7, 0xed, 0x23, 0xbb, 0xed,
    0x23, 0xc6, 0x1f, 0xf0, 0xac, 0xbe, 0xed, 0x23, 0x3e, 0xe2, 0x23, 0x3e, 0xe2, 0x23, 0x76, 0x6e, 0x9b, 0x02, 0xd3,
    0xea, 0xd3, 0x38, 0xed, 0x23, 0x3e, 0xe2, 0x23, 0xf5, 0xed, 0x23, 0x3e, 0x92, 0xdf, 0x46, 0x1e, 0x30, 0xad, 0x7e,
    0xed, 0x23, 0x3e, 0x62, 0xd7, 0x3e, 0x82, 0xd7, 0x3e, 0xc2, 0xd7, 0x3e, 0x62, 0xe1, 0x02, 0x94, 0x44, 0x05, 0x3e,
    0xe2, 0x23, 0x36, 0xed, 0x23, 0x3e, 0x82, 0xd3, 0x3e, 0x52, 0xdb, 0xb4, 0x19, 0x35, 0x11, 0xc1, 0xf8, 0x88, 0x8f,
    0xf8, 0x88, 0x8f, 0xf8, 0x88, 0x19, 0x0e, 0x6c, 0xd2, 0x11, 0xf9, 0x0c, 0x20, 0x29, 0x3e, 0xe2, 0x23, 0x75, 0xee,
    0x23, 0x77, 0xee, 0x23, 0x7b, 0xee, 0x23, 0x75, 0x9e, 0xdf, 0xc3, 0xf7, 0xff, 0x4f, 0x44, 0x08, 0x0e, 0xf3, 0x20,
    0x0b, 0x31, 0xfc, 0x14, 0xe3, 0x0c, 0x3e, 0x71, 0x21, 0x93, 0x8f, 0xf8, 0x88, 0xad, 0xfb, 0x88, 0xc1, 0x0a, 0x54,
    0xab, 0x4f, 0xe3, 0xb4, 0x8f, 0xf8, 0x48, 0x7d, 0xfb, 0xc8, 0x7d, 0xfb, 0x88, 0x8f, 0xec, 0xf7, 0xbd, 0x74, 0xd6,
    0x81, 0x2c, 0x84, 0x1f, 0x38, 0x03, 0xe6, 0x23, 0x3e, 0x62, 0xe3, 0x3e, 0x82, 0xe3, 0x3e, 0xc2, 0xe3, 0x3e, 0x52,
    0xeb, 0xb8, 0xd1, 0x0a, 0x50, 0x40, 0x33, 0xf4, 0x3e, 0xe2, 0x23, 0xf5, 0xee, 0x23, 0xf7, 0xee, 0x23, 0x3e, 0xb2,
    0xef, 0xa6, 0x2b, 0x80, 0x09, 0xcc, 0xb3, 0xfb, 0x8d, 0x33, 0xf9, 0x88, 0x8f, 0xd8, 0xb7, 0x8f, 0xe0, 0xb7, 0x8f,
    0xf8, 0x08, 0x7f, 0xdb, 0xb3, 0xc0, 0x25, 0x30, 0xcf, 0xee, 0x37, 0xce, 0xe4, 0x23, 0x3e, 0xe2, 0x23, 0x3e, 0x62,
    0xdf, 0x3e, 0x52, 0xd3, 0xb7, 0x51, 0x35, 0xab, 0x6f, 0xfb, 0x88, 0x8f, 0xf8, 0x88, 0x8f, 0xf8, 0x88, 0x89, 0x0a,
    0x44, 0x12, 0x15, 0xf8, 0x88, 0x8f, 0xf8, 0x88, 0x4d, 0xfb, 0x88, 0x8f, 0xe8, 0xb4, 0x69, 0x0b, 0x58, 0xab, 0x4f,
    0xe3, 0xb4, 0x8f, 0xf8, 0x48, 0x7d, 0xfb, 0x88, 0x8f, 0xdc, 0xb7, 0x8f, 0xd4, 0xf5, 0x6d, 0x83, 0x01, 0x91, 0xe0,
    0x34, 0x95, 0x8f, 0xf8, 0xc8, 0xee, 0x23, 0xf6, 0xee, 0x23, 0x3e, 0x62, 0xf4, 0x02, 0x93, 0x13, 0xf9, 0x88, 0x8f,
    0xf8, 0x48, 0xcd, 0xfb, 0x48, 0xce, 0xfb, 0x48, 0x7d, 0xf3, 0x56, 0x38, 0x60, 0x49, 0xc7, 0xe2, 0x23, 0x3e, 0x52,
    0xe3, 0x3e, 0x72, 0xe3, 0x3e, 0xb2, 0xe3, 0x3e, 0x52, 0xe7, 0xb8, 0x39, 0x0a, 0x44, 0xab, 0x5f, 0xfb, 0x88, 0x8f,
    0xd8, 0xb5, 0x8f, 0xf8, 0x88, 0x8f, 0xe0, 0xb5, 0x01, 0x0b, 0x44, 0x82, 0xd3, 0x54, 0x3e, 0xe2, 0x23, 0x3e, 0xe2,
    0x23, 0xbb, 0x8f, 0xf0, 0xbb, 0x95, 0x0a, 0x58, 0x02, 0xf3, 0xec, 0x7e, 0xe3, 0x4c, 0x3e, 0xe2, 0x23, 0x3e, 0x62,
    0xdf, 0x3e, 0xe2, 0x23, 0xfa, 0x6d, 0xa6, 0x02, 0xd1, 0xea, 0xdb, 0x3e, 0xe2, 0x23, 0x3e, 0x62, 0xe7, 0x3e, 0xe2,
    0x23, 0x7a, 0x6e, 0x8a, 0x03, 0x9c, 0xc0, 0x3c, 0x35, 0xed, 0x37, 0xce, 0xe4, 0x23, 0x3e, 0x52, 0xf7, 0x3e, 0x72,
    0xf7, 0x3e, 0xb2, 0xf7, 0x3e, 0x52, 0xe7, 0xbd, 0xe5, 0x55, 0x02, 0xf3, 0xd4, 0xb4, 0xdf, 0x38, 0x93, 0x8f, 0xf8,
    0x88, 0x8f, 0xd4, 0xbd, 0x8f, 0xf8, 0x88, 0xd9, 0x07, 0x38, 0x4e, 0xe4, 0x23, 0x3e, 0xe2, 0x23, 0x3e, 0xe2, 0x23,
    0x35, 0x6f, 0xdc, 0x02, 0x99, 0x74, 0x44, 0x3e, 0x03, 0x48, 0x8a, 0x8f, 0xf8, 0x48, 0x9d, 0xfb, 0x88, 0x8f, 0xdc,
    0xb9, 0x8f, 0xd4, 0x75, 0x6e, 0x71, 0x91, 0xe0, 0x34, 0x95, 0xee, 0x23, 0x3e, 0xe2, 0x23, 0x35, 0xed, 0x23, 0x3e,
    0x72, 0x19, 0x13, 0x52, 0xf8, 0xd3, 0x41, 0x34, 0x3e, 0xe2, 0x23, 0x3e, 0xe2, 0x23, 0x3e, 0x52, 0xd7, 0xd6, 0x15,
    0x89, 0x3e, 0x8d, 0xd7, 0x3e, 0xe2, 0x23, 0xb5, 0xed, 0x23, 0x3e, 0xe2, 0x23, 0xc6, 0x19, 0x10, 0x89, 0x3e, 0x8d,
    0xd7, 0x3e, 0xe2, 0x23, 0x3e, 0xe2, 0x23, 0xb5, 0xed, 0x23, 0x16, 0x2f, 0x90, 0x49, 0x47, 0xe4, 0x33, 0x80, 0xa4,
    0xf8, 0x88, 0x8f, 0xf8, 0x48, 0x9d, 0xfb, 0x48, 0x9e, 0xfb, 0x48, 0x7d, 0xe7, 0x76, 0x07, 0x01, 0xcd, 0xd0, 0xfb,
    0x88, 0x8f, 0xf8, 0x48, 0xbd, 0xfb, 0x88, 0x8f, 0x18, 0x6d, 0x80, 0x25, 0x1d, 0x91, 0xcf, 0x00, 0x92, 0xe2, 0x23,
    0x3e, 0x52, 0xe7, 0x3e, 0xe2, 0x23, 0x77, 0xee, 0x23, 0x86, 0x1b, 0x70, 0x09, 0xcc, 0x53, 0xd3, 0x7e, 0xe3, 0x4c,
    0x3e, 0xe2, 0x23, 0x75, 0xef, 0x23, 0x3e, 0x72, 0xf7, 0x3e, 0x72, 0x21, 0x61, 0xf0, 0xff, 0x4f, 0x44, 0x08, 0x0e,
    0xf3, 0x20, 0x0b, 0x31, 0xfc, 0x14, 0xe3, 0x0c, 0x3e, 0x71, 0x21, 0x93, 0x8f, 0xd8, 0xba, 0x8f, 0xf8, 0x88, 0xae,
    0xdb, 0x5c, 0xb4, 0xfa, 0x34, 0x4e, 0xfb, 0x88, 0x8f, 0xf8, 0x48, 0x7d, 0xfb, 0x88, 0x8f, 0x58, 0x73, 0xc0, 0x25,
    0x30, 0x4f, 0x4d, 0xfb, 0x8d, 0x33, 0xf9, 0x88, 0x8f, 0xf8, 0x48, 0xdd, 0xfb, 0x48, 0xde, 0xfb, 0x88, 0x11, 0x0b,
    0x4c, 0xa2, 0x4f, 0xe3, 0xb5, 0x8f, 0xf8, 0x88, 0x8f, 0xf8, 0x48, 0x6d, 0xfb, 0x48, 0x6f, 0x9f, 0x01, 0xf7, 0xff,
    0x4f, 0x44, 0x08, 0x0e, 0xf3, 0x20, 0x0b, 0x31, 0xfc, 0x14, 0xe3, 0x0c, 0xb6, 0x4f, 0x5c, 0xc8, 0xe4, 0x23, 0x3e,
    0x62, 0xc6, 0x02, 0x91, 0x74, 0x2c, 0x3e, 0xe2, 0x23, 0x3e, 0xe2, 0x23, 0x35, 0xee, 0x23, 0x3d, 0x6e, 0xcb, 0x02,
    0x97, 0xc0, 0x3c, 0x35, 0xed, 0x37, 0xce, 0xe4, 0x23, 0x3e, 0xe2, 0x23, 0x3e, 0x52, 0xf7, 0x3e, 0xd2, 0xf7, 0xd6,
    0x1d, 0x30, 0x49, 0xc7, 0xe2, 0x23, 0x3e, 0x52, 0xe3, 0x3e, 0x72, 0xe3, 0x3e, 0xb2, 0xe3, 0x3e, 0x62, 0xca, 0x01,
    0x91, 0x74, 0x44, 0x3e, 0xe2, 0x23, 0x3e, 0x52, 0xeb, 0x3e, 0x92, 0xeb, 0x3e, 0x62, 0xc7, 0x01, 0xd3, 0xea, 0xd3,
    0x38, 0xed, 0x23, 0x3e, 0xe2, 0x23, 0xf5, 0xed, 0x23, 0xf9, 0xed, 0x23, 0xb6, 0x1c, 0x20, 0x01, 0xcd, 0xd0, 0xfb,
    0x88, 0x8f, 0xf8, 0x48, 0xbd, 0xfb, 0x48, 0xbe, 0xfb, 0x88, 0xb1, 0x0a, 0x50, 0x82, 0xd3, 0x54, 0xb6, 0x8f, 0xf8,
    0x08, 0xef, 0x23, 0x36, 0xef, 0x23, 0x3e, 0xa2, 0xf3, 0x26, 0x2f, 0x40, 0x49, 0x47, 0xe4, 0x23, 0x3e, 0xe2, 0x23,
    0xb5, 0xee, 0x23, 0xb9, 0xee, 0x23, 0xf5, 0xad, 0x1f, 0x05, 0x66, 0x1d, 0xc8, 0x42, 0xf8, 0x81, 0x33, 0x60, 0x3e,
    0xe2, 0x23, 0x3e, 0x62, 0xe3, 0x3e, 0xa2, 0xe3, 0x3e, 0x62, 0xb9, 0x02, 0x95, 0x44, 0x05, 0xb5, 0xee, 0x23, 0x3e,
    0x62, 0xdb, 0x3e, 0x82, 0xdb, 0x3e, 0xe2, 0x23, 0xbc, 0x6d, 0xec, 0x02, 0x53, 0x44, 0x30, 0x3e, 0xe2, 0x23, 0x3e,
    0xd2, 0xfb, 0x08, 0xde, 0xfb, 0x48, 0x6d, 0xf7, 0x97, 0xf0, 0xfd, 0xff, 0x13, 0x11, 0x82, 0xc3, 0x3c, 0xc8, 0x42,
    0x0c, 0x3f, 0xc5, 0x38, 0x83, 0x4f, 0x5c, 0xc8, 0xe4, 0x23, 0xb6, 0xee, 0x23, 0x3e, 0x62, 0xce, 0x02, 0x94, 0x44,
    0x05, 0xb5, 0xee, 0x23, 0x3e, 0xe2, 0x23, 0x3e, 0x62, 0xdb, 0x3e, 0x52, 0xd3, 0xb6, 0x11, 0x07, 0x40, 0x11, 0xc1,
    0xf8, 0x88, 0x8f, 0xf8, 0x48, 0xef, 0x23, 0x78, 0xef, 0x23, 0x26, 0x28, 0x20, 0x09, 0x4e, 0x53, 0xd9, 0x3e, 0xe2,
    0x23, 0xbc, 0x8f, 0xf8, 0x88, 0x8f, 0xd8, 0xbc, 0x91, 0x0b, 0x64, 0x02, 0xf3, 0xec, 0x7e, 0xe3, 0x4c, 0x3e, 0xe2,
    0x23, 0xf6, 0xed, 0x23, 0x3e, 0x82, 0xdf, 0x3e, 0x52, 0xdb, 0xf7, 0x0d, 0x74, 0xff, 0xff, 0x44, 0x84, 0xe0, 0x30,
    0x0f, 0xb2, 0x10, 0xc3, 0x4f, 0x31, 0xce, 0xe0, 0x13, 0x17, 0x32, 0xf9, 0x88, 0x8f, 0xf8, 0x88, 0x11, 0x0e, 0x60,
    0xab, 0x4f, 0xe3, 0xb4, 0x8f, 0xf8, 0x48, 0x7d, 0xfb, 0xc8, 0x7d, 0xfb, 0xc8, 0x7e, 0xfb, 0x48, 0x9d, 0xdf, 0xd6,
    0x1b, 0x10, 0xad, 0xbe, 0xed, 0x23, 0x3e, 0x62, 0xe7, 0x3e, 0xe2, 0x23, 0x78, 0xee, 0x23, 0xa6, 0xd4, 0x48, 0xc7,
    0xe2, 0x23, 0x3e, 0xe2, 0x23, 0x3e, 0xe2, 0x23, 0x46, 0xf7, 0x48, 0xc7, 0xe2, 0x23, 0x3e, 0xe2, 0x23, 0x35, 0xee,
    0x23, 0x3e, 0x62, 0x59, 0x8f, 0xe0, 0x34, 0x95, 0x8f, 0xf8, 0xc8, 0xee, 0x23, 0x3e, 0xe2, 0x23, 0x47, 0x30, 0x21,
    0x85, 0x3f, 0x1d, 0x44, 0xe3, 0x23, 0x3e, 0x52, 0xd7, 0x3e, 0xe2, 0x23, 0x3e, 0x62, 0xa4, 0x01, 0x8f, 0x44, 0x05,
    0x3e, 0xe2, 0x23, 0x3e, 0xe2, 0x23, 0x36, 0xed, 0x23, 0x06, 0x1b, 0x30, 0x09, 0x4e, 0x53, 0xe9, 0x3e, 0xe2, 0x23,
    0x35, 0xed, 0x23, 0x3e, 0x72, 0xd3, 0x3e, 0x72, 0x23, 0x9a, 0x75, 0x20, 0x0b, 0xe1, 0x07, 0xce, 0x80, 0xf9, 0x88,
    0x8f, 0xd8, 0xb8, 0x8f, 0xe0, 0xb8, 0x8f, 0xf8, 0x08, 0x8f, 0x5b, 0x62, 0x40, 0x24, 0x1d, 0x8b, 0x8f, 0xf8, 0x48,
    0x8d, 0xfb, 0xc8, 0x8d, 0xfb, 0x88, 0x8f, 0x58, 0xd8, 0x23, 0x1d, 0x91, 0x8f, 0xf8, 0x48, 0xad, 0xfb, 0x88, 0x8f,
    0xf8, 0x88, 0x89, 0x41, 0x40, 0x33, 0xf4, 0x3e, 0xe2, 0x23, 0xf5, 0xee, 0x23, 0x3e, 0xe2, 0x23, 0x46, 0xe4, 0x08,
    0x4e, 0x53, 0xf9, 0x88, 0x8f, 0xf8, 0x88, 0x8f, 0xf8, 0x88, 0xd9, 0x3d, 0xd2, 0x11, 0xf9, 0x88, 0x8f, 0xf8, 0x48,
    0xad, 0xfb, 0x88, 0x8f, 0x98, 0x62, 0x80, 0x25, 0x1d, 0x91, 0xcf, 0x00, 0x92, 0xe2, 0x23, 0x3e, 0x52, 0xe7, 0x3e,
    0x72, 0xe7, 0x3e, 0xe2, 0x23, 0x36, 0x1b, 0x10, 0x49, 0xc7, 0xe2, 0x23, 0x3e, 0x52, 0xe3, 0x3e, 0xe2, 0x23, 0x37,
    0xee, 0x23, 0xb6, 0xf7, 0xac, 0x7e, 0xed, 0x23, 0x3e, 0xe2, 0x23, 0x76, 0xed, 0x23, 0x3e, 0x62, 0xfb, 0x01, 0x94,
    0xc0, 0x3c, 0xbb, 0xdf, 0x38, 0x93, 0x8f, 0xf8, 0x88, 0x8f, 0xf8, 0x88, 0x8f, 0xd8, 0xb7, 0x69, 0x06, 0x38, 0x11,
    0xc1, 0xf8, 0x88, 0x8f, 0xf8, 0x88, 0x8f, 0xf4, 0x3e, 0x62, 0x88, 0x01, 0xd3, 0xea, 0xd3, 0x38, 0xed, 0x23, 0x3e,
    0x52, 0xdf, 0x3e, 0x72, 0xdf, 0x3e, 0xe2, 0x23, 0xc6, 0x18, 0x20, 0x01, 0xcd, 0xd0, 0xfb, 0x88, 0x8f, 0xd4, 0xbb,
    0x8f, 0xdc, 0xbb, 0x8f, 0xf8, 0xc8, 0x89, 0x5c, 0x48, 0xe1, 0x4f, 0x07, 0xd1, 0xf8, 0x88, 0x8f, 0xd4, 0xb5, 0x8f,
    0xdc, 0xb5, 0x8f, 0xf8, 0xc8, 0x5e, 0x5b, 0xa7, 0x80, 0x25, 0x1d, 0x91, 0xcf, 0x00, 0x92, 0xe2, 0x23, 0x3e, 0xe2,
    0x23, 0x75, 0xee, 0x23, 0x3e, 0x92, 0xe7, 0x76, 0x28, 0x10, 0x49, 0xc7, 0xe2, 0x23, 0x3e, 0x52, 0xe3, 0x3e, 0xe2,
    0x23, 0x3e, 0x72, 0xe3, 0x76, 0x18, 0x30, 0x89, 0x3e, 0x8d, 0xd7, 0x3e, 0xe2, 0x23, 0xb5, 0xed, 0x23, 0xb7, 0xed,
    0x23, 0x3e, 0x62, 0xa6, 0x01, 0x91, 0x44, 0x05, 0xb5, 0xee, 0x23, 0x3e, 0xe2, 0x23, 0x3e, 0x62, 0xdb, 0x3e, 0x62,
    0xd8, 0x02, 0x96, 0xe0, 0x34, 0x95, 0xee, 0x23, 0x3e, 0x52, 0xd3, 0x3e, 0xe2, 0x23, 0x37, 0xed, 0x23, 0x75, 0x4d,
    0x9b, 0xa5, 0x40, 0x24, 0x38, 0x4d, 0xe5, 0x23, 0x3e, 0xe2, 0x23, 0xbb, 0x8f, 0xf8, 0x08, 0xbe, 0x5b, 0xb6, 0x80,
    0x25, 0xfa, 0x34, 0x5e, 0xfb, 0x88, 0x8f, 0xd4, 0xb6, 0x8f, 0xf8, 0xc8, 0x6d, 0xfb, 0x48, 0x5d, 0xdb, 0x06, 0x1a,
    0xf0, 0x48, 0x47, 0xe4, 0x23, 0x3e, 0xe2, 0x23, 0x3e, 0x52, 0xeb, 0x3e, 0x62, 0xdd, 0x02, 0x94, 0x74, 0x44, 0x3e,
    0xe2, 0x23, 0xb5, 0xee, 0x23, 0x3e, 0x72, 0xeb, 0x3e, 0x52, 0xd7, 0xfa, 0xad, 0x60, 0x48, 0xe1, 0x4f, 0x07, 0xd1,
    0xf8, 0x88, 0x8f, 0xf8, 0x48, 0x5d, 0xfb, 0x48, 0x5e, 0xfb, 0x48, 0x7d, 0xd7, 0x16, 0x2a, 0x70, 0x09, 0xcc, 0x53,
    0xd3, 0x7e, 0xe3, 0x4c, 0x3e, 0xe2, 0x23, 0x3e, 0x52, 0xf7, 0x3e, 0xe2, 0x23, 0x79, 0x6f, 0xf4, 0x01, 0x8f, 0x74,
    0x44, 0x3e, 0xe2, 0x23, 0x3e, 0xe2, 0x23, 0x3e, 0x52, 0xeb, 0xd6, 0x28, 0x10, 0x49, 0x54, 0xe0, 0x23, 0x3e, 0x62,
    0xd3, 0x3e, 0xe2, 0x23, 0x3e, 0x82, 0xd3, 0x06, 0x2e, 0xa0, 0x09, 0xcc, 0x53, 0xd3, 0x7e, 0xe3, 0x4c, 0x3e, 0xe2,
    0x23, 0x75, 0xef, 0x23, 0x3e, 0x72, 0xf7, 0x3e, 0x52, 0xd7, 0xbd, 0xbd, 0x0b, 0x58, 0xab, 0x4f, 0xe3, 0xb4, 0x8f,
    0xf8, 0x88, 0x8f, 0xd4, 0xb7, 0x8f, 0xe4, 0xb7, 0x8f, 0xd4, 0xf7, 0x6d, 0xf9, 0x01, 0xcf, 0xea, 0xd7, 0x3e, 0xe2,
    0x23, 0x3e, 0xe2, 0x23, 0x3e, 0x62, 0xd7, 0x97, 0xb2, 0x59, 0x07, 0xb2, 0x10, 0x7e, 0xe0, 0x0c, 0x98, 0x8f, 0xf8,
    0x88, 0x8d, 0xfb, 0x88, 0x8f, 0xe0, 0xb8, 0x8f, 0xd4, 0x36, 0x7e, 0x05, 0x96, 0x75, 0x20, 0x0b, 0xe1, 0x07, 0xce,
    0x80, 0xf9, 0x88, 0x8f, 0xd8, 0xb8, 0x8f, 0xf8, 0x88, 0x8f, 0xd8, 0xbc, 0x40, 0x05, 0x34, 0x43, 0xef, 0x23, 0x3e,
    0xe2, 0x23, 0xf5, 0xee, 0x23, 0xf9, 0xee, 0x23, 0xf5, 0xbd, 0x5b, 0xbe, 0x40, 0x26, 0x30, 0xcf, 0xee, 0x37, 0xce,
    0xe4, 0x23, 0x3e, 0xe2, 0x23, 0xf6, 0xed, 0x23, 0xfa, 0xed, 0x23, 0x35, 0x7e, 0x1f, 0xcb, 0x66, 0x1d, 0xc8, 0x42,
    0xf8, 0x81, 0x33, 0x60, 0x3e, 0xe2, 0x23, 0x3e, 0x62, 0xe3, 0x3e, 0xa2, 0xe3, 0x3e, 0x52, 0xe3, 0xf8, 0x01, 0x14,
    0x44, 0x33, 0x45, 0x98, 0x65, 0x06, 0x40, 0x82, 0xd3, 0x54, 0xb6, 0x8f, 0xf8, 0x88, 0x8f, 0xf8, 0x08, 0xef, 0x23,
    0xe6, 0xc4, 0x38, 0x91, 0x8f, 0xf8, 0x88, 0x8f, 0xf8, 0x88, 0x8f, 0xd8, 0xbf, 0x80, 0x25, 0x38, 0x4d, 0xe5, 0x23,
    0x3e, 0xb2, 0xfb, 0x88, 0xbd, 0xfb, 0x88, 0xbe, 0xfb, 0x48, 0x8d, 0xef, 0x16, 0x1d, 0x60, 0x09, 0xcc, 0xb3, 0xfb,
    0x8d, 0x33, 0xf9, 0x88, 0x8f, 0xf8, 0x88, 0x7d, 0xfb, 0x88, 0x7e, 0xfb, 0xc8, 0x79, 0x78, 0xff, 0xff, 0x44, 0x84,
    0xe0, 0x30, 0x0f, 0xb2, 0x10, 0xc3, 0x4f, 0x31, 0xce, 0x60, 0xfb, 0xc4, 0x85, 0x4c, 0x3e, 0xe2, 0x23, 0xb8, 0x6e,
    0x8e, 0x03, 0x9b, 0xc0, 0x3c, 0xbb, 0xdf, 0x38, 0x93, 0x8f, 0xf8, 0x88, 0x7d, 0xfb, 0x08, 0x7e, 0xfb, 0x08, 0x7f,
    0xfb, 0x48, 0xad, 0xdf, 0x26, 0x1a, 0xe0, 0x38, 0x91, 0x8f, 0xf8, 0x88, 0x8f, 0xf8, 0x48, 0xcd, 0xfb, 0x88, 0xdd,
    0x07, 0x54, 0x02, 0xf3, 0xd4, 0xb4, 0xdf, 0x38, 0x93, 0x8f, 0xf8, 0x88, 0x8f, 0xf8, 0x88, 0x8f, 0xd4, 0xbd, 0x0d,
    0x07, 0x48, 0x82, 0xd3, 0x54, 0xb6, 0x8f, 0xf8, 0x88, 0x8f, 0xf0, 0x3e, 0x82, 0xf3, 0x3e, 0x62, 0x5c, 0x91, 0xe0,
    0x34, 0x95, 0xee, 0x23, 0x3e, 0x52, 0xd3, 0x3e, 0xe2, 0x23, 0x3e, 0x62, 0x98, 0x01, 0x8f, 0xe0, 0x34, 0x95, 0x8f,
    0xf8, 0x88, 0x8f, 0xf8, 0xc8, 0xee, 0x23, 0xf6, 0x2d, 0x30, 0x39, 0x91, 0x8f, 0xf8, 0x48, 0xcd, 0xfb, 0x88, 0x8f,
    0xdc, 0xbc, 0x8f, 0xd4, 0x35, 0x6f, 0x82, 0x03, 0x98, 0xe0, 0x34, 0x95, 0xee, 0x23, 0x3e, 0x52, 0xd3, 0x3e, 0x72,
    0xd3, 0x3e, 0xb2, 0xd3, 0x3e, 0x52, 0xe7, 0xf4, 0x41, 0x54, 0x48, 0xe1, 0x4f, 0x07, 0xd1, 0xf8, 0x88, 0x8f, 0xd4,
    0xb5, 0x8f, 0xf8, 0xc8, 0x5d, 0xfb, 0x88, 0x15, 0x07, 0x4c, 0x82, 0xd3, 0x54, 0xba, 0x8f, 0xf8, 0x88, 0x8f, 0xd4,
    0xb4, 0x8f, 0xe4, 0xb4, 0x8f, 0xdc, 0x44, 0x85, 0x14, 0xfe, 0x74, 0x10, 0x8d, 0x8f, 0xf8, 0x88, 0x8f, 0xd4, 0xb5,
    0x8f, 0xe4, 0xb5, 0x8f, 0x9c, 0x00, 0x65, 0x1d, 0xc8, 0x42, 0xf8, 0x81, 0x33, 0x60, 0x3e, 0xe2, 0x23, 0x3e, 0xe2,
    0x23, 0x3e, 0x62, 0xc6, 0x01, 0x93, 0xe8, 0xd3, 0x78, 0xed, 0x23, 0x3e, 0xe2, 0x23, 0xb5, 0xed, 0x23, 0xb9, 0xed,
    0x23, 0xa6, 0x29, 0x30, 0x89, 0x3e, 0x8d, 0xd7, 0x3e, 0xe2, 0x23, 0x3e, 0x52, 0xdb, 0x3e, 0xe2, 0x23, 0xb9, 0x6d,
    0xb7, 0x01, 0x90, 0x13, 0xf9, 0x88, 0x8f, 0xd4, 0xbc, 0x8f, 0xf8, 0xc8, 0xcd, 0xfb, 0xc8, 0x95, 0x54, 0x48, 0xe1,
    0x4f, 0x07, 0xd1, 0xf8, 0x88, 0x8f, 0xf8, 0x88, 0x8f, 0xd4, 0xb5, 0x8f, 0xf4, 0xf5, 0x59, 0x5c, 0x48, 0xe1, 0x4f,
    0x07, 0xd1, 0xf8, 0x88, 0x8f, 0xd4, 0xb5, 0x8f, 0xdc, 0xb5, 0x8f, 0xec, 0xb5, 0x8f, 0x98, 0xba, 0x00, 0x25, 0x38,
    0x4d, 0xe5, 0x23, 0x3e, 0xe2, 0x23, 0xbb, 0x8f, 0xe0, 0xbb, 0x8f, 0xd4, 0xf6, 0x6e, 0xb2, 0x01, 0xd3, 0xea, 0xd3,
    0x38, 0xed, 0x23, 0x3e, 0x52, 0xdf, 0x3e, 0xe2, 0x23, 0xf7, 0xed, 0x23, 0x86, 0x2f, 0x60, 0x49, 0x54, 0x50, 0xeb,
    0x3e, 0xe2, 0x23, 0x3e, 0x62, 0xdb, 0x3e, 0xa2, 0xdb, 0x3e, 0x52, 0xe3, 0xb6, 0x59, 0x0b, 0x54, 0x82, 0xd3, 0x54,
    0xb6, 0x8f, 0xf8, 0x08, 0xef, 0x23, 0x3e, 0x62, 0xf3, 0x3e, 0x52, 0xd3, 0xbc, 0x71, 0x07, 0x54, 0xab, 0x4f, 0xe3,
    0xb4, 0x8f, 0xf8, 0x48, 0x7d, 0xfb, 0xc8, 0x7d, 0xfb, 0xc8, 0x7e, 0xfb, 0x88, 0x7d, 0x07, 0x4c, 0xd2, 0x11, 0xf9,
    0x88, 0x8f, 0xd4, 0xba, 0x8f, 0xdc, 0xba, 0x8f, 0xec, 0xba, 0x8f, 0x18, 0xa6, 0x00, 0x14, 0x11, 0x8c, 0x8f, 0xf8,
    0x88, 0x8f, 0xf4, 0x3e, 0xe2, 0x23, 0x78, 0x6f, 0xc1, 0x02, 0x92, 0xe0, 0x34, 0x95, 0xed, 0x23, 0x3e, 0xe2, 0x23,
    0x3e, 0xc2, 0xfb, 0x08, 0xcf, 0x5b, 0x54, 0xb3, 0xfa, 0xb5, 0x8f, 0xf8, 0x88, 0x8f, 0xf8, 0x88, 0x8f, 0x1c, 0x82,
    0x65, 0x1d, 0xc8, 0x42, 0xf8, 0x81, 0x33, 0x60, 0x3e, 0xe2, 0x23, 0x3e, 0x62, 0xe3, 0x3e, 0xe2, 0x23, 0x46, 0x2a,
    0x30, 0x49, 0x54, 0x50, 0xeb, 0x3e, 0xe2, 0x23, 0x3e, 0x62, 0xdb, 0x3e, 0xe2, 0x23, 0xba, 0x6d, 0xcc, 0x02, 0x92,
    0x44, 0x05, 0x3e, 0xe2, 0x23, 0x3e, 0xe2, 0x23, 0x36, 0xed, 0x23, 0x35, 0x4d, 0x9b, 0x16, 0x24, 0x38, 0x4d, 0x65,
    0xfb, 0x88, 0x8f, 0xf0, 0x3e, 0xe2, 0x23, 0x3e, 0x62, 0x93, 0x01, 0xd1, 0xea, 0xdb, 0x3e, 0xe2, 0x23, 0x76, 0xee,
    0x23, 0x78, 0xee, 0x23, 0x3e, 0x62, 0xcd, 0x02, 0xd2, 0xea, 0xd7, 0x3e, 0xe2, 0x23, 0x3e, 0xe2, 0x23, 0x76, 0xed,
    0x23, 0x35, 0x5d, 0xdb, 0x92, 0x24, 0x1d, 0x91, 0xcf, 0x00, 0x92, 0xe2, 0x23, 0x3e, 0xe2, 0x23, 0x3e, 0xe2, 0x23,
    0xf6, 0x1a, 0x00, 0x45, 0x04, 0xe3, 0x23, 0x3e, 0xd2, 0xfb, 0x88, 0x8f, 0xd8, 0xbd, 0x8f, 0x18, 0xe2, 0xc0, 0x05,
    0x34, 0x43, 0xef, 0x23, 0x3e, 0x52, 0xef, 0x3e, 0x72, 0xef, 0x3e, 0xb2, 0xef, 0x3e, 0x52, 0xe7, 0xbb, 0x91, 0x55,
    0x02, 0xf3, 0xd4, 0xb4, 0xdf, 0x38, 0x93, 0x8f, 0xf8, 0x48, 0xdd, 0xfb, 0x88, 0x8f, 0xf8, 0x88, 0x21, 0x3d, 0xa2,
    0x4f, 0xe3, 0xb5, 0x8f, 0xf8, 0x88, 0x8f, 0xf8, 0x88, 0x8f, 0x98, 0x67, 0xc0, 0x23, 0x1d, 0x8b, 0x8f, 0xf8, 0x88,
    0x8f, 0xf8, 0x48, 0x8d, 0xfb, 0xc8, 0x35, 0x4c, 0x48, 0xe1, 0x4f, 0x07, 0xd1, 0xf8, 0x88, 0x8f, 0xf8, 0x88, 0x8f,
    0xd4, 0xb5, 0x8f, 0xd8, 0xd1, 0x23, 0x38, 0x4d, 0xa5, 0xfb, 0x88, 0x8f, 0xf8, 0x88, 0x8f, 0xf8, 0x88, 0xc5, 0x06,
    0x4c, 0xa2, 0x4f, 0xe3, 0xb5, 0x8f, 0xf8, 0x48, 0x6d, 0xfb, 0x88, 0x8f, 0xdc, 0xb6, 0x8f, 0xd8, 0x59, 0x24, 0x51,
    0x41, 0xad, 0xfb, 0x88, 0x8f, 0xd8, 0xb6, 0x8f, 0xf8, 0x88, 0x8f, 0x18, 0xa3, 0xc0, 0x25, 0x30, 0x4f, 0x4d, 0xfb,
    0x8d, 0x33, 0xf9, 0x88, 0x8f, 0xd4, 0xbd, 0x8f, 0xf8, 0x88, 0x8f, 0xdc, 0xbd, 0x31, 0x07, 0x40, 0x4e, 0xe4, 0x23,
    0x3e, 0xe2, 0x23, 0x35, 0xef, 0x23, 0x39, 0xef, 0x23, 0xd6, 0x19, 0x10, 0xad, 0x3e, 0x8d, 0xd3, 0x3e, 0xe2, 0x23,
    0x3e, 0xe2, 0x23, 0xf5, 0xed, 0x23, 0xf7, 0x51, 0x21, 0x85, 0x3f, 0x1d, 0x44, 0xe3, 0x23, 0x3e, 0xe2, 0x23, 0x75,
    0xed, 0x23, 0x3e, 0x92, 0xd7, 0x86, 0x46, 0x09, 0xcc, 0xb3, 0xfb, 0x8d, 0x33, 0xf9, 0x88, 0x8f, 0xd8, 0xb7, 0x8f,
    0xf8, 0x88, 0x8f, 0x58, 0xa2, 0x40, 0x24, 0x1d, 0x91, 0x8f, 0xf8, 0x48, 0xad, 0xfb, 0x88, 0x8f, 0xf8, 0xc8, 0xad,
    0x9b, 0xa1, 0xc0, 0xb4, 0xfa, 0x34, 0x4e, 0xfb, 0x88, 0x8f, 0xd4, 0xb7, 0x8f, 0xf8, 0x88, 0x8f, 0xdc, 0xb7, 0x29,
    0x0a, 0x48, 0x40, 0x33, 0xf4, 0x3e, 0xe2, 0x23, 0xf5, 0xee, 0x23, 0x3e, 0xe2, 0x23, 0xf7, 0x6e, 0x9f, 0x02, 0x12,
    0xd0, 0x0c, 0xbd, 0x8f, 0xf8, 0x88, 0x8f, 0xd4, 0xbb, 0x8f, 0xf8, 0x48, 0xbe, 0x9b, 0x77, 0x00, 0x26, 0x1d, 0x91,
    0xcf, 0x00, 0x92, 0xe2, 0x23, 0x3e, 0x52, 0xe7, 0x3e, 0x72, 0xe7, 0x3e, 0xb2, 0xe7, 0x3e, 0x72, 0x27, 0x62, 0xf0,
    0xff, 0x4f, 0x44, 0x08, 0x0e, 0xf3, 0x20, 0x0b, 0x31, 0xfc, 0x14, 0xe3, 0x0c, 0x3e, 0x71, 0x21, 0x93, 0x8f, 0xf8,
    0x88, 0xad, 0xfb, 0x48, 0x4d, 0xeb, 0x76, 0x1d, 0x30, 0x09, 0x4e, 0x53, 0xf9, 0x88, 0x8f, 0xec, 0x3e, 0x62, 0xef,
    0x3e, 0xa2, 0xef, 0x3e, 0x62, 0xe1, 0x01, 0x92, 0x13, 0xf9, 0x88, 0x8f, 0xd4, 0xbc, 0x8f, 0xdc, 0xbc, 0x8f, 0xec,
    0xbc, 0x8f, 0x58, 0x79, 0x40, 0x25, 0x51, 0x41, 0xad, 0xfb, 0x88, 0x8f, 0xd8, 0xb6, 0x8f, 0xe0, 0xb6, 0x8f, 0xf0,
    0xb6, 0x8f, 0x5c, 0x07, 0x66, 0x1d, 0xc8, 0x42, 0xf8, 0x81, 0x33, 0x60, 0x3e, 0xe2, 0x23, 0x36, 0xee, 0x23, 0x3e,
    0xe2, 0x23, 0x38, 0x6e, 0xb5, 0x02, 0x92, 0x13, 0xf9, 0x88, 0x8f, 0xd4, 0xbc, 0x8f, 0xdc, 0xbc, 0x8f, 0xf8, 0xc8,
    0xce, 0x9b, 0xbd, 0x00, 0x25, 0x51, 0x81, 0x8f, 0xf8, 0x88, 0x8f, 0xd8, 0xb4, 0x8f, 0xe8, 0xb4, 0x8f, 0xd4, 0x38,
    0x6d, 0xb6, 0x02, 0x99, 0xc0, 0x3c, 0x35, 0xed, 0x37, 0xce, 0xe4, 0x23, 0x3e, 0x52, 0xf7, 0x3e, 0x72, 0xf7, 0x3e,
    0xe2, 0x23, 0x7b, 0x6f, 0xae, 0x01, 0x92, 0xe0, 0x34, 0x95, 0xed, 0x23, 0x3e, 0xc2, 0xfb, 0x88, 0x8f, 0xd8, 0xbc,
    0x8f, 0x98, 0x79, 0x00, 0x26, 0x30, 0xcf, 0xee, 0x37, 0xce, 0xe4, 0x23, 0x3e, 0x62, 0xdf, 0x3e, 0x82, 0xdf, 0x3e,
    0xc2, 0xdf, 0x3e, 0x62, 0xe7, 0x01, 0xd3, 0xea, 0xdb, 0x3e, 0xe2, 0x23, 0x76, 0xee, 0x23, 0x78, 0xee, 0x23, 0x7c,
    0xee, 0x23, 0xf6, 0x18, 0x10, 0x49, 0x54, 0xe0, 0x23, 0x3e, 0x62, 0xd3, 0x3e, 0x82, 0xd3, 0x3e, 0xe2, 0x23, 0x16,
    0x38, 0x50, 0x45, 0x04, 0xe3, 0x23, 0x3e, 0xd2, 0xfb, 0x88, 0xdd, 0xfb, 0x88, 0xde, 0xfb, 0x48, 0x8d, 0xf7, 0xe7,
    0xa2, 0x21, 0x85, 0x3f, 0x1d, 0x44, 0xe3, 0x23, 0x3e, 0x52, 0xd7, 0x3e, 0x72, 0xd7, 0x3e, 0xb2, 0xd7, 0x3e, 0x52,
    0xe7, 0xb5, 0x05, 0x0a, 0x44, 0x82, 0xd3, 0x54, 0x3e, 0xe2, 0x23, 0xbb, 0x8f, 0xf8, 0x88, 0x8f, 0xd8, 0xbb, 0x79,
    0x0b, 0x54, 0x40, 0x33, 0xf4, 0x3e, 0xe2, 0x23, 0xf5, 0xee, 0x23, 0x3e, 0x72, 0xef, 0x3e, 0x52, 0xd7, 0xbb, 0x41,
    0x06, 0x44, 0xab, 0x5f, 0xfb, 0x88, 0x8f, 0xd8, 0xb5, 0x8f, 0xe0, 0xb5, 0x8f, 0xf8, 0xc8, 0x39, 0x58, 0xd6, 0x81,
    0x2c, 0x84, 0x1f, 0x38, 0x03, 0xe6, 0x23, 0x3e, 0xe2, 0x23, 0x3e, 0x62, 0xe3, 0x3e, 0x62, 0xd0, 0x01, 0x93, 0x44,
    0x05, 0xb5, 0xee, 0x23, 0x3e, 0xe2, 0x23, 0xb6, 0xed, 0x23, 0xba, 0xed, 0x23, 0xe6, 0x1e, 0xe0, 0x44, 0x04, 0xe3,
    0x23, 0x3e, 0xe2, 0x23, 0x3e, 0xe2, 0x23, 0xbd, 0xe9, 0x0b, 0x50, 0xab, 0x6f, 0xfb, 0x88, 0x8f, 0xf8, 0x88, 0x9d,
    0xfb, 0x88, 0x9e, 0xfb, 0x48, 0x8d, 0xe7, 0x96, 0x38, 0x50, 0x39, 0x91, 0x8f, 0xf8, 0x48, 0xcd, 0xfb, 0xc8, 0xcd,
    0xfb, 0xc8, 0xce, 0xfb, 0x48, 0x9d, 0xf3, 0x26, 0x1d, 0x10, 0xad, 0xbe, 0xed, 0x23, 0x3e, 0xe2, 0x23, 0x76, 0xee,
    0x23, 0x7a, 0xee, 0x23, 0x76, 0x38, 0x60, 0x49, 0x47, 0xe4, 0x23, 0x3e, 0x52, 0xeb, 0x3e, 0x72, 0xeb, 0x3e, 0xb2,
    0xeb, 0x3e, 0x52, 0xe7, 0xba, 0xe1, 0x39, 0x4e, 0xe4, 0x23, 0x3e, 0xe2, 0x23, 0x35, 0xef, 0x23, 0x3e, 0x62, 0x7a,
    0x8f, 0x44, 0x05, 0x3e, 0xe2, 0x23, 0x3e, 0x62, 0xd3, 0x3e, 0xe2, 0x23, 0x06, 0x46, 0x49, 0x47, 0xe4, 0x33, 0x80,
    0xa4, 0xf8, 0x88, 0x8f, 0xd4, 0xb9, 0x8f, 0xf8, 0x88, 0x8f, 0xd8, 0x7b, 0x40, 0x24, 0x38, 0x4d, 0xa5, 0xfb, 0x88,
    0x8f, 0xf8, 0x88, 0x8f, 0xf8, 0x48, 0x4d, 0x9b, 0x5c, 0x24, 0xfa, 0x34, 0x5e, 0xfb, 0x88, 0x8f, 0xf8, 0x48, 0x6d,
    0xfb, 0x88, 0x8f, 0x18, 0x7c, 0x40, 0x24, 0xfa, 0x34, 0x5e, 0xfb, 0x88, 0x8f, 0xf8, 0x88, 0x8f, 0xf8, 0x48, 0x6d,
    0x9f, 0x49, 0x66, 0x1d, 0xc8, 0x42, 0xf8, 0x81, 0x33, 0x60, 0x3e, 0xe2, 0x23, 0x3e, 0xe2, 0x23, 0x36, 0xee, 0x23,
    0x35, 0x8d, 0x5b, 0xa6, 0xc0, 0x24, 0x38, 0x4d, 0xa5, 0xfb, 0x88, 0x8f, 0xf8, 0x48, 0x4d, 0xfb, 0x88, 0x8f, 0xe4,
    0xb4, 0x89, 0x0b, 0x50, 0xab, 0x5f, 0xfb, 0x88, 0x8f, 0xd8, 0xb5, 0x8f, 0xf8, 0x08, 0x5e, 0xfb, 0x48, 0x6d, 0xd7,
    0xa6, 0x1f, 0x10, 0x49, 0x54, 0x50, 0xeb, 0x3e, 0xe2, 0x23, 0x3e, 0xe2, 0x23, 0x3e, 0x62, 0xdb, 0xc6, 0x29, 0x10,
    0x49, 0xc7, 0xe2, 0x23, 0x3e, 0xe2, 0x23, 0x35, 0xee, 0x23, 0x3e, 0x92, 0xe3, 0x96, 0x1c, 0x60, 0x49, 0x47, 0xe4,
    0x33, 0x80, 0xa4, 0xf8, 0x88, 0x8f, 0xf8, 0x48, 0x9d, 0xfb, 0x48, 0x9e, 0xfb, 0x88, 0xdd, 0x0a, 0x4c, 0x12, 0x15,
    0xf8, 0x88, 0x8f, 0xd8, 0xb4, 0x8f, 0xe0, 0xb4, 0x8f, 0xf8, 0x08, 0x4f, 0xdb, 0xb0, 0xc0, 0x24, 0x38, 0x4d, 0xa5,
    0xfb, 0x88, 0x8f, 0xf8, 0x88, 0x8f, 0xd4, 0xb4, 0x8f, 0xf4, 0xb4, 0x1d, 0x0b, 0x58, 0xd2, 0x11, 0xf9, 0x0c, 0x20,
    0x29, 0x3e, 0xe2, 0x23, 0x3e, 0xe2, 0x23, 0x75, 0xee, 0x23, 0x7d, 0x6e, 0x5b, 0x4e, 0x44, 0x30, 0x3e, 0xe2, 0x23,
    0xbd, 0x8f, 0xf8, 0x88, 0x8f, 0x58, 0xac, 0xc0, 0x24, 0x1d, 0x8b, 0x8f, 0xf8, 0x48, 0x8d, 0xfb, 0xc8, 0x8d, 0xfb,
    0x88, 0x8f, 0xec, 0xb8, 0x79, 0x0a, 0x44, 0xd2, 0x11, 0xf9, 0x88, 0x8f, 0xf8, 0x48, 0xad, 0xfb, 0x88, 0x8f, 0xe4,
    0xfa, 0x45, 0x60, 0xd6, 0x81, 0x2c, 0x84, 0x1f, 0x38, 0x03, 0xe6, 0x23, 0x3e, 0x62, 0xe3, 0x3e, 0xe2, 0x23, 0x38,
    0xee, 0x23, 0x56, 0x2c, 0x30, 0xad, 0x3e, 0x8d, 0xd3, 0x3e, 0xe2, 0x23, 0x3e, 0xe2, 0x23, 0xf5, 0xed, 0x23, 0xfd,
    0x6d, 0xc9, 0x02, 0x12, 0xd0, 0x0c, 0xbd, 0x8f, 0xf8, 0x88, 0x8f, 0xf8, 0x48, 0xbd, 0xfb, 0x48, 0xbf, 0x9b, 0x78,
    0x40, 0x26, 0x30, 0x4f, 0x4d, 0xfb, 0x8d, 0x33, 0xf9, 0x88, 0x8f, 0xd4, 0xbd, 0x8f, 0xdc, 0xbd, 0x8f, 0xec, 0xbd,
    0x8f, 0xd8, 0xac, 0xc0, 0x24, 0x1d, 0x91, 0x8f, 0xf8, 0x48, 0xad, 0xfb, 0xc8, 0xad, 0xfb, 0x88, 0x8f, 0xec, 0xba,
    0x2d, 0x0e, 0x58, 0x12, 0x15, 0xf8, 0x88, 0x8f, 0xd8, 0xb4, 0x8f, 0xe0, 0xb4, 0x8f, 0xf0, 0xb4, 0x8f, 0xd4, 0x3a,
    0x6d, 0xee, 0x02, 0x96, 0xe8, 0xd3, 0x78, 0xed, 0x23, 0x3e, 0xe2, 0x23, 0xb5, 0xed, 0x23, 0xb9, 0xed, 0x23, 0xf5,
    0x6d, 0x1b, 0xb4, 0x80, 0xb4, 0xfa, 0xb6, 0x8f, 0xf8, 0x88, 0x8f, 0xf8, 0x88, 0x9d, 0xfb, 0x48, 0x4d, 0xe7, 0x56,
    0x2e, 0x40, 0xad, 0xbe, 0xed, 0x23, 0x3e, 0x62, 0xe7, 0x3e, 0xe2, 0x23, 0x78, 0xee, 0x23, 0xb5, 0x9d, 0x5b, 0x64,
    0xc0, 0x24, 0x51, 0x41, 0xad, 0xfb, 0x88, 0x8f, 0xd8, 0xb6, 0x8f, 0xe0, 0xb6, 0x8f, 0xf8, 0x88, 0x3d, 0x07, 0x44,
    0xab, 0x5f, 0xfb, 0x88, 0x8f, 0xf8, 0x88, 0x5d, 0xfb, 0x88, 0x5e, 0xfb, 0xc8, 0x69, 0x58, 0xd6, 0x81, 0x2c, 0x84,
    0x1f, 0x38, 0x03, 0xe6, 0x23, 0x3e, 0xe2, 0x23, 0x3e, 0xe2, 0x23, 0x36, 0x6e, 0x4f, 0x93, 0xc0, 0x3c, 0x35, 0xed,
    0x37, 0xce, 0xe4, 0x23, 0x3e, 0xe2, 0x23, 0x3e, 0xe2, 0x23, 0x36, 0x2a, 0x10, 0xad, 0x7e, 0xed, 0x23, 0x3e, 0xe2,
    0x23, 0x76, 0xed, 0x23, 0x3e, 0xa2, 0xd7, 0x26, 0x19, 0x60, 0x09, 0xcc, 0xb3, 0xfb, 0x8d, 0x33, 0xf9, 0x88, 0x8f,
    0xd8, 0xb7, 0x8f, 0xe0, 0xb7, 0x8f, 0xf8, 0x88, 0xf1, 0x06, 0x58, 0x02, 0xf3, 0xec, 0x7e, 0xe3, 0x4c, 0x3e, 0xe2,
    0x23, 0xf6, 0xed, 0x23, 0x3e, 0x82, 0xdf, 0x3e, 0x72, 0x12, 0xde, 0xff, 0x3f, 0x11, 0x21, 0x38, 0xcc, 0x83, 0x2c,
    0xc4, 0xf0, 0x53, 0x8c, 0x33, 0xd8, 0x3e, 0x71, 0x21, 0x93, 0x8f, 0xe0, 0xba, 0x8f, 0xd8, 0xba, 0x40, 0x25, 0x38,
    0x4d, 0x65, 0xfb, 0x88, 0x8f, 0xf8, 0x08, 0xef, 0x23, 0x38, 0xef, 0x23, 0xb5, 0xcd, 0x1b, 0xa4, 0x80, 0x25, 0x30,
    0xcf, 0xee, 0x37, 0xce, 0xe4, 0x23, 0x3e, 0x62, 0xdf, 0x3e, 0xe2, 0x23, 0x3e, 0x82, 0xdf, 0x36, 0x1a, 0x50, 0x09,
    0xcc, 0x53, 0xd3, 0x7e, 0xe3, 0x4c, 0x3e, 0xe2, 0x23, 0x3e, 0xe2, 0x23, 0x75, 0xef, 0x23, 0xf6, 0x38, 0x60, 0xad,
    0xbe, 0xed, 0x23, 0x3e, 0x62, 0xe7, 0x3e, 0x82, 0xe7, 0x3e, 0xc2, 0xe7, 0x3e, 0x52, 0xeb, 0xb9, 0xc9, 0x07, 0x3c,
    0xd2, 0xb1, 0xf8, 0x88, 0x8f, 0xf8, 0x88, 0x8f, 0xf8, 0x48, 0x8d, 0x03, 0x00, 0x00, 0x01, 0x31, 0x00, 0x00, 0x14,
    0x00, 0x00, 0x00, 0x5b, 0x06, 0x4b, 0x3a, 0xb6, 0x0c, 0x6e, 0x20, 0x1d, 0x5b, 0x06, 0x53, 0x90, 0x8e, 0x2d, 0x83,
    0x2f, 0x48, 0xc7, 0x96, 0xc1, 0x1e, 0xa4, 0x63, 0xcb, 0xe0, 0x12, 0xd2, 0xb1, 0x65, 0x30, 0x0b, 0xe9, 0xd8, 0x32,
    0xf8, 0x85, 0x74, 0x6c, 0x19, 0x6c, 0x43, 0x3a, 0xb6, 0x0c, 0xee, 0x21, 0x1d, 0x5b, 0x06, 0x13, 0x91, 0x8e, 0x2d,
    0x83, 0x8f, 0x48, 0xc7, 0x96, 0xc1, 0x4e, 0xa4, 0x63, 0xcb, 0xe0, 0x2a, 0xd2, 0xb1, 0x65, 0x30, 0x17, 0xe9, 0xd8,
    0x32, 0xf8, 0x8b, 0x74, 0x00, 0x00, 0x00, 0x00, 0x00, 0x00, 0x00, 0x61, 0x20, 0x00, 0x00, 0x6c, 0x00, 0x00, 0x00,
    0x13, 0x04, 0x44, 0x2c, 0x10, 0x00, 0x00, 0x00, 0x06, 0x00, 0x00, 0x00, 0xc4, 0x8c, 0x00, 0x50, 0x52, 0x80, 0x80,
    0x80, 0x80, 0x20, 0x24, 0x94, 0x1f, 0x25, 0x23, 0x00, 0x25, 0x40, 0x42, 0x0d, 0x00, 0x00, 0x00, 0x00, 0x23, 0x06,
    0x46, 0x03, 0x82, 0x60, 0xd0, 0x94, 0x01, 0x62, 0x8c, 0x18, 0x18, 0x0d, 0x08, 0x82, 0x41, 0x63, 0x06, 0xc8, 0x71,
    0x81, 0xb0, 0xc3, 0x0d, 0x01, 0x42, 0x06, 0xb3, 0x0c, 0x81, 0x10, 0x24, 0x21, 0x40, 0x12, 0x02, 0x9c, 0x10, 0x4c,
    0x06, 0x49, 0xcc, 0x12, 0x0c, 0x03, 0x15, 0x42, 0x27, 0x60, 0xc0, 0x40, 0x45, 0x92, 0x09, 0x18, 0x30, 0x50, 0x91,
    0x4c, 0x82, 0x06, 0x9c, 0xd0, 0x5c, 0x12, 0x49, 0x5c, 0x13, 0xe0, 0x05, 0x90, 0x5e, 0x40, 0xec, 0x70, 0x43, 0xf0,
    0x90, 0xc1, 0x4d, 0xc5, 0x4d, 0x37, 0x54, 0x81, 0x70, 0x41, 0xb2, 0xd3, 0x0d, 0xd7, 0x44, 0x9c, 0x11, 0x04, 0x3a,
    0x17, 0x08, 0x0c, 0x37, 0x3c, 0x62, 0x00, 0x06, 0xb3, 0x0c, 0x83, 0x10, 0x0c, 0x54, 0x24, 0x62, 0x10, 0x28, 0xc2,
    0x81, 0x41, 0x18, 0xf0, 0x75, 0x42, 0x0c, 0x37, 0x08, 0x1e, 0x1a, 0x4c, 0x37, 0x08, 0x44, 0xb0, 0x41, 0x38, 0x10,
    0x00, 0x3b, 0x00, 0x00, 0x00, 0x36, 0x54, 0x48, 0x54, 0xe0, 0x23, 0x86, 0x12, 0x74, 0x26, 0x54, 0xa8, 0x7e, 0xed,
    0x23, 0x56, 0x74, 0x48, 0x54, 0x50, 0xeb, 0x3e, 0x62, 0x44, 0xc5, 0xea, 0xd7, 0x3e, 0x62, 0x4a, 0xcb, 0xe4, 0x04,
    0x8e, 0xb3, 0xf8, 0x8d, 0x33, 0xf5, 0x76, 0x54, 0xa8, 0xbe, 0xed, 0x23, 0xb6, 0x84, 0x44, 0xc4, 0x54, 0x01, 0x8b,
    0x4f, 0x9b, 0x91, 0x22, 0x30, 0xcf, 0xee, 0x37, 0xce, 0xe4, 0x23, 0x76, 0x12, 0x9c, 0x96, 0x73, 0xa8, 0x3e, 0x7d,
    0xf7, 0x3e, 0x62, 0x3f, 0x8b, 0xc0, 0x3c, 0x35, 0xed, 0x37, 0xce, 0xe4, 0x23, 0xe6, 0x43, 0x38, 0x91, 0x8f, 0xdc,
    0xc0, 0xf7, 0xff, 0x4f, 0x44, 0x08, 0x0e, 0xf3, 0x20, 0x0b, 0x31, 0xfc, 0x04, 0x43, 0x2d, 0xc0, 0x44, 0xfc, 0xd4,
    0x80, 0x54, 0x3e, 0x71, 0x21, 0x93, 0x05, 0x19, 0x4e, 0x54, 0xe7, 0x3e, 0x62, 0x34, 0x87, 0xe0, 0x34, 0x95, 0xed,
    0x23, 0x66, 0x73, 0x08, 0x4e, 0x53, 0xdd, 0x3e, 0x62, 0x3a, 0x85, 0x74, 0x2c, 0x3e, 0x72, 0x01, 0x09, 0x52, 0xf8,
    0xd3, 0x41, 0x34, 0x3e, 0x62, 0x3c, 0x85, 0x74, 0x44, 0x3e, 0x62, 0x37, 0x87, 0xe8, 0xd3, 0x78, 0xed, 0x23, 0xb6,
    0xa3, 0x48, 0x47, 0xe4, 0x33, 0x80, 0xa4, 0xf8, 0x88, 0x01, 0x1d, 0xd2, 0xb1, 0xd4, 0xb8, 0x8f, 0x58, 0xd2, 0x20,
    0x51, 0x81, 0xe1, 0x1c, 0xab, 0x4f, 0xe3, 0xb4, 0x8f, 0x9c, 0x00, 0x63, 0x1d, 0xc8, 0x42, 0xf8, 0x81, 0x33, 0x60,
    0x3e, 0x62, 0x3d, 0x06, 0xd0, 0x0c, 0xbd, 0x8f, 0xd8, 0x8c, 0x21, 0x38, 0x4d, 0xe5, 0x23, 0x07, 0x50, 0x10, 0xcd,
    0x14, 0x61, 0x86, 0x34, 0x5c, 0x4e, 0x64, 0x35, 0xc5, 0x80, 0x54, 0x3e, 0x02, 0x01, 0x31, 0x00, 0x00, 0x02, 0x00,
    0x00, 0x00, 0x5b, 0x06, 0x4d, 0x3a, 0x00, 0x00, 0x00, 0x00, 0x00, 0x00, 0x00, 0x00, 0x61, 0x20, 0x00, 0x00, 0xed,
    0x00, 0x00, 0x00, 0x13, 0x04, 0x47, 0x2c, 0x10, 0x00, 0x00, 0x00, 0x07, 0x00, 0x00, 0x00, 0x94, 0x8c, 0x00, 0x10,
    0x33, 0x02, 0x40, 0x49, 0x01, 0x02, 0x02, 0x02, 0x82, 0x90, 0x50, 0x7e, 0x94, 0x94, 0x00, 0x09, 0x35, 0x40, 0xd1,
    0x0c, 0x00, 0x00, 0x00, 0x00, 0x63, 0x08, 0xc9, 0x31, 0x86, 0x90, 0x20, 0x23, 0x06, 0x46, 0x03, 0x82, 0x60, 0xd0,
    0xa0, 0x81, 0x80, 0x8c, 0x18, 0x18, 0x0d, 0x08, 0x82, 0x41, 0x93, 0x06, 0x42, 0x72, 0x81, 0xb0, 0xc3, 0x0d, 0x81,
    0x42, 0x06, 0xb3, 0x0c, 0x81, 0x10, 0x24, 0x21, 0x40, 0x12, 0x02, 0x9c, 0x10, 0x4c, 0x06, 0x49, 0xcc, 0x12, 0x0c,
    0x03, 0x15, 0x42, 0x27, 0x70, 0xc0, 0x40, 0x45, 0x92, 0x09, 0x64, 0x00, 0x0c, 0x54, 0x24, 0x93, 0x60, 0x06, 0xc0,
    0x09, 0xd0, 0x25, 0x91, 0xc4, 0x35, 0x01, 0x5e, 0x30, 0xe9, 0x05, 0xc4, 0x0e, 0x37, 0x04, 0x0f, 0x19, 0x9c, 0x55,
    0xdc, 0x74, 0xc3, 0x16, 0x08, 0x17, 0x24, 0x3b, 0xdd, 0xd0, 0x4d, 0xc4, 0x19, 0x41, 0xa0, 0xa3, 0x81, 0xc0, 0x70,
    0xc3, 0x53, 0x06, 0x60, 0x30, 0xcb, 0x30, 0x08, 0xc1, 0x40, 0x45, 0x22, 0x06, 0x81, 0x22, 0x8c, 0x21, 0x90, 0x81,
    0x37, 0x86, 0x40, 0x06, 0xdf, 0x88, 0x81, 0xd1, 0x80, 0x20, 0x18, 0x34, 0xa3, 0x20, 0x8c, 0xc1, 0x88, 0x81, 0xd1,
    0x80, 0x20, 0x18, 0x34, 0xa4, 0x20, 0x90, 0xc1, 0x05, 0xc2, 0x0e, 0x37, 0x04, 0x65, 0x40, 0x06, 0xb3, 0x0c, 0x44,
    0x11, 0x24, 0x21, 0x40, 0x12, 0x02, 0x9c, 0x10, 0x4c, 0x06, 0x49, 0xcc, 0x12, 0x18, 0x03, 0x15, 0x42, 0x57, 0xc8,
    0xc2, 0x30, 0x50, 0x91, 0x64, 0x85, 0x2e, 0x0c, 0x03, 0x15, 0xc9, 0x54, 0xf0, 0xc2, 0x70, 0xc2, 0x1a, 0x5c, 0x12,
    0x49, 0x5c, 0x13, 0xe0, 0x05, 0x6e, 0xa0, 0x17, 0x10, 0x3b, 0xdc, 0x10, 0x3c, 0x64, 0x70, 0x71, 0x50, 0xdc, 0x74,
    0x83, 0x1d, 0x04, 0xc2, 0x05, 0xc9, 0x4e, 0x37, 0xe0, 0xc1, 0x44, 0x9c, 0x11, 0x04, 0x3a, 0x75, 0x00, 0x02, 0xc3,
    0x0d, 0x0f, 0x28, 0x80, 0xc1, 0x2c, 0x83, 0x51, 0x04, 0x03, 0x15, 0x89, 0x18, 0x10, 0x4a, 0x71, 0x75, 0x60, 0x07,
    0x3c, 0xdc, 0x10, 0xf8, 0x01, 0x1a, 0xdc, 0x1f, 0x78, 0x31, 0xdd, 0x10, 0x7c, 0xc2, 0x1c, 0xc3, 0x1e, 0x04, 0xa1,
    0x70, 0x1f, 0x18, 0xf0, 0x8d, 0xc2, 0x11, 0xc3, 0x0d, 0x02, 0x29, 0xa0, 0xc1, 0x74, 0x83, 0x90, 0x04, 0x73, 0x0c,
    0x45, 0x20, 0x0a, 0x1b, 0x84, 0x03, 0x01, 0x00, 0x00, 0x8f, 0x00, 0x00, 0x00, 0x86, 0x56, 0x48, 0x54, 0xe0, 0x23,
    0xc6, 0x76, 0x48, 0x54, 0xe0, 0x23, 0x77, 0x6d, 0x63, 0x8b, 0x44, 0x05, 0xb5, 0xee, 0x23, 0x3e, 0x62, 0xeb, 0x56,
    0x96, 0xa8, 0xbe, 0xed, 0x23, 0x3e, 0x62, 0xf7, 0x46, 0xe6, 0x08, 0xcc, 0xb3, 0xfb, 0x8d, 0x33, 0xf9, 0x88, 0x8f,
    0xd8, 0xfb, 0x0d, 0x5c, 0xff, 0xff, 0x44, 0x84, 0xe0, 0x30, 0x0f, 0xb2, 0x10, 0xc3, 0x2f, 0x0d, 0x48, 0xe5, 0x13,
    0x17, 0x32, 0xd9, 0xda, 0x71, 0x39, 0x91, 0x8f, 0xdc, 0xf4, 0x19, 0x64, 0xff, 0xff, 0x44, 0x84, 0xe0, 0x30, 0x0f,
    0xb2, 0x10, 0xc3, 0x2f, 0x0d, 0x48, 0xe5, 0x13, 0x17, 0x32, 0xdd, 0xb8, 0x19, 0x1d, 0x12, 0x15, 0xf8, 0x88, 0x8f,
    0x58, 0xd1, 0xa1, 0xfa, 0xb5, 0x8f, 0xf8, 0x88, 0x21, 0x25, 0x12, 0x15, 0xd4, 0xba, 0x8f, 0xf8, 0x88, 0x29, 0x1d,
    0xaa, 0x6f, 0xfb, 0x88, 0x8f, 0xd8, 0x59, 0x33, 0x39, 0x81, 0xe3, 0x2c, 0x7e, 0xe3, 0x4c, 0xbd, 0x8f, 0x18, 0x4f,
    0xa2, 0xfa, 0xf4, 0xdd, 0xfb, 0x88, 0x8f, 0xd8, 0x14, 0x32, 0x20, 0x95, 0x8f, 0xf8, 0x48, 0x7f, 0x05, 0x90, 0x75,
    0x20, 0x0b, 0xe1, 0x07, 0xce, 0x80, 0xf9, 0x88, 0x8f, 0xd8, 0xbc, 0x09, 0x35, 0x02, 0xf3, 0xd4, 0xb4, 0xdf, 0x38,
    0x93, 0x8f, 0xf8, 0x88, 0x05, 0x19, 0x4e, 0xe4, 0x23, 0x3e, 0x62, 0x52, 0x8a, 0xe0, 0x34, 0x95, 0xed, 0x23, 0x3e,
    0xc2, 0x1f, 0x40, 0x41, 0x34, 0x53, 0x84, 0xd9, 0x4d, 0x22, 0x38, 0x4d, 0x65, 0xfb, 0x88, 0x8f, 0x58, 0x4e, 0x22,
    0x38, 0x4d, 0x75, 0xfb, 0x88, 0x8f, 0x18, 0x10, 0x02, 0x34, 0x43, 0xef, 0x23, 0x3e, 0x62, 0x58, 0x89, 0x74, 0x2c,
    0x3e, 0xe2, 0x23, 0x75, 0x7e, 0x04, 0x0d, 0x52, 0xf8, 0xd3, 0x41, 0x34, 0x3e, 0xe2, 0x23, 0x75, 0x6d, 0x55, 0x8b,
    0xe8, 0xd3, 0x78, 0xed, 0x23, 0x3e, 0x52, 0xdb, 0x16, 0x96, 0x48, 0x54, 0xe0, 0x23, 0x3e, 0x62, 0xe3, 0x96, 0xe5,
    0x48, 0x47, 0xe4, 0x33, 0x80, 0xa4, 0xf8, 0x88, 0x8f, 0xd4, 0xba, 0x0d, 0x25, 0xd2, 0xb1, 0xd4, 0xb8, 0x8f, 0xf8,
    0x88, 0xed, 0x24, 0xab, 0x4f, 0xe3, 0xb4, 0x8f, 0xf8, 0xc8, 0x09, 0x38, 0xd6, 0x81, 0x2c, 0x84, 0x1f, 0x38, 0x03,
    0xe6, 0x23, 0x3e, 0x62, 0x28, 0x41, 0x67, 0x36, 0x88, 0xe0, 0x34, 0x95, 0x8f, 0xf8, 0x88, 0x59, 0x2d, 0xab, 0x4f,
    0xe3, 0xb4, 0x8f, 0xf8, 0x48, 0x7d, 0x9b, 0x58, 0xb2, 0xfa, 0xb5, 0x8f, 0xf8, 0x88, 0x9d, 0x9b, 0x56, 0x22, 0x1d,
    0x91, 0x8f, 0xf8, 0x48, 0xbd, 0xdb, 0x96, 0x02, 0x34, 0x43, 0xef, 0x23, 0x3e, 0x52, 0xf3, 0x76, 0x12, 0x9c, 0x17,
    0xb0, 0x20, 0x85, 0x3f, 0x1d, 0x44, 0xe3, 0x23, 0x3e, 0x62, 0x5d, 0x8f, 0xc0, 0x3c, 0x35, 0xed, 0x37, 0xce, 0xe4,
    0x23, 0x3e, 0x62, 0xd3, 0x86, 0x73, 0x0c, 0x48, 0xe5, 0x23, 0x3e, 0x62, 0x60, 0x89, 0xea, 0xd7, 0x3e, 0xe2, 0x23,
    0xf6, 0x6d, 0x66, 0xc5, 0xe5, 0x44, 0x3e, 0x62, 0x3a, 0x89, 0xe8, 0xd3, 0x78, 0xed, 0x23, 0x3e, 0x62, 0x5f, 0x8a,
    0x13, 0xd5, 0xb9, 0x8f, 0xf8, 0x88, 0x6d, 0x9b, 0xd7, 0x22, 0x1d, 0x4b, 0x8d, 0xfb, 0x88, 0x8f, 0xd8, 0xb5, 0x1d,
    0x1d, 0xab, 0x5f, 0xfb, 0x88, 0x8f, 0x58, 0x9a, 0x12, 0x11, 0x53, 0x05, 0x2c, 0x3e, 0xed, 0x23, 0x96, 0xc4, 0x08,
    0xcc, 0xb3, 0xfb, 0x8d, 0x33, 0xf9, 0x88, 0x8f, 0x58, 0xdb, 0x33, 0x39, 0x81, 0xe3, 0x2c, 0x7e, 0xe3, 0x4c, 0xbd,
    0x8f, 0xdc, 0xb6, 0xb9, 0x31, 0x11, 0x31, 0x55, 0xc0, 0xe2, 0xd3, 0x3e, 0x72, 0xdf, 0x76, 0xb5, 0xa8, 0x3e, 0x7d,
    0xf7, 0x3e, 0xe2, 0x23, 0x35, 0x6e, 0x3d, 0x87, 0x74, 0x2c, 0x3e, 0xe2, 0x23, 0xe6, 0xc3, 0x48, 0x47, 0xe4, 0x33,
    0x80, 0xa4, 0xf8, 0x88, 0x8f, 0x18, 0xd5, 0x22, 0x38, 0x4d, 0x75, 0xfb, 0x88, 0x8f, 0xd4, 0xb4, 0x71, 0x21, 0x4e,
    0xe4, 0x23, 0x3e, 0x52, 0xf7, 0xf6, 0x73, 0x48, 0x47, 0xe4, 0x23, 0x3e, 0x62, 0x51, 0x89, 0xe0, 0x34, 0x95, 0x8f,
    0xf8, 0xc8, 0x6e, 0x44, 0x88, 0x13, 0xd5, 0xb9, 0x8f, 0xf8, 0x08, 0x00, 0x00, 0x00, 0x00, 0x01, 0x31, 0x00, 0x00,
    0x03, 0x00, 0x00, 0x00, 0x5b, 0x06, 0x4e, 0x3a, 0xb6, 0x0c, 0x7a, 0x20, 0x1d, 0x00, 0x00, 0x00, 0x00, 0x00, 0x00,
    0x00, 0x61, 0x20, 0x00, 0x00, 0x65, 0x01, 0x00, 0x00, 0x13, 0x04, 0x4a, 0x2c, 0x10, 0x00, 0x00, 0x00, 0x07, 0x00,
    0x00, 0x00, 0x94, 0x8c, 0x00, 0x10, 0x33, 0x02, 0x40, 0x49, 0x01, 0x02, 0x02, 0x02, 0x82, 0x90, 0x50, 0x7e, 0x94,
    0x94, 0x00, 0x09, 0x35, 0x40, 0x49, 0x11, 0x10, 0x35, 0x03, 0x00, 0x63, 0x08, 0x0a, 0x32, 0x86, 0xa0, 0x24, 0x23,
    0x06, 0x46, 0x03, 0x82, 0x60, 0xd0, 0xa4, 0x81, 0x90, 0x8c, 0x18, 0x18, 0x0d, 0x08, 0x82, 0x41, 0xa3, 0x06, 0x82,
    0x72, 0x81, 0xb0, 0xc3, 0x0d, 0xc1, 0x42, 0x06, 0xb3, 0x0c, 0x81, 0x10, 0x24, 0x21, 0x40, 0x12, 0x02, 0x9c, 0x10,
    0x4c, 0x06, 0x49, 0xcc, 0x12, 0x0c, 0x03, 0x15, 0x42, 0x27, 0x78, 0xc0, 0x40, 0x45, 0x92, 0x09, 0x66, 0x00, 0x0c,
    0x54, 0x24, 0x93, 0x80, 0x06, 0xc0, 0x09, 0xd1, 0x25, 0x91, 0xc4, 0x35, 0x01, 0x5e, 0x40, 0xe9, 0x05, 0xc4, 0x0e,
    0x37, 0x04, 0x0f, 0x19, 0xdc, 0x55, 0xdc, 0x74, 0x03, 0x17, 0x08, 0x17, 0x24, 0x3b, 0xdd, 0xe0, 0x4d, 0xc4, 0x19,
    0x41, 0xa0, 0xb3, 0x81, 0xc0, 0x70, 0xc3, 0x63, 0x06, 0x60, 0x30, 0xcb, 0x30, 0x08, 0xc1, 0x40, 0x45, 0x22, 0x06,
    0x81, 0x22, 0x8c, 0x21, 0x94, 0xc1, 0x37, 0x86, 0x50, 0x06, 0x60, 0x30, 0x62, 0x60, 0x34, 0x20, 0x08, 0x06, 0x0d,
    0x29, 0x08, 0x64, 0x30, 0x62, 0x60, 0x34, 0x20, 0x08, 0x06, 0x4d, 0x29, 0x08, 0x65, 0x70, 0x81, 0xb0, 0xc3, 0x0d,
    0x81, 0x19, 0x90, 0xc1, 0x2c, 0x03, 0x51, 0x04, 0x49, 0x08, 0x90, 0x84, 0x00, 0x27, 0x04, 0x93, 0x41, 0x12, 0xb3,
    0x04, 0xc6, 0x40, 0x85, 0xd0, 0x15, 0xb4, 0x30, 0x0c, 0x54, 0x24, 0x59, 0xc1, 0x0b, 0xc3, 0x40, 0x45, 0x32, 0x15,
    0xbe, 0x30, 0x9c, 0xc0, 0x06, 0x97, 0x44, 0x12, 0xd7, 0x04, 0x78, 0xc1, 0x1b, 0xe8, 0x05, 0xc4, 0x0e, 0x37, 0x04,
    0x0f, 0x19, 0x9c, 0x1c, 0x14, 0x37, 0xdd, 0x70, 0x07, 0x81, 0x70, 0x41, 0xb2, 0xd3, 0x0d, 0x79, 0x30, 0x11, 0x67,
    0x04, 0x81, 0x8e, 0x1d, 0x80, 0xc0, 0x70, 0xc3, 0x13, 0x0a, 0x60, 0x30, 0xcb, 0x60, 0x14, 0xc1, 0x40, 0x45, 0x22,
    0x06, 0x84, 0x52, 0x8c, 0x21, 0x80, 0x02, 0x1e, 0x8c, 0x21, 0x80, 0x42, 0x1e, 0x8c, 0x18, 0x18, 0x0d, 0x08, 0x82,
    0x41, 0xf3, 0x0b, 0xc2, 0x1f, 0x8c, 0x18, 0x18, 0x0d, 0x08, 0x82, 0x41, 0x03, 0x0e, 0x02, 0x28, 0x5c, 0x20, 0xec,
    0x70, 0x43, 0x10, 0x0a, 0x64, 0x30, 0xcb, 0x70, 0x20, 0x41, 0x12, 0x02, 0x24, 0x21, 0xc0, 0x09, 0xc1, 0x64, 0x90,
    0xc4, 0x2c, 0x41, 0x32, 0x50, 0x21, 0x74, 0x88, 0x4a, 0x18, 0x03, 0x15, 0x49, 0x86, 0xc8, 0x84, 0x31, 0x50, 0x91,
    0x4c, 0x08, 0x4d, 0x18, 0x27, 0x9c, 0xc2, 0x25, 0x91, 0xc4, 0x35, 0x01, 0x5e, 0xa0, 0x0a, 0x7a, 0x01, 0xb1, 0xc3,
    0x0d, 0xc1, 0x43, 0x06, 0xd7, 0x0a, 0xc5, 0x4d, 0x37, 0xc8, 0x42, 0x20, 0x5c, 0x90, 0xec, 0x74, 0x03, 0x2d, 0x4c,
    0xc4, 0x19, 0x41, 0xa0, 0x13, 0x0b, 0x20, 0x30, 0xdc, 0xf0, 0xf0, 0x02, 0x18, 0xcc, 0x32, 0x24, 0x48, 0x30, 0x50,
    0x91, 0x88, 0xc1, 0xa1, 0x20, 0x07, 0x0b, 0xb1, 0xc0, 0xc3, 0x0d, 0x81, 0x2e, 0xa0, 0xc1, 0xed, 0x42, 0x1e, 0xc4,
    0x74, 0x43, 0xa0, 0x07, 0xc2, 0x1c, 0x83, 0x2d, 0x04, 0xbd, 0x70, 0x7a, 0xb0, 0x07, 0x3c, 0xdc, 0x10, 0xfc, 0x02,
    0x1a, 0x1c, 0x38, 0x8c, 0x41, 0x4c, 0x37, 0x04, 0x64, 0x20, 0xcc, 0x31, 0x14, 0x81, 0x2f, 0x1c, 0x19, 0x94, 0x01,
    0x1f, 0x39, 0x30, 0x31, 0xdc, 0x20, 0x94, 0x03, 0x1a, 0x4c, 0x37, 0x08, 0x4e, 0x30, 0xc7, 0x50, 0x04, 0xe1, 0xb0,
    0x41, 0x38, 0x10, 0x00, 0xde, 0x00, 0x00, 0x00, 0x26, 0x96, 0x48, 0x54, 0xe0, 0x23, 0x3e, 0x82, 0xe3, 0x47, 0xd0,
    0x20, 0x85, 0x3f, 0x1d, 0x44, 0xe3, 0x23, 0x3e, 0x72, 0xd7, 0x46, 0x18, 0x50, 0x48, 0x54, 0xe0, 0x23, 0x06, 0xb7,
    0x08, 0x4e, 0x53, 0xdd, 0x3e, 0xe2, 0x23, 0x39, 0x6f, 0x5b, 0x89, 0x74, 0x44, 0x3e, 0xe2, 0x23, 0xf7, 0x6e, 0x61,
    0x89, 0xea, 0xd7, 0x3e, 0xe2, 0x23, 0xf8, 0x6d, 0x8e, 0x01, 0xcf, 0xe4, 0x04, 0x8e, 0xb3, 0xf8, 0x8d, 0x33, 0xf5,
    0x3e, 0xc2, 0xd3, 0x76, 0xb5, 0xac, 0x3e, 0x8d, 0xd3, 0x3e, 0xe2, 0x23, 0xf7, 0x6d, 0x63, 0xc9, 0xea, 0xd7, 0x3e,
    0xe2, 0x23, 0x78, 0x6e, 0x5c, 0x0a, 0xd0, 0x0c, 0xbd, 0x8f, 0xf8, 0xc8, 0xcd, 0xdb, 0x63, 0x00, 0x13, 0x11, 0x53,
    0x05, 0x2c, 0x3e, 0xed, 0x23, 0x7c, 0x7d, 0x03, 0xd7, 0xff, 0x3f, 0x11, 0x21, 0x38, 0xcc, 0x83, 0x2c, 0xc4, 0xf0,
    0x4b, 0x03, 0x52, 0xf9, 0xc4, 0x85, 0x4c, 0x36, 0xb7, 0xa8, 0x3e, 0x7d, 0xf7, 0x3e, 0xe2, 0x23, 0xba, 0x6d, 0x5e,
    0x8f, 0xc0, 0x3c, 0x35, 0xed, 0x37, 0xce, 0xe4, 0x23, 0x3e, 0x82, 0xd3, 0xd6, 0x18, 0x70, 0x48, 0x54, 0xe0, 0x23,
    0x7b, 0x6f, 0x47, 0x87, 0x44, 0x05, 0x3e, 0xe2, 0x23, 0x06, 0xa6, 0x38, 0x51, 0x9d, 0xfb, 0x88, 0x8f, 0xe0, 0xb6,
    0xe1, 0x21, 0x4e, 0xe4, 0x23, 0x3e, 0xa2, 0xef, 0xf6, 0x96, 0x0c, 0x48, 0xe5, 0x23, 0x3e, 0x92, 0xef, 0x66, 0x74,
    0xa8, 0x7e, 0xed, 0x23, 0x3e, 0x62, 0x49, 0x89, 0x44, 0x05, 0xb5, 0xee, 0x23, 0x3e, 0x62, 0x4b, 0x87, 0xea, 0xdb,
    0x3e, 0xe2, 0x23, 0x36, 0x18, 0xd0, 0x4c, 0x4e, 0xe0, 0x38, 0x8b, 0xdf, 0x38, 0x53, 0xef, 0x23, 0xf6, 0xb5, 0x48,
    0xc7, 0x52, 0xe3, 0x3e, 0xe2, 0x23, 0x78, 0x6d, 0x88, 0x01, 0xcf, 0xe4, 0x04, 0x8e, 0xb3, 0xf8, 0x8d, 0x33, 0xf5,
    0x3e, 0x92, 0xdb, 0xd6, 0x93, 0xa8, 0x3e, 0x7d, 0xf7, 0x3e, 0xe2, 0x23, 0xf6, 0xb7, 0x48, 0x54, 0x50, 0xeb, 0x3e,
    0xe2, 0x23, 0x3b, 0x6e, 0x8a, 0x01, 0x4c, 0x44, 0x4c, 0x15, 0xb0, 0xf8, 0xb4, 0x8f, 0xe4, 0xb7, 0x05, 0x06, 0x24,
    0xaa, 0x6f, 0xfb, 0x88, 0x8f, 0xec, 0xbb, 0x0d, 0x35, 0x02, 0xf3, 0xd4, 0xb4, 0xdf, 0x38, 0x93, 0x8f, 0xf8, 0x88,
    0x09, 0x19, 0x4e, 0xe4, 0x23, 0x3e, 0x62, 0x58, 0x8b, 0xea, 0xd3, 0x77, 0xef, 0x23, 0x3e, 0x72, 0xe3, 0x06, 0x18,
    0xe0, 0x08, 0xcc, 0xb3, 0xfb, 0x8d, 0x33, 0xf9, 0x88, 0x8f, 0xec, 0xf9, 0x01, 0x14, 0x44, 0x33, 0x45, 0x98, 0x31,
    0x06, 0x1c, 0x97, 0x13, 0xf9, 0xc8, 0xce, 0x1b, 0x4e, 0x22, 0x38, 0x4d, 0x65, 0xfb, 0x88, 0x8f, 0x98, 0x4e, 0x22,
    0x38, 0x4d, 0x75, 0xfb, 0x88, 0x8f, 0x5c, 0x42, 0xf6, 0xff, 0x4f, 0x44, 0x08, 0x0e, 0xf3, 0x20, 0x0b, 0x31, 0xfc,
    0xd2, 0x80, 0x54, 0x3e, 0x71, 0x21, 0x13, 0x6f, 0x5b, 0x10, 0x02, 0x34, 0x43, 0xef, 0x23, 0x3e, 0x62, 0x55, 0x8b,
    0xe0, 0x34, 0xd5, 0xed, 0x23, 0x3e, 0x72, 0xd3, 0x46, 0x95, 0x0c, 0x48, 0xe5, 0x23, 0x3e, 0x62, 0xf7, 0x46, 0x94,
    0x48, 0xc7, 0x52, 0xe3, 0x3e, 0xe2, 0x23, 0xd6, 0x85, 0x38, 0x91, 0x8f, 0xf8, 0xc8, 0xdd, 0x5f, 0xc0, 0x82, 0x14,
    0xfe, 0x74, 0x10, 0x8d, 0x8f, 0xf8, 0x88, 0xb9, 0x2d, 0x82, 0xd3, 0x54, 0xb6, 0x8f, 0xf8, 0x48, 0xae, 0x1b, 0x4f,
    0xb2, 0xfa, 0x34, 0x4e, 0xfb, 0x88, 0x8f, 0x9c, 0x80, 0x63, 0x1d, 0xc8, 0x42, 0xf8, 0x81, 0x33, 0x60, 0x3e, 0xe2,
    0x23, 0x86, 0x12, 0x74, 0x76, 0x83, 0x08, 0x4e, 0x53, 0xf9, 0x88, 0x8f, 0x58, 0x62, 0xc0, 0x21, 0x51, 0x81, 0x8f,
    0xe4, 0xf5, 0x1d, 0x34, 0x48, 0xe1, 0x4f, 0x07, 0xd1, 0xf8, 0x88, 0x8f, 0xe4, 0xbd, 0x91, 0x2d, 0x12, 0x15, 0xd4,
    0xba, 0x8f, 0xf8, 0x08, 0xae, 0x9b, 0x59, 0xa2, 0xfa, 0xb6, 0x8f, 0xf8, 0x08, 0xde, 0xdb, 0x49, 0x70, 0x5a, 0x99,
    0x23, 0x30, 0xcf, 0xee, 0x37, 0xce, 0xe4, 0x23, 0x3e, 0x82, 0xef, 0x87, 0x00, 0x59, 0x07, 0xb2, 0x10, 0x7e, 0xe0,
    0x0c, 0x98, 0x8f, 0xf8, 0xc8, 0xae, 0x5b, 0xce, 0x31, 0x20, 0x95, 0x8f, 0xf8, 0x88, 0x09, 0x06, 0x14, 0x97, 0x13,
    0xf9, 0x88, 0xb5, 0x29, 0x82, 0xd3, 0x54, 0x3e, 0xe2, 0x23, 0x79, 0x6e, 0x87, 0x01, 0xc7, 0xe5, 0x44, 0x3e, 0x92,
    0xd3, 0xb6, 0x93, 0x88, 0x3e, 0x8d, 0xd7, 0x3e, 0xe2, 0x23, 0x67, 0x90, 0xfd, 0xff, 0x13, 0x11, 0x82, 0xc3, 0x3c,
    0xc8, 0x42, 0x0c, 0xbf, 0x34, 0x20, 0x95, 0x4f, 0x5c, 0xc8, 0x94, 0xe3, 0x96, 0xf7, 0x08, 0xcc, 0x53, 0xd3, 0x7e,
    0xe3, 0x4c, 0x3e, 0xe2, 0x23, 0x3a, 0x6f, 0x74, 0x89, 0x74, 0x2c, 0x3e, 0xe2, 0x23, 0xfa, 0x6d, 0x48, 0xc7, 0xea,
    0xd7, 0x3e, 0xe2, 0x23, 0x36, 0xb5, 0x08, 0x4e, 0x53, 0xd9, 0x3e, 0xe2, 0x23, 0x36, 0x6f, 0x71, 0x8b, 0xe8, 0xd3,
    0x78, 0xed, 0x23, 0x3e, 0xa2, 0xd3, 0x56, 0xe7, 0x48, 0x47, 0xe4, 0x33, 0x80, 0xa4, 0xf8, 0x88, 0x8f, 0xe8, 0xb8,
    0x15, 0x06, 0x28, 0x11, 0x31, 0x55, 0xc0, 0xe2, 0xd3, 0x3e, 0x62, 0x4a, 0x8c, 0xc0, 0x3c, 0xbb, 0xdf, 0x38, 0x93,
    0x8f, 0xf8, 0x88, 0xd9, 0x25, 0xd2, 0x11, 0xf9, 0x88, 0x8f, 0xe8, 0xb9, 0xdd, 0x29, 0x40, 0x33, 0xf4, 0x3e, 0xe2,
    0x23, 0xba, 0x6e, 0x72, 0xcb, 0xea, 0xd3, 0x38, 0xed, 0x23, 0x3e, 0xa2, 0xd7, 0xa6, 0xb7, 0x48, 0xc7, 0x52, 0xe3,
    0x3e, 0xe2, 0x23, 0x7a, 0x6f, 0x7d, 0x89, 0x44, 0x05, 0x3e, 0xe2, 0x23, 0xbb, 0x6d, 0x7c, 0x89, 0xea, 0xd7, 0x3e,
    0xe2, 0x23, 0x7b, 0x6d, 0x52, 0x8a, 0xe0, 0x34, 0x95, 0x8f, 0xf8, 0x88, 0xbd, 0x5f, 0x01, 0x64, 0x1d, 0xc8, 0x42,
    0xf8, 0x81, 0x33, 0x60, 0x3e, 0xe2, 0x23, 0x38, 0x6f, 0x7e, 0xc9, 0xea, 0xd7, 0x3e, 0xe2, 0x23, 0xfb, 0x6d, 0x3e,
    0x87, 0x74, 0x2c, 0x3e, 0xe2, 0x23, 0xf6, 0xc3, 0x48, 0x47, 0xe4, 0x33, 0x80, 0xa4, 0xf8, 0x88, 0x8f, 0x58, 0x11,
    0xe2, 0x44, 0x75, 0xee, 0x23, 0x3e, 0x62, 0x40, 0x87, 0x74, 0x44, 0x3e, 0xe2, 0x23, 0xb6, 0xa7, 0x38, 0x51, 0x9d,
    0xfb, 0x88, 0x8f, 0xec, 0xb4, 0x65, 0x25, 0xd2, 0xb1, 0xf8, 0x88, 0x8f, 0xdc, 0xb9, 0x69, 0x39, 0xd2, 0x11, 0xf9,
    0x0c, 0x20, 0x29, 0x3e, 0xe2, 0x23, 0xb7, 0x6e, 0x56, 0x8b, 0xe8, 0xd3, 0x78, 0xed, 0x23, 0x3e, 0x72, 0xdb, 0x00,
    0x00, 0x00, 0x00, 0x01, 0x31, 0x00, 0x00, 0x04, 0x00, 0x00, 0x00, 0x5b, 0x06, 0x4e, 0x3a, 0xb6, 0x0c, 0x7a, 0x20,
    0x1d, 0x5b, 0x06, 0x5c, 0x90, 0x0e, 0x00, 0x00, 0x00, 0x00, 0x00, 0x00, 0x61, 0x20, 0x00, 0x00, 0x15, 0x02, 0x00,
    0x00, 0x13, 0x04, 0x4d, 0x2c, 0x10, 0x00, 0x00, 0x00, 0x09, 0x00, 0x00, 0x00, 0x94, 0x8c, 0x00, 0x10, 0x33, 0x02,
    0x40, 0x49, 0x01, 0x02, 0x02, 0x02, 0x82, 0x90, 0x50, 0x7e, 0x94, 0x94, 0x00, 0x09, 0x35, 0x40, 0x49, 0x11, 0x94,
    0x01, 0x45, 0x33, 0x00, 0x44, 0x8e, 0x45, 0x00, 0x81, 0x30, 0x00, 0x63, 0x08, 0x8c, 0x32, 0x86, 0xc0, 0x2c, 0x23,
    0x06, 0x46, 0x03, 0x82, 0x60, 0xd0, 0xac, 0x81, 0xb0, 0x8c, 0x18, 0x18, 0x0d, 0x08, 0x82, 0x41, 0xc3, 0x06, 0x02,
    0x73, 0x81, 0xb0, 0xc3, 0x0d, 0x41, 0x43, 0x06, 0xb3, 0x0c, 0x81, 0x10, 0x24, 0x21, 0x40, 0x12, 0x02, 0x9c, 0x10,
    0x4c, 0x06, 0x49, 0xcc, 0x12, 0x0c, 0x03, 0x15, 0x42, 0x27, 0x88, 0x01, 0x30, 0x50, 0x91, 0x64, 0x82, 0x1a, 0x00,
    0x03, 0x15, 0xc9, 0x24, 0xb0, 0x01, 0x70, 0xc2, 0x74, 0x49, 0x24, 0x71, 0x4d, 0x80, 0x17, 0x58, 0x7a, 0x01, 0xb1,
    0xc3, 0x0d, 0xc1, 0x43, 0x06, 0x97, 0x15, 0x37, 0xdd, 0xe0, 0x05, 0xc2, 0x05, 0xc9, 0x4e, 0x37, 0x80, 0xc1, 0x44,
    0x9c, 0x11, 0x04, 0x3a, 0x1d, 0x08, 0x0c, 0x37, 0x3c, 0x68, 0x00, 0x06, 0xb3, 0x0c, 0x83, 0x10, 0x0c, 0x54, 0x24,
    0x62, 0x10, 0x28, 0xc2, 0x18, 0xc2, 0x19, 0x84, 0xc1, 0x18, 0xc2, 0x19, 0x88, 0xc1, 0x88, 0x81, 0xd1, 0x80, 0x20,
    0x18, 0x34, 0xa6, 0x20, 0x98, 0xc1, 0x88, 0x81, 0xd1, 0x80, 0x20, 0x18, 0x34, 0xa7, 0x20, 0x9c, 0xc1, 0x05, 0xc2,
    0x0e, 0x37, 0x04, 0x68, 0x40, 0x06, 0xb3, 0x0c, 0x44, 0x11, 0x24, 0x21, 0x40, 0x12, 0x02, 0x9c, 0x10, 0x4c, 0x06,
    0x49, 0xcc, 0x12, 0x18, 0x03, 0x15, 0x42, 0x57, 0xe0, 0xc2, 0x30, 0x50, 0x91, 0x64, 0x05, 0x38, 0x0c, 0x03, 0x15,
    0xc9, 0x54, 0x88, 0xc3, 0x70, 0x82, 0x1b, 0x5c, 0x12, 0x49, 0x5c, 0x13, 0xe0, 0x05, 0x71, 0xa0, 0x17, 0x10, 0x3b,
    0xdc, 0x10, 0x3c, 0x64, 0x70, 0x74, 0x50, 0xdc, 0x74, 0x43, 0x1e, 0x04, 0xc2, 0x05, 0xc9, 0x4e, 0x37, 0xec, 0xc1,
    0x44, 0x9c, 0x11, 0x04, 0x3a, 0x78, 0x00, 0x02, 0xc3, 0x0d, 0xcf, 0x28, 0x80, 0xc1, 0x2c, 0x83, 0x51, 0x04, 0x03,
    0x15, 0x89, 0x18, 0x10, 0x4a, 0x31, 0x86, 0x20, 0x0a, 0x7a, 0x30, 0x86, 0x20, 0x0a, 0x7b, 0x30, 0x62, 0x60, 0x34,
    0x20, 0x08, 0x06, 0x4d, 0x38, 0x08, 0xa1, 0x30, 0x62, 0x60, 0x34, 0x20, 0x08, 0x06, 0x8d, 0x38, 0x08, 0xa2, 0x70,
    0x81, 0xb0, 0xc3, 0x0d, 0xc1, 0x28, 0x90, 0xc1, 0x2c, 0xc3, 0x81, 0x04, 0x49, 0x08, 0x90, 0x84, 0x00, 0x27, 0x04,
    0x93, 0x41, 0x12, 0xb3, 0x04, 0xc9, 0x40, 0x85, 0xd0, 0x21, 0x2e, 0x61, 0x0c, 0x54, 0x24, 0x19, 0x62, 0x13, 0xc6,
    0x40, 0x45, 0x32, 0x21, 0x38, 0x61, 0x9c, 0x90, 0x0a, 0x97, 0x44, 0x12, 0xd7, 0x04, 0x78, 0x01, 0x2b, 0xe8, 0x05,
    0xc4, 0x0e, 0x37, 0x04, 0x0f, 0x19, 0xdc, 0x2b, 0x14, 0x37, 0xdd, 0x40, 0x0b, 0x81, 0x70, 0x41, 0xb2, 0xd3, 0x0d,
    0xb6, 0x30, 0x11, 0x67, 0x04, 0x81, 0xce, 0x2c, 0x80, 0xc0, 0x70, 0xc3, 0xe3, 0x0b, 0x60, 0x30, 0xcb, 0x90, 0x20,
    0xc1, 0x40, 0x45, 0x22, 0x06, 0x87, 0x82, 0x8c, 0x21, 0xf4, 0x02, 0x2d, 0x8c, 0x21, 0xf4, 0x42, 0x2d, 0x8c, 0x18,
    0x18, 0x0d, 0x08, 0x82, 0x41, 0xc3, 0x0f, 0x02, 0x2f, 0x8c, 0x18, 0x18, 0x0d, 0x08, 0x82, 0x41, 0xd3, 0x0f, 0x42,
    0x2f, 0x5c, 0x20, 0xec, 0x70, 0x43, 0xe0, 0x0b, 0x64, 0x30, 0xcb, 0xa0, 0x2c, 0x41, 0x12, 0x02, 0x24, 0x21, 0xc0,
    0x09, 0xc1, 0x64, 0x90, 0xc4, 0x2c, 0x01, 0x33, 0x50, 0x21, 0x74, 0x0b, 0x69, 0x24, 0x03, 0x15, 0x49, 0xb6, 0xb0,
    0x46, 0x32, 0x50, 0x91, 0x4c, 0x8b, 0x6b, 0x24, 0x27, 0x90, 0xc3, 0x25, 0x91, 0xc4, 0x35, 0x01, 0x5e, 0x70, 0x0e,
    0x7a, 0x01, 0xb1, 0xc3, 0x0d, 0xc1, 0x43, 0x06, 0xa7, 0x0e, 0xc5, 0x4d, 0x37, 0xbc, 0x43, 0x20, 0x5c, 0x90, 0xec,
    0x74, 0x43, 0x3c, 0x4c, 0xc4, 0x19, 0x41, 0xa0, 0xe3, 0x0e, 0x20, 0x30, 0xdc, 0xf0, 0xe4, 0x03, 0x18, 0xcc, 0x32,
    0x30, 0x4b, 0x30, 0x50, 0x91, 0x88, 0x81, 0xa2, 0x2c, 0xb7, 0x0e, 0xec, 0xc0, 0xc3, 0x0d, 0xc1, 0x3d, 0xa0, 0xc1,
    0xe1, 0x03, 0x2d, 0xc4, 0x74, 0x43, 0x50, 0x0b, 0xc2, 0x1c, 0x83, 0x3c, 0x04, 0xfa, 0x70, 0xb5, 0x60, 0x0b, 0x3c,
    0xdc, 0x10, 0xf0, 0x03, 0x1a, 0x5c, 0x3f, 0xf8, 0x41, 0x4c, 0x37, 0x04, 0x7f, 0x20, 0xcc, 0x31, 0x14, 0xc1, 0x3e,
    0xdc, 0x1f, 0x80, 0x02, 0x0f, 0x37, 0x04, 0x21, 0x81, 0x06, 0x27, 0x12, 0x68, 0x10, 0xd3, 0x0d, 0x41, 0x1a, 0x08,
    0x73, 0x0c, 0xfc, 0x10, 0x90, 0xc4, 0xa5, 0x81, 0x1a, 0xf0, 0x99, 0x44, 0x14, 0xc3, 0x0d, 0xc2, 0x49, 0xa0, 0xc1,
    0x74, 0x83, 0x30, 0x05, 0x73, 0x0c, 0x45, 0x50, 0x12, 0x83, 0x0c, 0x4b, 0x10, 0x12, 0x1b, 0x84, 0x03, 0x01, 0x00,
    0x00, 0x61, 0x01, 0x00, 0x00, 0x87, 0x20, 0x59, 0x07, 0xb2, 0x10, 0x7e, 0xe0, 0x0c, 0x98, 0x8f, 0xf8, 0x88, 0x8f,
    0xd8, 0xbc, 0x15, 0x3d, 0x02, 0xf3, 0xd4, 0xb4, 0xdf, 0x38, 0x93, 0x8f, 0xf8, 0x88, 0x8f, 0x18, 0x6b, 0x80, 0x13,
    0x11, 0x53, 0x05, 0x2c, 0x3e, 0xed, 0x23, 0x3e, 0x92, 0xef, 0x16, 0xe4, 0x48, 0x47, 0xe4, 0x33, 0x80, 0xa4, 0xf8,
    0x88, 0x8f, 0xf8, 0x88, 0x1d, 0x29, 0x4e, 0x54, 0xe7, 0x3e, 0xe2, 0x23, 0x3e, 0x62, 0x43, 0x0a, 0xd0, 0x0c, 0xbd,
    0x8f, 0xf8, 0x88, 0x8f, 0x98, 0x50, 0x22, 0x1d, 0x91, 0x8f, 0xf8, 0x88, 0x8f, 0x1c, 0xc1, 0x83, 0x14, 0xfe, 0x74,
    0x10, 0x8d, 0x8f, 0xf8, 0x48, 0x5d, 0xfb, 0x88, 0xd9, 0x2d, 0xd2, 0xb1, 0xf8, 0x88, 0x8f, 0xf8, 0x48, 0x9d, 0x5b,
    0x68, 0xc0, 0x21, 0x51, 0x81, 0x8f, 0xf8, 0x88, 0xf9, 0x2c, 0xab, 0x4f, 0xe3, 0xb4, 0x8f, 0xf8, 0x88, 0x8f, 0x18,
    0xde, 0x22, 0x1d, 0x91, 0x8f, 0xf8, 0x88, 0x8f, 0xd4, 0xbb, 0xe5, 0x28, 0x82, 0xd3, 0x54, 0x3e, 0xe2, 0x23, 0x3e,
    0x62, 0xa6, 0x01, 0x89, 0x44, 0x05, 0x3e, 0x72, 0xd7, 0x3e, 0x62, 0x59, 0xcd, 0xea, 0xd3, 0x38, 0xed, 0x23, 0x3e,
    0x52, 0xdf, 0x3e, 0x62, 0x65, 0xcb, 0xea, 0xd7, 0x3e, 0xe2, 0x23, 0x76, 0xee, 0x23, 0x66, 0xd6, 0x48, 0x54, 0x50,
    0xeb, 0x3e, 0xe2, 0x23, 0xb6, 0xee, 0x23, 0x06, 0x18, 0xb0, 0xac, 0x7e, 0xed, 0x23, 0x3e, 0xe2, 0x23, 0x76, 0x6e,
    0x71, 0xca, 0x80, 0x54, 0x3e, 0xe2, 0x23, 0x3e, 0xd2, 0x9b, 0x63, 0xc0, 0x23, 0xfa, 0x34, 0x5e, 0xfb, 0x88, 0x8f,
    0xd4, 0xb6, 0x8f, 0xdc, 0xba, 0x9d, 0x41, 0x02, 0xf3, 0xec, 0x7e, 0xe3, 0x4c, 0x3e, 0xe2, 0x23, 0xf6, 0xee, 0x23,
    0x37, 0x90, 0xfd, 0xff, 0x13, 0x11, 0x82, 0xc3, 0x3c, 0xc8, 0x42, 0x0c, 0xbf, 0x34, 0x20, 0x95, 0x4f, 0x5c, 0xc8,
    0xe4, 0x23, 0xf6, 0x18, 0xf0, 0xac, 0x3e, 0x8d, 0xd3, 0x3e, 0xe2, 0x23, 0xf5, 0xed, 0x23, 0xf7, 0x6e, 0x91, 0x01,
    0x8d, 0x74, 0x2c, 0x3e, 0xe2, 0x23, 0x75, 0xee, 0x23, 0x77, 0x6f, 0x9e, 0x01, 0x8d, 0xea, 0xdb, 0x3e, 0xe2, 0x23,
    0x76, 0xef, 0x23, 0xf9, 0x6d, 0x9d, 0x01, 0x92, 0xc0, 0x3c, 0xbb, 0xdf, 0x38, 0x93, 0x8f, 0xf8, 0x88, 0xbd, 0xfb,
    0x48, 0x5e, 0xdb, 0x6b, 0xc0, 0x22, 0x51, 0x81, 0x8f, 0xdc, 0xb5, 0x8f, 0xe4, 0xbd, 0x7d, 0x06, 0x1c, 0x97, 0x13,
    0xf9, 0x88, 0x8f, 0x1c, 0x40, 0x41, 0x34, 0x53, 0x84, 0x99, 0x64, 0x80, 0x24, 0x1d, 0x91, 0xcf, 0x00, 0x92, 0xe2,
    0x23, 0x3e, 0x52, 0xeb, 0x3e, 0x82, 0xd3, 0xb6, 0x1a, 0x90, 0x48, 0x54, 0xe0, 0x23, 0x3e, 0x92, 0xeb, 0xe6, 0x1a,
    0xb0, 0x5c, 0x4e, 0xe4, 0x23, 0x37, 0xed, 0x23, 0x39, 0x6f, 0x4c, 0x8e, 0xc0, 0x3c, 0xbb, 0xdf, 0x38, 0x93, 0x8f,
    0xf8, 0x88, 0x8f, 0x18, 0x4a, 0xd0, 0x59, 0x5d, 0xa3, 0xfa, 0xf4, 0xdd, 0xfb, 0x88, 0x8f, 0xf8, 0x48, 0x8d, 0xdb,
    0x66, 0x40, 0xb3, 0xfa, 0xb5, 0x8f, 0xf8, 0x88, 0x9d, 0xfb, 0x08, 0xde, 0xdb, 0x49, 0x70, 0x9a, 0x5c, 0x23, 0x38,
    0x4d, 0x75, 0xfb, 0x88, 0x8f, 0xf8, 0x48, 0x4d, 0x9b, 0x65, 0xc0, 0x24, 0x30, 0x4f, 0x4d, 0xfb, 0x8d, 0x33, 0xf9,
    0x88, 0x8f, 0xd8, 0xb4, 0x8f, 0xe0, 0xb8, 0xf1, 0x2c, 0x82, 0xd3, 0x54, 0xb7, 0x8f, 0xf8, 0x88, 0x8f, 0xdc, 0xc1,
    0x83, 0x14, 0xfe, 0x74, 0x10, 0x8d, 0x8f, 0xf8, 0x88, 0x8f, 0xd4, 0xb5, 0x61, 0x35, 0xa2, 0x4f, 0xe3, 0xb5, 0x8f,
    0xf8, 0x48, 0x6d, 0xfb, 0x88, 0xcd, 0x35, 0xa2, 0x4f, 0xe3, 0xb5, 0x8f, 0xf8, 0x88, 0x8f, 0xd4, 0xb6, 0x35, 0x06,
    0x3c, 0x82, 0xd3, 0x54, 0xb7, 0x8f, 0xf8, 0x48, 0x4d, 0xfb, 0xc8, 0x8d, 0x5b, 0xd7, 0x22, 0x1d, 0x91, 0x8f, 0xf8,
    0x48, 0xbd, 0xfb, 0x88, 0x79, 0x31, 0x40, 0x33, 0xf4, 0x3e, 0xe2, 0x23, 0x35, 0xef, 0x23, 0x36, 0xb6, 0xa8, 0x7e,
    0xed, 0x23, 0x3e, 0x62, 0xdf, 0x3e, 0x62, 0x97, 0x01, 0x8f, 0x74, 0x2c, 0x35, 0xee, 0x23, 0x3e, 0x62, 0xd7, 0x3e,
    0x82, 0xe7, 0x67, 0x80, 0xfd, 0xff, 0x13, 0x11, 0x82, 0xc3, 0x3c, 0xc8, 0x42, 0x0c, 0xbf, 0x34, 0x20, 0x95, 0xed,
    0x13, 0x17, 0x32, 0x19, 0x1c, 0x23, 0x38, 0x4d, 0x65, 0xfb, 0x88, 0x8f, 0xf8, 0x08, 0x7f, 0x09, 0xdb, 0xff, 0x3f,
    0x11, 0x21, 0x38, 0xcc, 0x83, 0x2c, 0xc4, 0xf0, 0x4b, 0x03, 0x52, 0xf9, 0xc4, 0x85, 0x4c, 0x3e, 0x72, 0xd3, 0x96,
    0x94, 0x48, 0x54, 0xe0, 0x23, 0x3e, 0xe2, 0x23, 0x16, 0xd6, 0x48, 0xc7, 0x52, 0xe3, 0x3e, 0xe2, 0x23, 0x76, 0xed,
    0x23, 0xc6, 0xd7, 0x48, 0xc7, 0x52, 0xe3, 0x3e, 0xe2, 0x23, 0x3e, 0x62, 0xd7, 0x06, 0x1a, 0xf0, 0x4c, 0x4e, 0xe0,
    0x38, 0x8b, 0xdf, 0x38, 0x53, 0xef, 0x23, 0x3e, 0x62, 0x95, 0x01, 0x8c, 0x13, 0xf9, 0x88, 0x8f, 0xd4, 0xbd, 0x8f,
    0xe0, 0xb7, 0x89, 0x06, 0x30, 0x11, 0x31, 0x55, 0xc0, 0xe2, 0xd3, 0x3e, 0xe2, 0x23, 0x76, 0x1a, 0xe0, 0x44, 0xc4,
    0x54, 0x01, 0x8b, 0x4f, 0xfb, 0xc8, 0x7d, 0xfb, 0x88, 0x59, 0x29, 0x03, 0x52, 0xf9, 0x88, 0x8f, 0xf4, 0x3e, 0x62,
    0x55, 0x8c, 0xe0, 0x34, 0x95, 0xed, 0x23, 0x3e, 0xc2, 0xfb, 0x88, 0x31, 0x06, 0x30, 0x03, 0x52, 0xf9, 0x88, 0x8f,
    0xf4, 0x3e, 0x72, 0xdf, 0xb6, 0x18, 0xe0, 0x08, 0x4e, 0x53, 0xd9, 0x3e, 0xe2, 0x23, 0xbc, 0x8f, 0xdc, 0xb6, 0x01,
    0x25, 0xd2, 0xb1, 0xf8, 0x88, 0x8f, 0xf8, 0x88, 0xe9, 0x2c, 0x82, 0xd3, 0x54, 0xb6, 0x8f, 0xf8, 0x88, 0x8f, 0xd8,
    0x97, 0xe2, 0x44, 0x3e, 0xe2, 0x23, 0x75, 0xef, 0x23, 0x17, 0xd0, 0x20, 0x85, 0x3f, 0x1d, 0x44, 0xe3, 0x23, 0x3e,
    0xe2, 0x23, 0x46, 0xb5, 0x08, 0x4e, 0x53, 0xf9, 0x88, 0x8f, 0xec, 0x3e, 0x62, 0x5c, 0x90, 0x74, 0x44, 0x3e, 0x03,
    0x48, 0x8a, 0x8f, 0xf8, 0x48, 0xad, 0xfb, 0x88, 0xf5, 0x2c, 0xa2, 0x4f, 0xe3, 0xb5, 0x8f, 0xf8, 0x88, 0x8f, 0x18,
    0xd9, 0x22, 0x51, 0x81, 0x8f, 0xf8, 0x88, 0x8d, 0xfb, 0x88, 0xdd, 0x41, 0xd2, 0x11, 0xf9, 0x0c, 0x20, 0x29, 0x3e,
    0xe2, 0x23, 0x3e, 0x52, 0xeb, 0x66, 0xb4, 0x48, 0xc7, 0x52, 0xe3, 0x3e, 0xe2, 0x23, 0x3e, 0x72, 0x0a, 0x11, 0x52,
    0xf8, 0xd3, 0x41, 0x34, 0x3e, 0xe2, 0x23, 0x75, 0xed, 0x23, 0x77, 0x6e, 0xb0, 0x01, 0xd3, 0xe4, 0x04, 0x8e, 0xb3,
    0xf8, 0x8d, 0x33, 0xf5, 0x3e, 0x72, 0xdb, 0x3e, 0xa2, 0xd3, 0xc6, 0x19, 0xf0, 0x48, 0x54, 0x50, 0xeb, 0x3e, 0xe2,
    0x23, 0xb6, 0xee, 0x23, 0x39, 0x6d, 0x82, 0x01, 0x90, 0xc0, 0x3c, 0xbb, 0xdf, 0x38, 0x93, 0x8f, 0xf8, 0x88, 0x8f,
    0xd8, 0xbb, 0x81, 0x45, 0x02, 0xf3, 0xd4, 0xb4, 0xdf, 0x38, 0x93, 0x8f, 0xf8, 0x88, 0x4d, 0xfb, 0x88, 0xc5, 0x06,
    0x40, 0x11, 0x31, 0x55, 0xc0, 0xe2, 0xd3, 0x3e, 0x72, 0xdf, 0x3e, 0xa2, 0xd7, 0x46, 0x1a, 0x90, 0x5c, 0x4e, 0xe4,
    0x23, 0x37, 0xed, 0x23, 0xd6, 0xc7, 0x38, 0x51, 0x9d, 0xfb, 0x88, 0x8f, 0xf8, 0x88, 0x6d, 0xdb, 0xdb, 0x22, 0x38,
    0x4d, 0xe5, 0x23, 0x3e, 0xe2, 0x23, 0xbb, 0x2d, 0x2d, 0x12, 0x15, 0xd4, 0xba, 0x8f, 0xf8, 0x88, 0x8f, 0x58, 0x53,
    0xa2, 0xfa, 0xb6, 0x8f, 0xf8, 0x88, 0x8f, 0xd8, 0x64, 0x40, 0x23, 0x1d, 0x91, 0x8f, 0xf8, 0x48, 0xbd, 0xfb, 0x08,
    0x5e, 0xdb, 0xcf, 0xa2, 0xfa, 0xf4, 0xdd, 0xfb, 0x88, 0x8f, 0xf8, 0x88, 0x51, 0x06, 0x38, 0x40, 0x33, 0xf4, 0x3e,
    0xe2, 0x23, 0x35, 0xef, 0x23, 0xb8, 0x6d, 0x9a, 0x01, 0x8d, 0x44, 0x05, 0x3e, 0xe2, 0x23, 0x36, 0xee, 0x23, 0x38,
    0x7f, 0x05, 0x92, 0x75, 0x20, 0x0b, 0xe1, 0x07, 0xce, 0x80, 0xf9, 0x88, 0x8f, 0xd8, 0xbc, 0x8f, 0x98, 0x56, 0xa3,
    0xfa, 0xf4, 0xdd, 0xfb, 0x88, 0x8f, 0xd4, 0xb8, 0x8f, 0x18, 0x11, 0xe2, 0x44, 0x3e, 0xe2, 0x23, 0x3e, 0x62, 0x99,
    0x01, 0x8d, 0xea, 0xd7, 0x3e, 0xe2, 0x23, 0xf6, 0xed, 0x23, 0xf8, 0x6e, 0xaa, 0x01, 0xd1, 0xe4, 0x04, 0x8e, 0xb3,
    0xf8, 0x8d, 0x33, 0xf5, 0x3e, 0xe2, 0x23, 0x79, 0x7e, 0x0c, 0xda, 0xff, 0x3f, 0x11, 0x21, 0x38, 0xcc, 0x83, 0x2c,
    0xc4, 0xf0, 0x4b, 0x03, 0x52, 0xd9, 0x3e, 0x71, 0x21, 0x93, 0x6e, 0xdf, 0x02, 0x65, 0x1d, 0xc8, 0x42, 0xf8, 0x81,
    0x33, 0x60, 0x3e, 0xe2, 0x23, 0x36, 0xef, 0x23, 0xb9, 0x6d, 0x57, 0x8d, 0xe0, 0x34, 0xd5, 0xed, 0x23, 0x3e, 0x52,
    0xd3, 0x3e, 0x62, 0x7a, 0x8a, 0x13, 0xf9, 0x88, 0x8f, 0xf8, 0x48, 0xdd, 0x1b, 0x64, 0xc0, 0xa3, 0xfa, 0xf4, 0xdd,
    0xfb, 0x88, 0x8f, 0xd4, 0xb8, 0x8f, 0xdc, 0xbc, 0x6d, 0x2d, 0xd2, 0xb1, 0xf8, 0x88, 0x8f, 0xd4, 0xb9, 0x8f, 0xd8,
    0xdf, 0x22, 0x51, 0x81, 0x8f, 0xf8, 0x88, 0x8f, 0xd8, 0xb8, 0x29, 0x06, 0x34, 0x82, 0xd3, 0x54, 0x3e, 0xe2, 0x23,
    0xbb, 0x8f, 0xdc, 0xf5, 0x09, 0x40, 0xd6, 0x81, 0x2c, 0x84, 0x1f, 0x38, 0x03, 0xe6, 0x23, 0x3e, 0xe2, 0x23, 0x96,
    0xc7, 0x00, 0xcd, 0xd0, 0xfb, 0x88, 0x8f, 0xf8, 0x48, 0xcd, 0x1b, 0x5d, 0xb3, 0xfa, 0x34, 0x4e, 0xfb, 0x88, 0x8f,
    0xf8, 0x48, 0x7d, 0x5b, 0x60, 0x40, 0x23, 0x51, 0x41, 0xad, 0xfb, 0x88, 0x8f, 0xf8, 0x88, 0xad, 0x9b, 0xdf, 0xa2,
    0xfa, 0xb5, 0x8f, 0xf8, 0x88, 0x8f, 0xd8, 0xb7, 0xa1, 0x2d, 0xaa, 0x6f, 0xfb, 0x88, 0x8f, 0xd8, 0xbd, 0x8f, 0xd8,
    0x60, 0xc0, 0xa2, 0xfa, 0xb6, 0x8f, 0xf8, 0x88, 0x8f, 0xd8, 0xbd, 0x61, 0x06, 0x38, 0x4e, 0x54, 0xe7, 0x3e, 0xe2,
    0x23, 0xb6, 0xed, 0x23, 0xb8, 0x6e, 0x7b, 0x91, 0xc0, 0x3c, 0x35, 0xed, 0x37, 0xce, 0xe4, 0x23, 0x3e, 0xe2, 0x23,
    0x36, 0x6d, 0x3b, 0xc9, 0x80, 0x54, 0x3e, 0xe2, 0x23, 0x3e, 0x62, 0x62, 0x8c, 0x13, 0xd5, 0xb9, 0x8f, 0xf8, 0x88,
    0x6d, 0xfb, 0x88, 0xa5, 0x06, 0x24, 0x97, 0x13, 0xf9, 0x88, 0x8f, 0xe4, 0xb8, 0x21, 0x25, 0xaa, 0x5f, 0xfb, 0x88,
    0x8f, 0xf8, 0x88, 0x29, 0x25, 0xab, 0x5f, 0xfb, 0x88, 0x8f, 0xf8, 0x88, 0x95, 0x06, 0x44, 0x93, 0x13, 0x38, 0xce,
    0xe2, 0x37, 0xce, 0xd4, 0xfb, 0xc8, 0x6d, 0xfb, 0x08, 0x00, 0x00, 0x01, 0x31, 0x00, 0x00, 0x05, 0x00, 0x00, 0x00,
    0x5b, 0x06, 0x4e, 0x3a, 0xb6, 0x0c, 0x7a, 0x20, 0x1d, 0x5b, 0x06, 0x5c, 0x90, 0x8e, 0x2d, 0x83, 0x3d, 0x48, 0x07,
    0x00, 0x00, 0x00, 0x00, 0x00, 0x61, 0x20, 0x00, 0x00, 0xad, 0x04, 0x00, 0x00, 0x13, 0x04, 0x59, 0x2c, 0x10, 0x00,
    0x00, 0x00, 0x0d, 0x00, 0x00, 0x00, 0x94, 0x8c, 0x00, 0x10, 0x33, 0x02, 0x40, 0x49, 0x01, 0x02, 0x02, 0x02, 0x82,
    0x90, 0x50, 0x7e, 0x94, 0x94, 0x00, 0x09, 0x35, 0x40, 0x49, 0x11, 0x94, 0x41, 0x21, 0x94, 0x42, 0x31, 0x94, 0x03,
    0x45, 0x33, 0x00, 0x44, 0x8e, 0x45, 0x00, 0x81, 0x30, 0x50, 0x39, 0x16, 0x02, 0x04, 0xc2, 0x40, 0x14, 0xc6, 0x01,
    0x00, 0x63, 0x08, 0xd1, 0x33, 0x86, 0x10, 0x41, 0x23, 0x06, 0x46, 0x03, 0x82, 0x60, 0xd0, 0xc0, 0x81, 0x00, 0x8d,
    0x18, 0x18, 0x0d, 0x08, 0x82, 0x41, 0x13, 0x07, 0x42, 0x74, 0x81, 0xb0, 0xc3, 0x0d, 0x81, 0x44, 0x06, 0xb3, 0x0c,
    0x81, 0x10, 0x24, 0x21, 0x40, 0x12, 0x02, 0x9c, 0x10, 0x4c, 0x06, 0x49, 0xcc, 0x12, 0x0c, 0x03, 0x15, 0x42, 0x27,
    0xb0, 0x01, 0x30, 0x50, 0x91, 0x64, 0x02, 0x1d, 0x00, 0x03, 0x15, 0xc9, 0x24, 0xd8, 0x01, 0x70, 0x02, 0x76, 0x49,
    0x24, 0x71, 0x4d, 0x80, 0x17, 0x6c, 0x7a, 0x01, 0xb1, 0xc3, 0x0d, 0xc1, 0x43, 0x06, 0xe7, 0x15, 0x37, 0xdd, 0x30,
    0x06, 0x81, 0x70, 0x41, 0xb2, 0xd3, 0x0d, 0x65, 0x30, 0x11, 0x67, 0x04, 0x81, 0x8e, 0x18, 0x80, 0xc0, 0x70, 0xc3,
    0xd3, 0x06, 0x60, 0x30, 0xcb, 0x30, 0x08, 0xc1, 0x40, 0x45, 0x22, 0x06, 0x81, 0x22, 0x8c, 0x21, 0xb0, 0x81, 0x19,
    0x8c, 0x21, 0xb0, 0xc1, 0x19, 0x8c, 0x18, 0x18, 0x0d, 0x08, 0x82, 0x41, 0xb3, 0x0a, 0xc2, 0x1a, 0x8c, 0x18, 0x18,
    0x0d, 0x08, 0x82, 0x41, 0xc3, 0x0a, 0x02, 0x1b, 0x5c, 0x20, 0xec, 0x70, 0x43, 0xd0, 0x06, 0x64, 0x30, 0xcb, 0x40,
    0x14, 0x41, 0x12, 0x02, 0x24, 0x21, 0xc0, 0x09, 0xc1, 0x64, 0x90, 0xc4, 0x2c, 0x81, 0x31, 0x50, 0x21, 0x74, 0x85,
    0x38, 0x0c, 0x03, 0x15, 0x49, 0x56, 0xa8, 0xc3, 0x30, 0x50, 0x91, 0x4c, 0x05, 0x3b, 0x0c, 0x27, 0xcc, 0xc1, 0x25,
    0x91, 0xc4, 0x35, 0x01, 0x5e, 0x60, 0x07, 0x7a, 0x01, 0xb1, 0xc3, 0x0d, 0xc1, 0x43, 0x06, 0x97, 0x07, 0xc5, 0x4d,
    0x37, 0xf8, 0x41, 0x20, 0x5c, 0x90, 0xec, 0x74, 0x03, 0x28, 0x4c, 0xc4, 0x19, 0x41, 0xa0, 0xd3, 0x07, 0x20, 0x30,
    0xdc, 0xf0, 0xa0, 0x02, 0x18, 0xcc, 0x32, 0x18, 0x45, 0x30, 0x50, 0x91, 0x88, 0x01, 0xa1, 0x14, 0x63, 0x08, 0xa7,
    0xf0, 0x07, 0x63, 0x08, 0xa7, 0x00, 0x0a, 0x23, 0x06, 0x46, 0x03, 0x82, 0x60, 0xd0, 0x98, 0x83, 0x60, 0x0a, 0x23,
    0x06, 0x46, 0x03, 0x82, 0x60, 0xd0, 0x9c, 0x83, 0x70, 0x0a, 0x17, 0x08, 0x3b, 0xdc, 0x10, 0xa0, 0x02, 0x19, 0xcc,
    0x32, 0x1c, 0x48, 0x90, 0x84, 0x00, 0x49, 0x08, 0x70, 0x42, 0x30, 0x19, 0x24, 0x31, 0x4b, 0x90, 0x0c, 0x54, 0x08,
    0x1d, 0x82, 0x13, 0xc6, 0x40, 0x45, 0x92, 0x21, 0x60, 0x61, 0x0c, 0x54, 0x24, 0x13, 0x22, 0x16, 0xc6, 0x09, 0xae,
    0x70, 0x49, 0x24, 0x71, 0x4d, 0x80, 0x17, 0xc4, 0x82, 0x5e, 0x40, 0xec, 0x70, 0x43, 0xf0, 0x90, 0xc1, 0xd1, 0x42,
    0x71, 0xd3, 0x0d, 0xb9, 0x10, 0x08, 0x17, 0x24, 0x3b, 0xdd, 0xb0, 0x0b, 0x13, 0x71, 0x46, 0x10, 0xe8, 0xe0, 0x02,
    0x08, 0x0c, 0x37, 0x3c, 0xe3, 0x00, 0x06, 0xb3, 0x0c, 0x09, 0x12, 0x0c, 0x54, 0x24, 0x62, 0x70, 0x28, 0xc8, 0x18,
    0x82, 0x38, 0xe4, 0xc2, 0x18, 0x82, 0x38, 0xe8, 0xc2, 0x88, 0x81, 0xd1, 0x80, 0x20, 0x18, 0x34, 0x21, 0x21, 0x84,
    0xc3, 0x88, 0x81, 0xd1, 0x80, 0x20, 0x18, 0x34, 0x22, 0x21, 0x88, 0xc3, 0x05, 0xc2, 0x0e, 0x37, 0x04, 0xe3, 0x40,
    0x06, 0xb3, 0x0c, 0xca, 0x12, 0x24, 0x21, 0x40, 0x12, 0x02, 0x9c, 0x10, 0x4c, 0x06, 0x49, 0xcc, 0x12, 0x30, 0x03,
    0x15, 0x42, 0xb7, 0xb8, 0x46, 0x32, 0x50, 0x91, 0x64, 0x8b, 0x6d, 0x24, 0x03, 0x15, 0xc9, 0xb4, 0xe0, 0x46, 0x72,
    0x42, 0x3a, 0x5c, 0x12, 0x49, 0x5c, 0x13, 0xe0, 0x05, 0xec, 0xa0, 0x17, 0x10, 0x3b, 0xdc, 0x10, 0x3c, 0x64, 0x70,
    0xef, 0x50, 0xdc, 0x74, 0x03, 0x3d, 0x04, 0xc2, 0x05, 0xc9, 0x4e, 0x37, 0xd8, 0xc3, 0x44, 0x9c, 0x11, 0x04, 0x3a,
    0xf3, 0x00, 0x02, 0xc3, 0x0d, 0x8f, 0x3f, 0x80, 0xc1, 0x2c, 0x03, 0xb3, 0x04, 0x03, 0x15, 0x89, 0x18, 0x28, 0xca,
    0x32, 0x86, 0xd0, 0x0f, 0xf3, 0x30, 0x86, 0xd0, 0x0f, 0xf4, 0x30, 0x62, 0x60, 0x34, 0x20, 0x08, 0x06, 0x0d, 0x4f,
    0x08, 0xfc, 0x30, 0x62, 0x60, 0x34, 0x20, 0x08, 0x06, 0x4d, 0x4f, 0x08, 0xfd, 0x70, 0x81, 0xb0, 0xc3, 0x0d, 0x81,
    0x3f, 0x90, 0xc1, 0x2c, 0x43, 0xe3, 0x04, 0x49, 0x08, 0x90, 0x84, 0x00, 0x27, 0x04, 0x93, 0x41, 0x12, 0xb3, 0x04,
    0xcf, 0x40, 0x85, 0xd0, 0x39, 0x24, 0xc2, 0x0c, 0x54, 0x24, 0x99, 0xc3, 0x22, 0xcc, 0x40, 0x45, 0x32, 0x39, 0x2e,
    0xc2, 0x9c, 0x40, 0x12, 0x97, 0x44, 0x12, 0xd7, 0x04, 0x78, 0xc1, 0x49, 0xe8, 0x05, 0xc4, 0x0e, 0x37, 0x04, 0x0f,
    0x19, 0x9c, 0x4a, 0x14, 0x37, 0xdd, 0xf0, 0x12, 0x81, 0x70, 0x41, 0xb2, 0xd3, 0x0d, 0x31, 0x31, 0x11, 0x67, 0x04,
    0x81, 0x8e, 0x4b, 0x80, 0xc0, 0x70, 0xc3, 0x93, 0x13, 0x60, 0x30, 0xcb, 0xf0, 0x38, 0xc1, 0x40, 0x45, 0x22, 0x06,
    0x8d, 0xe2, 0x8c, 0x21, 0xe0, 0x44, 0x4b, 0x8c, 0x21, 0xe0, 0x84, 0x4b, 0x8c, 0x18, 0x18, 0x0d, 0x08, 0x82, 0x41,
    0x73, 0x17, 0xc2, 0x4d, 0x8c, 0x18, 0x18, 0x0d, 0x08, 0x82, 0x41, 0x83, 0x17, 0x02, 0x4e, 0x5c, 0x20, 0xec, 0x70,
    0x43, 0x90, 0x13, 0x64, 0x30, 0xcb, 0x00, 0x45, 0x41, 0x12, 0x02, 0x24, 0x21, 0xc0, 0x09, 0xc1, 0x64, 0x90, 0xc4,
    0x2c, 0x81, 0x34, 0x50, 0x21, 0x74, 0x91, 0x9e, 0x3c, 0x03, 0x15, 0x49, 0x16, 0x89, 0xca, 0x33, 0x50, 0x91, 0x4c,
    0x11, 0xa9, 0x3c, 0x27, 0xfc, 0xc4, 0x25, 0x91, 0xc4, 0x35, 0x01, 0x5e, 0x20, 0x16, 0x7a, 0x01, 0xb1, 0xc3, 0x0d,
    0xc1, 0x43, 0x06, 0x57, 0x16, 0xc5, 0x4d, 0x37, 0xa8, 0x45, 0x20, 0x5c, 0x90, 0xec, 0x74, 0x03, 0x5b, 0x4c, 0xc4,
    0x19, 0x41, 0xa0, 0x93, 0x16, 0x20, 0x30, 0xdc, 0xf0, 0xd0, 0x05, 0x18, 0xcc, 0x32, 0x48, 0x51, 0x30, 0x50, 0x91,
    0x88, 0x01, 0xa4, 0x44, 0x63, 0x08, 0x73, 0x71, 0x16, 0x63, 0x08, 0x73, 0x81, 0x16, 0x23, 0x06, 0x46, 0x03, 0x82,
    0x60, 0xd0, 0xc8, 0x86, 0x20, 0x17, 0x23, 0x06, 0x46, 0x03, 0x82, 0x60, 0xd0, 0xcc, 0x86, 0x30, 0x17, 0x17, 0x08,
    0x3b, 0xdc, 0x10, 0xd0, 0x05, 0x19, 0xcc, 0x32, 0x4c, 0x54, 0x90, 0x84, 0x00, 0x49, 0x08, 0x70, 0x42, 0x30, 0x19,
    0x24, 0x31, 0x4b, 0x50, 0x0d, 0x54, 0x08, 0x1d, 0x05, 0x2f, 0xd2, 0x40, 0x45, 0x92, 0x51, 0xf8, 0x22, 0x0d, 0x54,
    0x24, 0x13, 0xa5, 0x2f, 0xd2, 0x09, 0x7a, 0x71, 0x49, 0x24, 0x71, 0x4d, 0x80, 0x17, 0xf4, 0x85, 0x5e, 0x40, 0xec,
    0x70, 0x43, 0xf0, 0x90, 0xc1, 0x81, 0x46, 0x71, 0xd3, 0x0d, 0xa5, 0x11, 0x08, 0x17, 0x24, 0x3b, 0xdd, 0x70, 0x1a,
    0x13, 0x71, 0x46, 0x10, 0xe8, 0x90, 0x06, 0x08, 0x0c, 0x37, 0x3c, 0xaf, 0x01, 0x06, 0xb3, 0x0c, 0x15, 0x15, 0x0c,
    0x54, 0x24, 0x62, 0x30, 0x29, 0xd4, 0x18, 0x82, 0x6b, 0x84, 0xc6, 0x18, 0x82, 0x6b, 0x88, 0xc6, 0x88, 0x81, 0xd1,
    0x80, 0x20, 0x18, 0x34, 0xed, 0x21, 0xb4, 0xc6, 0x88, 0x81, 0xd1, 0x80, 0x20, 0x18, 0x34, 0xee, 0x21, 0xb8, 0xc6,
    0x05, 0xc2, 0x0e, 0x37, 0x04, 0xaf, 0x41, 0x06, 0xb3, 0x0c, 0xd6, 0x15, 0x24, 0x21, 0x40, 0x12, 0x02, 0x9c, 0x10,
    0x4c, 0x06, 0x49, 0xcc, 0x12, 0x60, 0x03, 0x15, 0x42, 0x77, 0x99, 0x4d, 0x35, 0x50, 0x91, 0x64, 0x97, 0xdb, 0x54,
    0x03, 0x15, 0xc9, 0x74, 0xc1, 0x4d, 0x75, 0x42, 0x6d, 0x5c, 0x12, 0x49, 0x5c, 0x13, 0xe0, 0x05, 0xb8, 0xa1, 0x17,
    0x10, 0x3b, 0xdc, 0x10, 0x3c, 0x64, 0x70, 0xbb, 0x51, 0xdc, 0x74, 0x03, 0x78, 0x04, 0xc2, 0x05, 0xc9, 0x4e, 0x37,
    0x88, 0xc7, 0x44, 0x9c, 0x11, 0x04, 0x3a, 0xbf, 0x01, 0x02, 0xc3, 0x0d, 0x8f, 0x7a, 0x80, 0xc1, 0x2c, 0x03, 0x76,
    0x05, 0x03, 0x15, 0x89, 0x18, 0x58, 0xca, 0x75, 0xb7, 0x81, 0x1b, 0x3c, 0xdc, 0x10, 0xa0, 0x07, 0x1a, 0x5c, 0x7a,
    0x80, 0x46, 0x4c, 0x37, 0x04, 0xa1, 0x21, 0xcc, 0x31, 0xfc, 0x46, 0xb0, 0x1e, 0x17, 0x1a, 0xa2, 0xc1, 0xc3, 0x0d,
    0x41, 0x7b, 0xa0, 0xc1, 0xb9, 0x87, 0x5a, 0xc4, 0x74, 0x43, 0xb0, 0x16, 0xc2, 0x1c, 0x43, 0x11, 0xb0, 0xc7, 0xad,
    0x05, 0x5b, 0xf0, 0x70, 0x43, 0x20, 0x1f, 0x68, 0x70, 0xf3, 0x41, 0x13, 0x31, 0xdd, 0x10, 0xd4, 0x84, 0x30, 0xc7,
    0x90, 0x1e, 0x41, 0x7d, 0x5c, 0x4d, 0xd8, 0x04, 0x0f, 0x37, 0x04, 0xf7, 0x81, 0x06, 0x87, 0x1f, 0xfe, 0x10, 0xd3,
    0x0d, 0xc1, 0x3f, 0x08, 0x73, 0x0c, 0x45, 0x60, 0x1f, 0x83, 0x0c, 0x4b, 0xe0, 0x1e, 0x07, 0x12, 0x21, 0xc1, 0xc3,
    0x0d, 0x41, 0x7f, 0xa0, 0xc1, 0xf9, 0x47, 0x3a, 0xc4, 0x74, 0x43, 0xa0, 0x0e, 0xc2, 0x1c, 0x03, 0x7d, 0x04, 0x20,
    0x72, 0xea, 0xb0, 0x0e, 0x3c, 0xdc, 0x10, 0x88, 0x08, 0x1a, 0xdc, 0x88, 0xcc, 0x42, 0x4c, 0x37, 0x04, 0xb4, 0x20,
    0xcc, 0x31, 0x14, 0x41, 0x88, 0x1c, 0x2d, 0xd4, 0x02, 0x0f, 0x37, 0x04, 0x27, 0x82, 0x06, 0x87, 0x22, 0x7d, 0x10,
    0xd3, 0x0d, 0x81, 0x1f, 0x08, 0x73, 0x0c, 0xfe, 0x11, 0xa8, 0xc8, 0xf9, 0xc1, 0x1f, 0xf0, 0xb1, 0x88, 0x19, 0xc4,
    0x70, 0x83, 0xd0, 0x22, 0x68, 0x30, 0xdd, 0x20, 0xa0, 0x41, 0x30, 0xc7, 0x50, 0x04, 0x2b, 0x32, 0xc8, 0xb0, 0x04,
    0x23, 0x32, 0xc8, 0x60, 0x05, 0x23, 0xb2, 0x41, 0x38, 0x10, 0x00, 0x00, 0x4e, 0x03, 0x00, 0x00, 0x97, 0xd0, 0xfd,
    0xff, 0x13, 0x11, 0x82, 0xc3, 0x3c, 0xc8, 0x42, 0x0c, 0xbf, 0x34, 0x20, 0x95, 0x4f, 0x5c, 0xc8, 0xe4, 0x23, 0x37,
    0xed, 0x23, 0x66, 0x1e, 0x10, 0xa9, 0x3e, 0x7d, 0xf7, 0x3e, 0xe2, 0x23, 0x3e, 0x52, 0xe3, 0x3e, 0xa2, 0xdb, 0xb6,
    0x2a, 0x60, 0x4d, 0x4e, 0xe0, 0x38, 0x8b, 0xdf, 0x38, 0x53, 0xef, 0x23, 0xb7, 0xed, 0x23, 0x3e, 0x52, 0xd3, 0xbb,
    0xc1, 0x0a, 0x58, 0x93, 0x13, 0x38, 0xce, 0xe2, 0x37, 0xce, 0xd4, 0xfb, 0x88, 0x8f, 0xe4, 0xb9, 0x8f, 0xd4, 0x75,
    0x6d, 0x91, 0x02, 0xd1, 0xe4, 0x04, 0x8e, 0xb3, 0xf8, 0x8d, 0x33, 0xf5, 0x3e, 0xe2, 0x23, 0x3e, 0x62, 0xee, 0x01,
    0x90, 0x13, 0xd5, 0xb9, 0x8f, 0xf8, 0x88, 0x8f, 0xd8, 0xb6, 0x8f, 0xec, 0xb4, 0x11, 0x35, 0xaa, 0x4f, 0xdf, 0xbd,
    0x8f, 0xf8, 0x88, 0x8f, 0xf8, 0x88, 0x55, 0x07, 0x3c, 0x12, 0x15, 0xf8, 0x88, 0x8f, 0xd8, 0xb8, 0x8f, 0xf8, 0x08,
    0xce, 0x5b, 0x66, 0x00, 0x04, 0x34, 0x43, 0xef, 0x23, 0x3e, 0x52, 0xf3, 0x3e, 0x82, 0xdb, 0x3e, 0x62, 0x5a, 0x8e,
    0xe0, 0x34, 0x95, 0xed, 0x23, 0x3e, 0xc2, 0xfb, 0x88, 0x8f, 0x98, 0x7a, 0x00, 0x04, 0x34, 0x43, 0xef, 0x23, 0x3e,
    0xe2, 0x23, 0x35, 0xef, 0x23, 0xba, 0x6e, 0xff, 0x01, 0x93, 0xe8, 0xd3, 0x78, 0xed, 0x23, 0x3e, 0x52, 0xdb, 0x3e,
    0x72, 0xeb, 0x3e, 0xc2, 0xe3, 0x16, 0xd4, 0x08, 0x4e, 0x53, 0xdd, 0x3e, 0xe2, 0x23, 0x3e, 0xe2, 0x23, 0x16, 0x1d,
    0x50, 0x09, 0xcc, 0x53, 0xd3, 0x7e, 0xe3, 0x4c, 0x3e, 0xe2, 0x23, 0x36, 0xed, 0x23, 0x3e, 0x82, 0xe3, 0xf6, 0xc7,
    0x38, 0x91, 0x8f, 0xf8, 0x88, 0x8f, 0xd4, 0xbd, 0x8f, 0x5c, 0xc0, 0x83, 0x14, 0xfe, 0x74, 0x10, 0x8d, 0x8f, 0xf8,
    0x88, 0x8f, 0xf8, 0xc8, 0x11, 0x44, 0x48, 0xe1, 0x4f, 0x07, 0xd1, 0xf8, 0x88, 0x8f, 0xd4, 0xb5, 0x8f, 0xf8, 0x88,
    0x01, 0x0a, 0x4c, 0xab, 0x4f, 0xe3, 0xb4, 0x8f, 0xf8, 0x48, 0x7d, 0xfb, 0xc8, 0xbd, 0xfb, 0x08, 0x9f, 0x5b, 0x5a,
    0x23, 0x51, 0x81, 0x8f, 0xf8, 0x88, 0x8d, 0xfb, 0x88, 0x8f, 0x58, 0x65, 0x40, 0xa4, 0xfa, 0xf4, 0xdd, 0xfb, 0x88,
    0x8f, 0xd4, 0xb8, 0x8f, 0xdc, 0xbc, 0x8f, 0x18, 0x6d, 0x80, 0x03, 0x34, 0x43, 0xef, 0x23, 0x3e, 0xe2, 0x23, 0x3e,
    0x52, 0xf3, 0xe6, 0xc3, 0x08, 0x4e, 0x53, 0xf9, 0x88, 0x8f, 0xf8, 0x88, 0x8f, 0xd8, 0x6b, 0xc0, 0xb3, 0xfa, 0x34,
    0x4e, 0xfb, 0x88, 0x8f, 0xf8, 0x88, 0x8f, 0xd4, 0xb7, 0xe5, 0x06, 0x34, 0xaa, 0x5f, 0xfb, 0x88, 0x8f, 0xf8, 0x88,
    0x8f, 0xd8, 0xb7, 0x71, 0x0a, 0x2c, 0x12, 0x15, 0xf8, 0x88, 0x8f, 0xe4, 0xba, 0x8f, 0x98, 0x6d, 0xc0, 0x24, 0x30,
    0x4f, 0x4d, 0xfb, 0x8d, 0x33, 0xf9, 0x88, 0x8f, 0xf8, 0x88, 0x8f, 0xd8, 0xb4, 0x01, 0x2d, 0x03, 0x52, 0xf9, 0x88,
    0x8f, 0xf8, 0x88, 0x8f, 0x18, 0xa4, 0x40, 0x72, 0x39, 0x91, 0x8f, 0xf8, 0x88, 0x8f, 0x18, 0x4a, 0xd0, 0xd9, 0x99,
    0xe3, 0x44, 0x75, 0xee, 0x23, 0x3e, 0x62, 0xdb, 0x3e, 0xe2, 0x23, 0x76, 0x12, 0x9c, 0x76, 0x19, 0x40, 0x49, 0x47,
    0xe4, 0x33, 0x80, 0xa4, 0xf8, 0x88, 0x8f, 0xd4, 0xba, 0x8f, 0xe0, 0xb4, 0x8f, 0xd8, 0xa4, 0x80, 0x13, 0x11, 0x53,
    0x05, 0x2c, 0x3e, 0xed, 0x23, 0x3e, 0xe2, 0x23, 0x76, 0x1e, 0xf0, 0x48, 0xc7, 0xe2, 0x23, 0x3e, 0xe2, 0x23, 0x75,
    0xee, 0x23, 0xfa, 0x6d, 0xa5, 0x02, 0xcc, 0xe5, 0x44, 0x3e, 0xe2, 0x23, 0x3e, 0x52, 0xd3, 0xb6, 0x39, 0x07, 0x3c,
    0xd2, 0x11, 0xf9, 0x88, 0x8f, 0xd4, 0xbb, 0x8f, 0xf8, 0x08, 0x5e, 0xdb, 0x73, 0x00, 0x04, 0x34, 0x43, 0xef, 0x23,
    0x3e, 0x52, 0xf3, 0x3e, 0xe2, 0x23, 0xb8, 0x6d, 0xac, 0x01, 0xcc, 0x80, 0x54, 0x3e, 0xe2, 0x23, 0x3e, 0xe2, 0x23,
    0xbd, 0xd5, 0x0a, 0x40, 0x12, 0x15, 0xf8, 0xc8, 0x5d, 0xfb, 0x48, 0xde, 0xfb, 0x48, 0x5d, 0xe7, 0x87, 0x40, 0x59,
    0x07, 0xb2, 0x10, 0x7e, 0xe0, 0x0c, 0x98, 0x8f, 0xf8, 0x88, 0x8f, 0xd8, 0xbc, 0x8f, 0x18, 0x6c, 0xc0, 0xa3, 0xfa,
    0xf4, 0xdd, 0xfb, 0x88, 0x8f, 0xf8, 0x88, 0x8f, 0xd4, 0xb8, 0x51, 0x07, 0x3c, 0xaa, 0x5f, 0xfb, 0x88, 0x8f, 0xd8,
    0xb7, 0x8f, 0xf8, 0x08, 0xbe, 0x5b, 0x7a, 0xc0, 0x23, 0x1d, 0x91, 0x8f, 0xf8, 0x88, 0x8f, 0xd4, 0xbb, 0x8f, 0xe8,
    0xb9, 0xb5, 0x0a, 0x4c, 0x11, 0x31, 0x55, 0xc0, 0xe2, 0xd3, 0x3e, 0x72, 0xdf, 0x3e, 0xe2, 0x23, 0x35, 0xdd, 0x9b,
    0x11, 0x24, 0x1d, 0x91, 0xcf, 0x00, 0x92, 0xe2, 0x23, 0x3e, 0xe2, 0x23, 0x3e, 0x62, 0x4c, 0x8c, 0x13, 0xd5, 0xb9,
    0x8f, 0xf8, 0x88, 0x8f, 0xf8, 0x88, 0xdd, 0x3d, 0x82, 0xd3, 0x54, 0xb7, 0x8f, 0xf8, 0x88, 0x8f, 0xd4, 0xb4, 0x8f,
    0xd8, 0x66, 0x40, 0x25, 0x30, 0x4f, 0x4d, 0xfb, 0x8d, 0x33, 0xf9, 0x88, 0x8f, 0xd8, 0xb4, 0x8f, 0xe0, 0xb8, 0x8f,
    0x1c, 0x85, 0x65, 0x1d, 0xc8, 0x42, 0xf8, 0x81, 0x33, 0x60, 0x3e, 0xe2, 0x23, 0x3e, 0x62, 0xf3, 0x3e, 0xb2, 0xeb,
    0x96, 0xd5, 0x08, 0x4e, 0x53, 0xf9, 0x88, 0x8f, 0xec, 0x3e, 0xe2, 0x23, 0x46, 0x18, 0xd0, 0x48, 0x54, 0xe0, 0x23,
    0x3e, 0xe2, 0x23, 0x36, 0xee, 0x23, 0x26, 0x29, 0x90, 0x48, 0x54, 0xe0, 0x23, 0x3e, 0xe2, 0x23, 0x77, 0x91, 0x59,
    0x07, 0xb2, 0x10, 0x7e, 0xe0, 0x0c, 0x98, 0x8f, 0xf8, 0x88, 0xcd, 0xfb, 0x48, 0x6e, 0xfb, 0x48, 0x4d, 0xd3, 0xc6,
    0x1b, 0xf0, 0x48, 0x54, 0x50, 0xeb, 0x3e, 0xe2, 0x23, 0x3e, 0xe2, 0x23, 0xb6, 0x6e, 0x88, 0x01, 0x8d, 0xea, 0xdb,
    0x3e, 0xe2, 0x23, 0x3e, 0x62, 0xf7, 0x3e, 0x62, 0xbd, 0x01, 0x92, 0xc0, 0x3c, 0xbb, 0xdf, 0x38, 0x93, 0x8f, 0xf8,
    0x88, 0x8f, 0xf8, 0x88, 0xbd, 0x9b, 0x72, 0x40, 0xb4, 0xfa, 0x34, 0x4e, 0xfb, 0x88, 0x8f, 0xd4, 0xb7, 0x8f, 0xf8,
    0xc8, 0xbd, 0x5b, 0x76, 0xc0, 0xa3, 0xfa, 0xb6, 0x8f, 0xf8, 0x88, 0xdd, 0xfb, 0x88, 0x8f, 0xe4, 0xb7, 0x21, 0x0a,
    0x4c, 0xd2, 0xb1, 0xd4, 0xb8, 0x8f, 0xf8, 0x88, 0x5d, 0xfb, 0x08, 0x9e, 0xfb, 0x48, 0x7f, 0x5b, 0xa5, 0xc0, 0x72,
    0x39, 0x91, 0x8f, 0xdc, 0xb4, 0x8f, 0xf8, 0x88, 0x39, 0x2d, 0x12, 0x15, 0xf8, 0x88, 0x8f, 0xf8, 0x88, 0x8f, 0x58,
    0x7f, 0x00, 0x34, 0x20, 0x95, 0x8f, 0xf8, 0x48, 0xef, 0x23, 0xf7, 0xed, 0x23, 0x7c, 0x6d, 0x4d, 0x8b, 0xea, 0xd7,
    0x3e, 0xe2, 0x23, 0x3e, 0xe2, 0x23, 0x06, 0xd5, 0x48, 0x54, 0x50, 0xeb, 0x3e, 0xe2, 0x23, 0x3e, 0xe2, 0x23, 0x46,
    0x1e, 0x10, 0x89, 0x3e, 0x8d, 0xd7, 0x3e, 0xe2, 0x23, 0x3e, 0x52, 0xdb, 0x3e, 0xa2, 0xd3, 0x66, 0x28, 0x00, 0x39,
    0x91, 0x8f, 0xf8, 0x48, 0xdd, 0xfb, 0x08, 0x7e, 0xfb, 0x48, 0x5f, 0x9b, 0x52, 0x24, 0x30, 0x4f, 0x4d, 0xfb, 0x8d,
    0x33, 0xf9, 0x88, 0x8f, 0xf8, 0x88, 0x8f, 0x1c, 0x03, 0xf6, 0xff, 0x4f, 0x44, 0x08, 0x0e, 0xf3, 0x20, 0x0b, 0x31,
    0xfc, 0xd2, 0x80, 0x54, 0xb8, 0x4f, 0x5c, 0xc8, 0x64, 0x60, 0x8d, 0x74, 0x2c, 0x3e, 0xe2, 0x23, 0x75, 0xee, 0x23,
    0x3e, 0x62, 0xaa, 0x01, 0x8d, 0xe0, 0x34, 0x95, 0x8f, 0xf8, 0x88, 0x8f, 0xf8, 0xc8, 0x6e, 0x78, 0x8f, 0xe8, 0xd3,
    0x78, 0xed, 0x23, 0x3e, 0xe2, 0x23, 0xb5, 0xed, 0x23, 0xa6, 0x1b, 0xd0, 0x48, 0x54, 0xe0, 0x23, 0x3e, 0xe2, 0x23,
    0x3e, 0x62, 0xe3, 0xf6, 0x18, 0xf0, 0x08, 0x4e, 0x53, 0xf9, 0x88, 0x8f, 0xec, 0x3e, 0x72, 0xd7, 0x3e, 0x72, 0x0d,
    0x11, 0x52, 0xf8, 0xd3, 0x41, 0x34, 0x3e, 0xe2, 0x23, 0x3e, 0xe2, 0x23, 0x75, 0x7d, 0x02, 0x92, 0x75, 0x20, 0x0b,
    0xe1, 0x07, 0xce, 0x80, 0xf9, 0x88, 0x8f, 0xf8, 0x88, 0x8f, 0x98, 0x9f, 0x03, 0x34, 0x43, 0xef, 0x23, 0x3e, 0xe2,
    0x23, 0x35, 0xef, 0x23, 0x26, 0x2b, 0x30, 0x45, 0xc4, 0x54, 0x01, 0x8b, 0x4f, 0xfb, 0x88, 0x8f, 0xe4, 0xbb, 0x8f,
    0xd4, 0xf5, 0x6d, 0x5e, 0xcf, 0xea, 0xd3, 0x38, 0xed, 0x23, 0x3e, 0x52, 0xdf, 0x3e, 0xe2, 0x23, 0x66, 0x18, 0xf0,
    0x48, 0x54, 0x50, 0xeb, 0x3e, 0xe2, 0x23, 0x3e, 0x62, 0xeb, 0x3e, 0x62, 0xf0, 0x01, 0x8f, 0x44, 0x05, 0x3e, 0xe2,
    0x23, 0x3e, 0x62, 0xe3, 0x3e, 0xb2, 0xdb, 0x36, 0x1b, 0xd0, 0x48, 0x47, 0xe4, 0x23, 0x3e, 0xe2, 0x23, 0x3e, 0x52,
    0xef, 0x16, 0x1a, 0x10, 0x49, 0x54, 0x50, 0xeb, 0x3e, 0xe2, 0x23, 0xb6, 0xee, 0x23, 0x39, 0xed, 0x23, 0xd6, 0x1e,
    0x10, 0x49, 0xc7, 0x52, 0xe3, 0x3e, 0xe2, 0x23, 0x3e, 0x62, 0xd7, 0x3e, 0xa2, 0xf7, 0x87, 0xb1, 0xfd, 0xff, 0x13,
    0x11, 0x82, 0xc3, 0x3c, 0xc8, 0x42, 0x0c, 0xbf, 0x34, 0x20, 0x15, 0xee, 0x13, 0x17, 0x32, 0xd5, 0x35, 0x6f, 0xa3,
    0x01, 0x8f, 0xea, 0xdb, 0x3e, 0xe2, 0x23, 0x76, 0xef, 0x23, 0xf9, 0xed, 0x23, 0x26, 0x1e, 0xe0, 0x0c, 0x48, 0xe5,
    0x23, 0x3e, 0xe2, 0x23, 0xbd, 0x8f, 0xe4, 0xbb, 0x11, 0x0a, 0x44, 0xd2, 0x11, 0xf9, 0x88, 0x8f, 0xd4, 0xbb, 0x8f,
    0xe0, 0xb5, 0x8f, 0xf0, 0xbd, 0x05, 0x06, 0x3c, 0xd2, 0xb1, 0xd4, 0xb8, 0x8f, 0xf8, 0x88, 0x8f, 0xd8, 0xb5, 0x8f,
    0x58, 0xa3, 0xc0, 0x24, 0x51, 0x41, 0xad, 0xfb, 0x88, 0x8f, 0xd8, 0xba, 0x8f, 0xe4, 0xb4, 0x8f, 0xf4, 0xbc, 0x59,
    0x0a, 0x4c, 0x93, 0x13, 0x38, 0xce, 0xe2, 0x37, 0xce, 0xd4, 0xfb, 0xc8, 0x6d, 0xfb, 0x88, 0x8f, 0x18, 0x78, 0xc0,
    0x23, 0x38, 0x4d, 0xe5, 0x23, 0x3e, 0xe2, 0x23, 0xbb, 0x8f, 0xe4, 0xb9, 0x39, 0x0a, 0x58, 0x02, 0xf3, 0xec, 0x7e,
    0xe3, 0x4c, 0x3e, 0xe2, 0x23, 0xf6, 0xee, 0x23, 0x79, 0xed, 0x23, 0x7d, 0x6f, 0x9b, 0x02, 0xd3, 0xe4, 0x04, 0x8e,
    0xb3, 0xf8, 0x8d, 0x33, 0xf5, 0x3e, 0xe2, 0x23, 0x79, 0xee, 0x23, 0x86, 0x29, 0x00, 0x45, 0xc4, 0x54, 0x01, 0x8b,
    0x4f, 0xfb, 0xc8, 0x7d, 0xfb, 0x88, 0x8f, 0xd8, 0xab, 0x80, 0x73, 0x39, 0x91, 0x8f, 0xf8, 0x48, 0x8e, 0xfb, 0x48,
    0x5d, 0xd3, 0xd6, 0x29, 0x00, 0x45, 0xc4, 0x54, 0x01, 0x8b, 0x4f, 0xfb, 0x88, 0x8f, 0xe4, 0xbb, 0x8f, 0xdc, 0x82,
    0x65, 0x1d, 0xc8, 0x42, 0xf8, 0x81, 0x33, 0x60, 0x3e, 0xe2, 0x23, 0x36, 0xef, 0x23, 0xb9, 0xed, 0x23, 0x17, 0x61,
    0x59, 0x07, 0xb2, 0x10, 0x7e, 0xe0, 0x0c, 0x98, 0x8f, 0xf8, 0x88, 0xcd, 0xfb, 0x88, 0x8f, 0xe4, 0xb6, 0x9d, 0x0a,
    0x30, 0x12, 0x15, 0xf8, 0x88, 0x8f, 0xf8, 0x48, 0x4d, 0xe3, 0xc6, 0xf5, 0x08, 0x4e, 0x53, 0xdd, 0x3e, 0xe2, 0x23,
    0x35, 0xed, 0x23, 0x3e, 0x62, 0x64, 0x8c, 0x13, 0xf9, 0x88, 0x8f, 0xd4, 0xbd, 0x8f, 0xf8, 0x88, 0x2d, 0x0a, 0x44,
    0x12, 0x15, 0xf8, 0x88, 0x8f, 0xd8, 0xb8, 0x8f, 0xe0, 0xbc, 0x8f, 0xf4, 0xba, 0xed, 0x35, 0xd2, 0xb1, 0xf8, 0x88,
    0x8f, 0xf8, 0x48, 0x9d, 0xfb, 0x88, 0xc5, 0x0a, 0x38, 0x12, 0x15, 0xf8, 0x88, 0x8f, 0xe4, 0xba, 0x8f, 0xd4, 0xb5,
    0x6d, 0x7d, 0x8d, 0x74, 0x44, 0x3e, 0xe2, 0x23, 0x3e, 0x52, 0xef, 0x3e, 0x62, 0xd3, 0x01, 0x90, 0x13, 0xd5, 0xb9,
    0x8f, 0xf8, 0x88, 0x6d, 0xfb, 0x88, 0x8f, 0xe0, 0xba, 0x8d, 0x07, 0x44, 0x82, 0xd3, 0x54, 0xb7, 0x8f, 0xf8, 0x88,
    0x8f, 0xd4, 0xb4, 0x8f, 0xe4, 0xbc, 0x31, 0x0a, 0x44, 0xab, 0x5f, 0xfb, 0x88, 0x8f, 0xd8, 0xb9, 0x8f, 0xe0, 0xbd,
    0x8f, 0xf4, 0xbb, 0xad, 0x3d, 0x12, 0x15, 0xd4, 0xba, 0x8f, 0xf8, 0x88, 0xad, 0xfb, 0x88, 0x8f, 0x98, 0x65, 0xc0,
    0x23, 0x1d, 0x8b, 0x8f, 0xf8, 0x48, 0x9d, 0xfb, 0xc8, 0xdd, 0xfb, 0xc8, 0x4d, 0x4c, 0x48, 0xe1, 0x4f, 0x07, 0xd1,
    0xf8, 0x88, 0x8f, 0xf8, 0x48, 0x5d, 0xfb, 0x48, 0xde, 0xdb, 0x61, 0x80, 0x24, 0x30, 0xcf, 0xee, 0x37, 0xce, 0xe4,
    0x23, 0x3e, 0xe2, 0x23, 0xf6, 0xee, 0x23, 0x56, 0xe7, 0x08, 0x4e, 0x53, 0xd9, 0x3e, 0xe2, 0x23, 0x3e, 0xc2, 0xfb,
    0xc8, 0x0d, 0x6c, 0xff, 0xff, 0x44, 0x84, 0xe0, 0x30, 0x0f, 0xb2, 0x10, 0xc3, 0x2f, 0x0d, 0x48, 0xe5, 0x13, 0x17,
    0x32, 0xf9, 0x88, 0x8f, 0x18, 0x60, 0xc0, 0x24, 0x30, 0x4f, 0x4d, 0xfb, 0x8d, 0x33, 0xf9, 0x88, 0x8f, 0xf8, 0x88,
    0x4d, 0xfb, 0xc8, 0x3d, 0x74, 0xff, 0xff, 0x44, 0x84, 0xe0, 0x30, 0x0f, 0xb2, 0x10, 0xc3, 0x2f, 0x0d, 0x48, 0xe5,
    0x13, 0x17, 0x32, 0xf9, 0x88, 0x8f, 0xdc, 0xb4, 0x89, 0x06, 0x50, 0x02, 0xf3, 0xec, 0x7e, 0xe3, 0x4c, 0x3e, 0xe2,
    0x23, 0xf6, 0xee, 0x23, 0x79, 0xed, 0x23, 0x27, 0xc1, 0xfd, 0xff, 0x13, 0x11, 0x82, 0xc3, 0x3c, 0xc8, 0x42, 0x0c,
    0xbf, 0x34, 0x20, 0x95, 0xed, 0x13, 0x17, 0x32, 0xf9, 0x48, 0x8e, 0x5b, 0xa8, 0x40, 0x23, 0x51, 0x81, 0x8f, 0xdc,
    0xb5, 0x8f, 0xe4, 0xbd, 0x8f, 0x98, 0x60, 0x80, 0xe3, 0x44, 0x75, 0xee, 0x23, 0x3e, 0xe2, 0x23, 0xb6, 0xed, 0x23,
    0x16, 0x1e, 0x00, 0x09, 0x4e, 0x53, 0xd9, 0x3e, 0xe2, 0x23, 0x3e, 0xc2, 0xfb, 0x48, 0xae, 0x1b, 0x7f, 0x80, 0x24,
    0x38, 0x4d, 0x65, 0xfb, 0x88, 0x8f, 0xf0, 0x3e, 0x72, 0xdb, 0x3e, 0xc2, 0xd3, 0x36, 0x1f, 0x40, 0x09, 0xcc, 0xb3,
    0xfb, 0x8d, 0x33, 0xf9, 0x88, 0x8f, 0xf8, 0x88, 0xbd, 0xfb, 0xc8, 0x9e, 0x5b, 0x73, 0x00, 0x25, 0x1d, 0x91, 0xcf,
    0x00, 0x92, 0xe2, 0x23, 0x3e, 0x52, 0xeb, 0x3e, 0xe2, 0x23, 0x38, 0x6d, 0xeb, 0x01, 0x8e, 0x13, 0xf9, 0x88, 0x8f,
    0xf8, 0x48, 0xdd, 0xfb, 0x88, 0xbe, 0xdb, 0x16, 0x33, 0x20, 0x95, 0x8f, 0xf8, 0x48, 0xef, 0x23, 0x3e, 0x72, 0x05,
    0x94, 0x75, 0x20, 0x0b, 0xe1, 0x07, 0xce, 0x80, 0xf9, 0x88, 0x8f, 0xd8, 0xbc, 0x8f, 0xf8, 0x88, 0x81, 0x06, 0x3c,
    0xab, 0x5f, 0xfb, 0x88, 0x8f, 0xd8, 0xb9, 0x8f, 0xe0, 0xbd, 0x8f, 0xd8, 0x4f, 0x23, 0x38, 0x4d, 0x65, 0xfb, 0x88,
    0x8f, 0xf8, 0x88, 0x8f, 0xd8, 0x72, 0x40, 0xa4, 0xfa, 0xf4, 0xdd, 0xfb, 0x88, 0x8f, 0xd4, 0xb8, 0x8f, 0xf8, 0xc8,
    0xcd, 0x9b, 0x50, 0x23, 0xfa, 0x34, 0x5e, 0xfb, 0x88, 0x8f, 0xf8, 0x88, 0x8f, 0xd8, 0x52, 0x23, 0x1d, 0x4b, 0x8d,
    0xfb, 0x88, 0x8f, 0xf8, 0x88, 0x8f, 0x58, 0x6c, 0x40, 0x23, 0x1d, 0x8b, 0x8f, 0xf8, 0x88, 0x8f, 0xf8, 0x48, 0x9d,
    0x9b, 0x64, 0x40, 0x24, 0x38, 0x4d, 0x75, 0xfb, 0x88, 0x8f, 0xd4, 0xb4, 0x8f, 0xdc, 0xb8, 0x8f, 0x18, 0x72, 0x40,
    0x24, 0x38, 0x4d, 0x75, 0xfb, 0x88, 0x8f, 0xd4, 0xb4, 0x8f, 0xf8, 0xc8, 0x8d, 0xdb, 0x98, 0x03, 0x34, 0x43, 0xef,
    0x23, 0x3e, 0x52, 0xf3, 0x3e, 0xe2, 0x23, 0x86, 0xd6, 0xa8, 0x7e, 0xed, 0x23, 0x3e, 0x62, 0xdf, 0x3e, 0xe2, 0x23,
    0x07, 0x50, 0x10, 0xcd, 0x14, 0x61, 0x26, 0xd6, 0x48, 0x47, 0xe4, 0x23, 0x3e, 0x52, 0xef, 0x3e, 0xe2, 0x23, 0x96,
    0x1c, 0x10, 0x89, 0x3e, 0x8d, 0xd7, 0x3e, 0xe2, 0x23, 0xb5, 0xed, 0x23, 0x3e, 0x72, 0xeb, 0xf6, 0x1e, 0xf0, 0xa8,
    0x7e, 0xed, 0x23, 0x3e, 0xe2, 0x23, 0xf6, 0xed, 0x23, 0x7b, 0x6d, 0xd7, 0x01, 0x91, 0x44, 0x05, 0xb5, 0xee, 0x23,
    0x3e, 0x62, 0xeb, 0x3e, 0xe2, 0x23, 0x39, 0x6d, 0xfb, 0x01, 0x91, 0xe0, 0x34, 0x95, 0x8f, 0xf8, 0xc8, 0xee, 0x23,
    0x77, 0xed, 0x23, 0x7b, 0x6f, 0x94, 0x01, 0xd1, 0xea, 0xd3, 0x38, 0xed, 0x23, 0x3e, 0x52, 0xdf, 0x3e, 0x72, 0xef,
    0x3e, 0x62, 0x83, 0x02, 0x96, 0x74, 0x44, 0x3e, 0x03, 0x48, 0x8a, 0x8f, 0xf8, 0x48, 0xad, 0xfb, 0x08, 0x4e, 0xfb,
    0x08, 0xcf, 0x9b, 0x7c, 0x40, 0x24, 0x51, 0x41, 0xad, 0xfb, 0x88, 0x8f, 0xf8, 0x88, 0xad, 0xfb, 0xc8, 0x8e, 0x1b,
    0x76, 0x00, 0x25, 0x30, 0xcf, 0xee, 0x37, 0xce, 0xe4, 0x23, 0x3e, 0x62, 0xef, 0x3e, 0xe2, 0x23, 0x79, 0x6d, 0x9a,
    0x02, 0xcb, 0xe5, 0x44, 0x3e, 0xe2, 0x23, 0x39, 0xee, 0x23, 0xf6, 0x29, 0xd0, 0x5c, 0x4e, 0xe4, 0x23, 0x37, 0xed,
    0x23, 0x39, 0xef, 0x23, 0x57, 0xf1, 0xfd, 0xff, 0x13, 0x11, 0x82, 0xc3, 0x3c, 0xc8, 0x42, 0x0c, 0xbf, 0x34, 0x20,
    0x95, 0x4f, 0x5c, 0xc8, 0xe4, 0x23, 0x37, 0xed, 0x23, 0x3b, 0x6f, 0x51, 0x90, 0xc0, 0x3c, 0xbb, 0xdf, 0x38, 0x93,
    0x8f, 0xf8, 0x88, 0x8f, 0xf8, 0x88, 0xa1, 0x07, 0x50, 0xd2, 0x11, 0xf9, 0x0c, 0x20, 0x29, 0x3e, 0xe2, 0x23, 0x3e,
    0x52, 0xeb, 0x3e, 0xa2, 0xe3, 0x16, 0x28, 0x30, 0xa9, 0x3e, 0x7d, 0xf7, 0x3e, 0xe2, 0x23, 0x35, 0xee, 0x23, 0x37,
    0xef, 0x23, 0xbc, 0x6e, 0x9f, 0x01, 0x8f, 0x44, 0x05, 0x3e, 0xe2, 0x23, 0x36, 0xee, 0x23, 0x38, 0xef, 0x23, 0xf6,
    0xf5, 0xa8, 0x3e, 0x7d, 0xf7, 0x3e, 0xe2, 0x23, 0x35, 0xee, 0x23, 0x3e, 0x62, 0x9e, 0x01, 0x8f, 0xea, 0xd7, 0x3e,
    0xe2, 0x23, 0xf6, 0xed, 0x23, 0xf8, 0xee, 0x23, 0x56, 0x28, 0x20, 0x01, 0xcd, 0xd0, 0xfb, 0x88, 0x8f, 0xd4, 0xbc,
    0x8f, 0xe0, 0xb6, 0x8f, 0xf4, 0xb4, 0x41, 0x06, 0x40, 0x82, 0xd3, 0x54, 0xb6, 0x8f, 0xf8, 0x08, 0xef, 0x23, 0xb7,
    0xed, 0x23, 0x66, 0x2a, 0x40, 0x4d, 0x4e, 0xe0, 0x38, 0x8b, 0xdf, 0x38, 0x53, 0xef, 0x23, 0x3e, 0xe2, 0x23, 0x35,
    0x7d, 0x5b, 0x6d, 0x00, 0xe3, 0x44, 0x3e, 0xe2, 0x23, 0x3e, 0xe2, 0x23, 0x75, 0x7f, 0x07, 0x11, 0x52, 0xf8, 0xd3,
    0x41, 0x34, 0x3e, 0xe2, 0x23, 0x3e, 0x52, 0xd7, 0x3e, 0x62, 0xac, 0x02, 0x8e, 0x44, 0x05, 0x3e, 0x72, 0xd7, 0x3e,
    0xe2, 0x23, 0x35, 0xcd, 0x5b, 0x71, 0xc0, 0x23, 0x38, 0x4d, 0xe5, 0x23, 0x3e, 0xb2, 0xfb, 0x88, 0x8f, 0xdc, 0xb5,
    0x1d, 0x0a, 0x5c, 0x02, 0xf3, 0xd4, 0xb4, 0xdf, 0x38, 0x93, 0x8f, 0xf8, 0x88, 0x4d, 0xfb, 0x08, 0x8e, 0xfb, 0x48,
    0x6f, 0x1f, 0xc4, 0x84, 0x14, 0xfe, 0x74, 0x10, 0x8d, 0x8f, 0xf8, 0x48, 0x5d, 0xfb, 0x88, 0x8f, 0xdc, 0xb9, 0x5d,
    0x0a, 0x2c, 0x12, 0x15, 0xf8, 0xc8, 0x5d, 0xfb, 0x88, 0x8f, 0x58, 0xde, 0xb3, 0xfa, 0x34, 0x4e, 0xfb, 0x88, 0x8f,
    0xf8, 0x48, 0x7d, 0xfb, 0x88, 0x49, 0x07, 0x44, 0xd2, 0xb1, 0xd4, 0xb8, 0x8f, 0xf8, 0x88, 0x5d, 0xfb, 0x88, 0x8f,
    0xe0, 0xb9, 0xb5, 0x35, 0xaa, 0x6f, 0xfb, 0x88, 0x8f, 0xd8, 0xbd, 0x8f, 0xf8, 0x88, 0xf9, 0x06, 0x34, 0xaa, 0x6f,
    0xfb, 0x88, 0x8f, 0xf8, 0x88, 0x8f, 0xd8, 0xbd, 0xb1, 0x49, 0x02, 0xf3, 0xec, 0x7e, 0xe3, 0x4c, 0x3e, 0xe2, 0x23,
    0xf6, 0xee, 0x23, 0x3e, 0x62, 0x89, 0x02, 0x92, 0x13, 0xd5, 0xb9, 0x8f, 0xf8, 0x88, 0x6d, 0xfb, 0x08, 0xae, 0xfb,
    0x48, 0x8f, 0x1b, 0xad, 0x00, 0x74, 0x39, 0x91, 0x8f, 0xdc, 0xb4, 0x8f, 0xe4, 0xbc, 0x8f, 0xd4, 0x35, 0x6e, 0xa8,
    0x02, 0x51, 0x44, 0x4c, 0x15, 0xb0, 0xf8, 0xb4, 0x8f, 0xf8, 0x88, 0x8f, 0xd4, 0x74, 0x6e, 0x74, 0x8d, 0xe0, 0x34,
    0x95, 0x8f, 0xf8, 0x88, 0x8f, 0xec, 0x3e, 0x62, 0x52, 0x8b, 0xea, 0xdb, 0x3e, 0xe2, 0x23, 0x3e, 0xe2, 0x23, 0xa6,
    0x19, 0xe0, 0x38, 0x91, 0x8f, 0xf8, 0x48, 0xdd, 0xfb, 0x08, 0x7e, 0xfb, 0x88, 0x41, 0x07, 0x38, 0x4e, 0xe4, 0x23,
    0x3e, 0x52, 0xf7, 0x3e, 0xe2, 0x23, 0xf8, 0x6d, 0xb6, 0x02, 0xd8, 0xe4, 0x04, 0x8e, 0xb3, 0xf8, 0x8d, 0x33, 0xf5,
    0x3e, 0x72, 0xdb, 0x3e, 0xa2, 0xd3, 0x3e, 0x52, 0xd7, 0xba, 0x3d, 0x0a, 0x48, 0xaa, 0x6f, 0xfb, 0x88, 0x8f, 0xd8,
    0xbd, 0x8f, 0xe4, 0xb7, 0x8f, 0xd4, 0x74, 0x7d, 0x0e, 0x94, 0x75, 0x20, 0x0b, 0xe1, 0x07, 0xce, 0x80, 0xf9, 0x88,
    0x8f, 0xf8, 0x88, 0x8f, 0xd8, 0xbc, 0x95, 0x07, 0x44, 0xab, 0x4f, 0xe3, 0xb4, 0x8f, 0xf8, 0x88, 0x8f, 0xd4, 0xb7,
    0x8f, 0xe8, 0xb5, 0x25, 0x29, 0x4e, 0xe4, 0x23, 0x3e, 0xe2, 0x23, 0x3e, 0x62, 0x91, 0x01, 0xce, 0x80, 0x54, 0x3e,
    0xe2, 0x23, 0xbd, 0x8f, 0xdc, 0xb7, 0x8f, 0x9c, 0x45, 0x85, 0x14, 0xfe, 0x74, 0x10, 0x8d, 0x8f, 0xf8, 0x48, 0x5d,
    0xfb, 0xc8, 0x9d, 0xfb, 0x08, 0x7f, 0x9b, 0x75, 0xc0, 0xb3, 0xfa, 0xb5, 0x8f, 0xf8, 0x88, 0x9d, 0xfb, 0x88, 0x8f,
    0xe0, 0xbd, 0x09, 0x0a, 0x44, 0xd2, 0xb1, 0xf8, 0x88, 0x8f, 0xd4, 0xb9, 0x8f, 0xdc, 0xbd, 0x8f, 0xf0, 0xbb, 0x21,
    0x31, 0x40, 0x33, 0xf4, 0x3e, 0xe2, 0x23, 0x3e, 0xe2, 0x23, 0x16, 0x26, 0x49, 0x47, 0xe4, 0x33, 0x80, 0xa4, 0xf8,
    0x88, 0x8f, 0xd4, 0xba, 0x8f, 0xf8, 0x88, 0x75, 0x3d, 0xa2, 0x4f, 0xe3, 0xb5, 0x8f, 0xf8, 0x48, 0x6d, 0xfb, 0x88,
    0x8f, 0x98, 0x6b, 0xc0, 0x23, 0xfa, 0x34, 0x5e, 0xfb, 0x88, 0x8f, 0xf8, 0x88, 0x8f, 0xd4, 0xb6, 0xf1, 0x49, 0xd2,
    0x11, 0xf9, 0x0c, 0x20, 0x29, 0x3e, 0xe2, 0x23, 0x3e, 0x52, 0xeb, 0x3e, 0x62, 0xec, 0x01, 0x95, 0xc0, 0x3c, 0x35,
    0xed, 0x37, 0xce, 0xe4, 0x23, 0x3e, 0xe2, 0x23, 0x36, 0xed, 0x23, 0x3a, 0x6f, 0x43, 0xcd, 0xea, 0xd3, 0x38, 0xed,
    0x23, 0x3e, 0xe2, 0x23, 0x3e, 0x62, 0x83, 0x01, 0x8d, 0xea, 0xd7, 0x3e, 0xe2, 0x23, 0x3e, 0x62, 0xdf, 0x3e, 0x72,
    0x0a, 0x13, 0x52, 0xf8, 0xd3, 0x41, 0x34, 0x3e, 0xe2, 0x23, 0x75, 0xed, 0x23, 0x77, 0xee, 0x23, 0xa6, 0xd6, 0xac,
    0x7e, 0xed, 0x23, 0x3e, 0x62, 0xe7, 0x3e, 0xe2, 0x23, 0x56, 0x18, 0xd0, 0xac, 0x7e, 0xed, 0x23, 0x3e, 0xe2, 0x23,
    0x76, 0xee, 0x23, 0xc6, 0x1c, 0xf0, 0x48, 0xc7, 0xe2, 0x23, 0x3e, 0x52, 0xe7, 0x3e, 0xe2, 0x23, 0x77, 0x6f, 0x9d,
    0x01, 0x90, 0x13, 0xd5, 0xb9, 0x8f, 0xf8, 0x88, 0x6d, 0xfb, 0x08, 0xae, 0xfb, 0x88, 0xd9, 0x31, 0x03, 0x52, 0xf9,
    0x88, 0x8f, 0xf8, 0x48, 0xef, 0x23, 0x26, 0x1b, 0x20, 0x49, 0x47, 0xe4, 0x33, 0x80, 0xa4, 0xf8, 0x88, 0x8f, 0xf8,
    0x88, 0x8f, 0xd4, 0xba, 0x4d, 0x06, 0x44, 0xa2, 0x4f, 0xe3, 0xb5, 0x8f, 0xf8, 0x48, 0x6d, 0xfb, 0xc8, 0xad, 0xfb,
    0x88, 0xa9, 0x0a, 0x38, 0x97, 0x13, 0xf9, 0xc8, 0x4d, 0xfb, 0x88, 0x8f, 0xd4, 0xb4, 0x6e, 0x65, 0x93, 0xc0, 0x3c,
    0x35, 0xed, 0x37, 0xce, 0xe4, 0x23, 0x3e, 0x62, 0xd3, 0x3e, 0xe2, 0x23, 0x26, 0x2a, 0x20, 0x45, 0xc4, 0x54, 0x01,
    0x8b, 0x4f, 0xfb, 0xc8, 0x7d, 0xfb, 0x88, 0x5e, 0xfb, 0x88, 0xed, 0x06, 0x34, 0xab, 0x5f, 0xfb, 0x88, 0x8f, 0xf8,
    0x88, 0x8f, 0xd8, 0xb9, 0xd1, 0x07, 0x3c, 0xaa, 0x6f, 0xfb, 0x88, 0x8f, 0xf8, 0x88, 0xdd, 0xfb, 0xc8, 0xbe, 0x1b,
    0x6e, 0x80, 0xe3, 0x44, 0x75, 0xee, 0x23, 0x3e, 0xe2, 0x23, 0x3e, 0x62, 0xdb, 0x66, 0xf6, 0x48, 0xc7, 0x52, 0xe3,
    0x3e, 0xe2, 0x23, 0x76, 0xed, 0x23, 0x3e, 0x62, 0xb7, 0x01, 0x8f, 0x74, 0x2c, 0x35, 0xee, 0x23, 0x3e, 0xe2, 0x23,
    0x3e, 0x62, 0xd7, 0xf6, 0xb4, 0xac, 0x7e, 0xed, 0x23, 0x3e, 0xe2, 0x23, 0x3e, 0x62, 0x98, 0x01, 0x8f, 0x74, 0x44,
    0x3e, 0xe2, 0x23, 0xf5, 0xee, 0x23, 0x78, 0xed, 0x23, 0xe6, 0x1f, 0x30, 0x09, 0x4e, 0x53, 0xdd, 0x3e, 0xe2, 0x23,
    0x35, 0xed, 0x23, 0x37, 0xee, 0x23, 0xbc, 0x6d, 0x7a, 0x8f, 0xea, 0xd3, 0x77, 0xef, 0x23, 0x3e, 0xe2, 0x23, 0x35,
    0xee, 0x23, 0xb6, 0x1a, 0xe0, 0x08, 0x4e, 0x53, 0xd9, 0x3e, 0xe2, 0x23, 0x3e, 0xe2, 0x23, 0xbc, 0x1d, 0x07, 0x38,
    0x03, 0x52, 0xf9, 0x88, 0x8f, 0xf4, 0x3e, 0xe2, 0x23, 0xf7, 0x6d, 0xc6, 0x01, 0x90, 0xe0, 0x34, 0x95, 0xed, 0x23,
    0x3e, 0xc2, 0xfb, 0x88, 0x8f, 0xdc, 0xb6, 0x15, 0x2d, 0xd2, 0xb1, 0xf8, 0x88, 0x8f, 0xf8, 0x88, 0x8f, 0x58, 0x6b,
    0xc0, 0x23, 0x38, 0x4d, 0x75, 0xfb, 0x88, 0x8f, 0xf8, 0x88, 0x8f, 0xd4, 0xb4, 0x1d, 0x2d, 0xd2, 0x11, 0xf9, 0x88,
    0x8f, 0xf8, 0x88, 0x8f, 0x98, 0xa2, 0x40, 0xa4, 0xfa, 0xb5, 0x8f, 0xf8, 0x88, 0x7d, 0xfb, 0x08, 0xbe, 0xfb, 0x48,
    0x9f, 0x1b, 0x67, 0x40, 0x24, 0x1d, 0x4b, 0x8d, 0xfb, 0x88, 0x8f, 0xd8, 0xb5, 0x8f, 0xe0, 0xb9, 0x8f, 0x18, 0xa8,
    0x40, 0x35, 0x39, 0x81, 0xe3, 0x2c, 0x7e, 0xe3, 0x4c, 0xbd, 0x8f, 0xdc, 0xb6, 0x8f, 0xe8, 0xb4, 0x8f, 0x9c, 0x81,
    0xf6, 0xff, 0x4f, 0x44, 0x08, 0x0e, 0xf3, 0x20, 0x0b, 0x31, 0xfc, 0xd2, 0x80, 0x54, 0xb6, 0x4f, 0x5c, 0xc8, 0xe4,
    0x23, 0x76, 0x2b, 0x50, 0x45, 0xc4, 0x54, 0x01, 0x8b, 0x4f, 0xfb, 0xc8, 0x7d, 0xfb, 0x88, 0x5e, 0xfb, 0x48, 0x5d,
    0xef, 0x16, 0x1f, 0xf0, 0xac, 0x7e, 0xed, 0x23, 0x3e, 0xe2, 0x23, 0x76, 0xee, 0x23, 0xfb, 0x0d, 0x00, 0x00, 0x01,
    0x31, 0x00, 0x00, 0x0a, 0x00, 0x00, 0x00, 0x5b, 0x06, 0x4e, 0x3a, 0xb6, 0x0c, 0x7a, 0x20, 0x1d, 0x5b, 0x06, 0x5c,
    0x90, 0x8e, 0x2d, 0x83, 0x3d, 0x48, 0xc7, 0x96, 0x81, 0x26, 0xa4, 0x63, 0xcb, 0x20, 0x17, 0xd2, 0xb1, 0x65, 0x80,
    0x0d, 0xe9, 0xd8, 0x32, 0xb8, 0x87, 0x74, 0x00, 0x00, 0x00, 0x00, 0x00, 0x00, 0x61, 0x20, 0x00, 0x00, 0x7c, 0x0a,
    0x00, 0x00, 0x13, 0x04, 0x71, 0x10, 0x0b, 0x04, 0x00, 0x00, 0x14, 0x00, 0x00, 0x00, 0x94, 0x8c, 0x00, 0x10, 0x33,
    0x02, 0x40, 0x49, 0x01, 0x02, 0x02, 0x02, 0x82, 0x90, 0x50, 0x7e, 0x94, 0x94, 0x00, 0x09, 0x35, 0x40, 0x49, 0x11,
    0x94, 0x41, 0x21, 0x94, 0x42, 0x31, 0x94, 0x43, 0x41, 0x94, 0x44, 0x51, 0x94, 0x45, 0x61, 0x94, 0x46, 0x71, 0x94,
    0x07, 0x45, 0x33, 0x00, 0x44, 0x8e, 0x45, 0x00, 0x81, 0x30, 0x50, 0x39, 0x16, 0x02, 0x04, 0xc2, 0x40, 0x14, 0xc6,
    0x41, 0xe6, 0x58, 0x10, 0x10, 0x08, 0x03, 0x51, 0x18, 0x07, 0x92, 0x28, 0x0b, 0xd3, 0x38, 0x0f, 0x00, 0x00, 0x63,
    0x08, 0x1a, 0x36, 0x86, 0xa0, 0x65, 0x23, 0x06, 0x46, 0x03, 0x82, 0x60, 0xd0, 0xe4, 0x81, 0x90, 0x8d, 0x18, 0x18,
    0x0d, 0x08, 0x82, 0x41, 0xa3, 0x07, 0x82, 0x76, 0x81, 0xb0, 0xc3, 0x0d, 0xc1, 0x46, 0x06, 0xb3, 0x0c, 0x81, 0x10,
    0x24, 0x21, 0x40, 0x12, 0x02, 0x9c, 0x10, 0x4c, 0x06, 0x49, 0xcc, 0x12, 0x0c, 0x03, 0x15, 0x42, 0x27, 0xf8, 0x01,
    0x30, 0x50, 0x91, 0x64, 0x82, 0x29, 0x00, 0x03, 0x15, 0xc9, 0x24, 0xa0, 0x02, 0x70, 0x42, 0x18, 0x5c, 0x12, 0x49,
    0x5c, 0x13, 0xe0, 0x05, 0x64, 0xa0, 0x17, 0x10, 0x3b, 0xdc, 0x10, 0x3c, 0x64, 0x70, 0x67, 0x50, 0xdc, 0x74, 0x03,
    0x1b, 0x04, 0xc2, 0x05, 0xc9, 0x4e, 0x37, 0xb8, 0xc1, 0x44, 0x9c, 0x11, 0x04, 0x3a, 0x6b, 0x00, 0x02, 0xc3, 0x0d,
    0x8f, 0x1d, 0x80, 0xc1, 0x2c, 0xc3, 0x20, 0x04, 0x03, 0x15, 0x89, 0x18, 0x04, 0x8a, 0x30, 0x86, 0x50, 0x07, 0x6f,
    0x30, 0x86, 0x50, 0x07, 0x70, 0x30, 0x62, 0x60, 0x34, 0x20, 0x08, 0x06, 0x0d, 0x2d, 0x08, 0x74, 0x30, 0x62, 0x60,
    0x34, 0x20, 0x08, 0x06, 0x4d, 0x2d, 0x08, 0x75, 0x70, 0x81, 0xb0, 0xc3, 0x0d, 0x81, 0x1d, 0x90, 0xc1, 0x2c, 0x03,
    0x51, 0x04, 0x49, 0x08, 0x90, 0x84, 0x00, 0x27, 0x04, 0x93, 0x41, 0x12, 0xb3, 0x04, 0xc6, 0x40, 0x85, 0xd0, 0x15,
    0xf4, 0x30, 0x0c, 0x54, 0x24, 0x59, 0xc1, 0x0f, 0xc3, 0x40, 0x45, 0x32, 0x15, 0xfe, 0x30, 0x9c, 0xc0, 0x07, 0x97,
    0x44, 0x12, 0xd7, 0x04, 0x78, 0xc1, 0x1f, 0xe8, 0x05, 0xc4, 0x0e, 0x37, 0x04, 0x0f, 0x19, 0x9c, 0x28, 0x14, 0x37,
    0xdd, 0x70, 0x0a, 0x81, 0x70, 0x41, 0xb2, 0xd3, 0x0d, 0xa9, 0x30, 0x11, 0x67, 0x04, 0x81, 0x8e, 0x29, 0x80, 0xc0,
    0x70, 0xc3, 0x13, 0x0b, 0x60, 0x30, 0xcb, 0x60, 0x14, 0xc1, 0x40, 0x45, 0x22, 0x06, 0x84, 0x52, 0x8c, 0x21, 0xc0,
    0x02, 0x2a, 0x8c, 0x21, 0xc0, 0x42, 0x2a, 0x8c, 0x18, 0x18, 0x0d, 0x08, 0x82, 0x41, 0xf3, 0x0e, 0xc2, 0x2b, 0x8c,
    0x18, 0x18, 0x0d, 0x08, 0x82, 0x41, 0x03, 0x0f, 0x02, 0x2c, 0x5c, 0x20, 0xec, 0x70, 0x43, 0x10, 0x0b, 0x64, 0x30,
    0xcb, 0x70, 0x20, 0x41, 0x12, 0x02, 0x24, 0x21, 0xc0, 0x09, 0xc1, 0x64, 0x90, 0xc4, 0x2c, 0x41, 0x32, 0x50, 0x21,
    0x74, 0x88, 0x5a, 0x18, 0x03, 0x15, 0x49, 0x86, 0xc8, 0x85, 0x31, 0x50, 0x91, 0x4c, 0x08, 0x5d, 0x18, 0x27, 0xdc,
    0xc2, 0x25, 0x91, 0xc4, 0x35, 0x01, 0x5e, 0xa0, 0x0b, 0x7a, 0x01, 0xb1, 0xc3, 0x0d, 0xc1, 0x43, 0x06, 0xd7, 0x0b,
    0xc5, 0x4d, 0x37, 0x88, 0x43, 0x20, 0x5c, 0x90, 0xec, 0x74, 0x03, 0x39, 0x4c, 0xc4, 0x19, 0x41, 0xa0, 0x13, 0x0e,
    0x20, 0x30, 0xdc, 0xf0, 0xb0, 0x03, 0x18, 0xcc, 0x32, 0x24, 0x48, 0x30, 0x50, 0x91, 0x88, 0xc1, 0xa1, 0x20, 0x63,
    0x08, 0xeb, 0x20, 0x0e, 0x63, 0x08, 0xeb, 0x30, 0x0e, 0x23, 0x06, 0x46, 0x03, 0x82, 0x60, 0xd0, 0xa8, 0x84, 0xa0,
    0x0e, 0x23, 0x06, 0x46, 0x03, 0x82, 0x60, 0xd0, 0xac, 0x84, 0xb0, 0x0e, 0x17, 0x08, 0x3b, 0xdc, 0x10, 0xb0, 0x03,
    0x19, 0xcc, 0x32, 0x28, 0x4b, 0x90, 0x84, 0x00, 0x49, 0x08, 0x70, 0x42, 0x30, 0x19, 0x24, 0x31, 0x4b, 0xc0, 0x0c,
    0x54, 0x08, 0xdd, 0x02, 0x1e, 0xc9, 0x40, 0x45, 0x92, 0x2d, 0xe8, 0x91, 0x0c, 0x54, 0x24, 0xd3, 0xa2, 0x1e, 0xc9,
    0x09, 0xf2, 0x70, 0x49, 0x24, 0x71, 0x4d, 0x80, 0x17, 0xd4, 0x83, 0x5e, 0x40, 0xec, 0x70, 0x43, 0xf0, 0x90, 0xc1,
    0xe1, 0x43, 0x71, 0xd3, 0x0d, 0xfd, 0x10, 0x08, 0x17, 0x24, 0x3b, 0xdd, 0xf0, 0x0f, 0x13, 0x71, 0x46, 0x10, 0xe8,
    0xf0, 0x03, 0x08, 0x0c, 0x37, 0x3c, 0x27, 0x01, 0x06, 0xb3, 0x0c, 0xcc, 0x12, 0x0c, 0x54, 0x24, 0x62, 0xa0, 0x28,
    0xcb, 0x18, 0x82, 0x49, 0xf0, 0xc3, 0x18, 0x82, 0x49, 0xf4, 0xc3, 0x88, 0x81, 0xd1, 0x80, 0x20, 0x18, 0x34, 0x65,
    0x21, 0x94, 0xc4, 0x88, 0x81, 0xd1, 0x80, 0x20, 0x18, 0x34, 0x66, 0x21, 0x98, 0xc4, 0x05, 0xc2, 0x0e, 0x37, 0x04,
    0x27, 0x41, 0x06, 0xb3, 0x0c, 0x8d, 0x13, 0x24, 0x21, 0x40, 0x12, 0x02, 0x9c, 0x10, 0x4c, 0x06, 0x49, 0xcc, 0x12,
    0x3c, 0x03, 0x15, 0x42, 0xe7, 0xd8, 0x08, 0x33, 0x50, 0x91, 0x64, 0x8e, 0x8f, 0x30, 0x03, 0x15, 0xc9, 0xe4, 0x80,
    0x09, 0x73, 0x42, 0x4b, 0x5c, 0x12, 0x49, 0x5c, 0x13, 0xe0, 0x05, 0x30, 0xa1, 0x17, 0x10, 0x3b, 0xdc, 0x10, 0x3c,
    0x64, 0x70, 0x33, 0x51, 0xdc, 0x74, 0x03, 0x4e, 0x04, 0xc2, 0x05, 0xc9, 0x4e, 0x37, 0xe8, 0xc4, 0x44, 0x9c, 0x11,
    0x04, 0x3a, 0x37, 0x01, 0x02, 0xc3, 0x0d, 0x8f, 0x58, 0x80, 0xc1, 0x2c, 0xc3, 0xe3, 0x04, 0x03, 0x15, 0x89, 0x18,
    0x34, 0x8a, 0x33, 0x86, 0x10, 0x16, 0x36, 0x31, 0x86, 0x10, 0x16, 0x37, 0x31, 0x62, 0x60, 0x34, 0x20, 0x08, 0x06,
    0x0d, 0x68, 0x08, 0x60, 0x31, 0x62, 0x60, 0x34, 0x20, 0x08, 0x06, 0x4d, 0x68, 0x08, 0x61, 0x71, 0x81, 0xb0, 0xc3,
    0x0d, 0x81, 0x58, 0x90, 0xc1, 0x2c, 0x03, 0x14, 0x05, 0x49, 0x08, 0x90, 0x84, 0x00, 0x27, 0x04, 0x93, 0x41, 0x12,
    0xb3, 0x04, 0xd2, 0x40, 0x85, 0xd0, 0x45, 0xac, 0xf2, 0x0c, 0x54, 0x24, 0x59, 0x44, 0x2b, 0xcf, 0x40, 0x45, 0x32,
    0x45, 0xb6, 0xf2, 0x9c, 0x80, 0x16, 0x97, 0x44, 0x12, 0xd7, 0x04, 0x78, 0xc1, 0x5a, 0xe8, 0x05, 0xc4, 0x0e, 0x37,
    0x04, 0x0f, 0x19, 0x9c, 0x5b, 0x14, 0x37, 0xdd, 0x30, 0x17, 0x81, 0x70, 0x41, 0xb2, 0xd3, 0x0d, 0x75, 0x31, 0x11,
    0x67, 0x04, 0x81, 0x8e, 0x5c, 0x80, 0xc0, 0x70, 0xc3, 0xd3, 0x17, 0x60, 0x30, 0xcb, 0x20, 0x45, 0xc1, 0x40, 0x45,
    0x22, 0x06, 0x90, 0x12, 0x8d, 0x21, 0xf0, 0x05, 0x5c, 0x8c, 0x21, 0xf0, 0x45, 0x5c, 0x8c, 0x18, 0x18, 0x0d, 0x08,
    0x82, 0x41, 0xb3, 0x1b, 0xc2, 0x5e, 0x8c, 0x18, 0x18, 0x0d, 0x08, 0x82, 0x41, 0xc3, 0x1b, 0x02, 0x5f, 0x5c, 0x20,
    0xec, 0x70, 0x43, 0xd0, 0x17, 0x64, 0x30, 0xcb, 0x30, 0x51, 0x41, 0x12, 0x02, 0x24, 0x21, 0xc0, 0x09, 0xc1, 0x64,
    0x90, 0xc4, 0x2c, 0x41, 0x35, 0x50, 0x21, 0x74, 0x94, 0xc8, 0x48, 0x03, 0x15, 0x49, 0x46, 0xa9, 0x8c, 0x34, 0x50,
    0x91, 0x4c, 0x14, 0xcb, 0x48, 0x27, 0x8c, 0xc6, 0x25, 0x91, 0xc4, 0x35, 0x01, 0x5e, 0x60, 0x1a, 0x7a, 0x01, 0xb1,
    0xc3, 0x0d, 0xc1, 0x43, 0x06, 0x97, 0x1a, 0xc5, 0x4d, 0x37, 0xb8, 0x46, 0x20, 0x5c, 0x90, 0xec, 0x74, 0x03, 0x6c,
    0x4c, 0xc4, 0x19, 0x41, 0xa0, 0xd3, 0x1a, 0x20, 0x30, 0xdc, 0xf0, 0xe0, 0x06, 0x18, 0xcc, 0x32, 0x54, 0x54, 0x30,
    0x50, 0x91, 0x88, 0xc1, 0xa4, 0x50, 0x63, 0x08, 0xb7, 0xa1, 0x1a, 0x63, 0x08, 0xb7, 0xb1, 0x1a, 0x23, 0x06, 0x46,
    0x03, 0x82, 0x60, 0xd0, 0xd8, 0x87, 0x60, 0x1b, 0x23, 0x06, 0x46, 0x03, 0x82, 0x60, 0xd0, 0xdc, 0x87, 0x70, 0x1b,
    0x17, 0x08, 0x3b, 0xdc, 0x10, 0xe0, 0x06, 0x19, 0xcc, 0x32, 0x58, 0x57, 0x90, 0x84, 0x00, 0x49, 0x08, 0x70, 0x42,
    0x30, 0x19, 0x24, 0x31, 0x4b, 0x80, 0x0d, 0x54, 0x08, 0xdd, 0x85, 0x37, 0xd5, 0x40, 0x45, 0x92, 0x5d, 0xa0, 0x53,
    0x0d, 0x54, 0x24, 0xd3, 0x25, 0x3a, 0xd5, 0x09, 0xbe, 0x71, 0x49, 0x24, 0x71, 0x4d, 0x80, 0x17, 0x84, 0x87, 0x5e,
    0x40, 0xec, 0x70, 0x43, 0xf0, 0x90, 0xc1, 0x91, 0x47, 0x71, 0xd3, 0x0d, 0xe9, 0x11, 0x08, 0x17, 0x24, 0x3b, 0xdd,
    0xb0, 0x1e, 0x13, 0x71, 0x46, 0x10, 0xe8, 0xa0, 0x07, 0x08, 0x0c, 0x37, 0x3c, 0xf3, 0x01, 0x06, 0xb3, 0x0c, 0xd8,
    0x15, 0x0c, 0x54, 0x24, 0x62, 0x60, 0x29, 0xd7, 0x18, 0x82, 0x7c, 0x90, 0xc7, 0x18, 0x82, 0x7c, 0x94, 0xc7, 0x88,
    0x81, 0xd1, 0x80, 0x20, 0x18, 0x34, 0x31, 0x22, 0xc4, 0xc7, 0x88, 0x81, 0xd1, 0x80, 0x20, 0x18, 0x34, 0x32, 0x22,
    0xc8, 0xc7, 0x05, 0xc2, 0x0e, 0x37, 0x04, 0xf3, 0x41, 0x06, 0xb3, 0x0c, 0x99, 0x16, 0x24, 0x21, 0x40, 0x12, 0x02,
    0x9c, 0x10, 0x4c, 0x06, 0x49, 0xcc, 0x12, 0x6c, 0x03, 0x15, 0x42, 0xa7, 0xb9, 0x0f, 0x36, 0x50, 0x91, 0x64, 0x9a,
    0xfd, 0x60, 0x03, 0x15, 0xc9, 0xa4, 0xe1, 0x0f, 0x76, 0x42, 0x7e, 0x5c, 0x12, 0x49, 0x5c, 0x13, 0xe0, 0x05, 0xfc,
    0xa1, 0x17, 0x10, 0x3b, 0xdc, 0x10, 0x3c, 0x64, 0x70, 0xff, 0x51, 0xdc, 0x74, 0x03, 0x89, 0x04, 0xc2, 0x05, 0xc9,
    0x4e, 0x37, 0x98, 0xc8, 0x44, 0x9c, 0x11, 0x04, 0x3a, 0x23, 0x02, 0x02, 0xc3, 0x0d, 0x8f, 0x8b, 0x80, 0xc1, 0x2c,
    0xc3, 0xa6, 0x05, 0x03, 0x15, 0x89, 0x18, 0x64, 0x8a, 0x36, 0x86, 0xd0, 0x22, 0xfe, 0x31, 0x86, 0xd0, 0x22, 0xff,
    0x31, 0x62, 0x60, 0x34, 0x20, 0x08, 0x06, 0x0d, 0x9b, 0x08, 0x2c, 0x32, 0x62, 0x60, 0x34, 0x20, 0x08, 0x06, 0x4d,
    0x9b, 0x08, 0x2d, 0x72, 0x81, 0xb0, 0xc3, 0x0d, 0x81, 0x8b, 0x90, 0xc1, 0x2c, 0x03, 0xd7, 0x05, 0x49, 0x08, 0x90,
    0x84, 0x00, 0x27, 0x04, 0x93, 0x41, 0x12, 0xb3, 0x04, 0xde, 0x40, 0x85, 0xd0, 0x75, 0x64, 0xb4, 0x0d, 0x54, 0x24,
    0x59, 0xc7, 0x46, 0xdb, 0x40, 0x45, 0x32, 0x75, 0x6e, 0xb4, 0x9d, 0x40, 0x23, 0x97, 0x44, 0x12, 0xd7, 0x04, 0x78,
    0xc1, 0x8d, 0xe8, 0x05, 0xc4, 0x0e, 0x37, 0x04, 0x0f, 0x19, 0x9c, 0x8e, 0x14, 0x37, 0xdd, 0xf0, 0x23, 0x81, 0x70,
    0x41, 0xb2, 0xd3, 0x0d, 0x61, 0x32, 0x11, 0x67, 0x04, 0x81, 0x8e, 0x8f, 0x80, 0xc0, 0x70, 0xc3, 0x93, 0x26, 0x60,
    0x30, 0xcb, 0xe0, 0x75, 0xc1, 0x40, 0x45, 0x22, 0x06, 0x9c, 0xd2, 0x8d, 0x21, 0xa0, 0x09, 0x8e, 0x8c, 0x21, 0xa0,
    0x49, 0x8e, 0x8c, 0x18, 0x18, 0x0d, 0x08, 0x82, 0x41, 0x73, 0x2a, 0xc2, 0x99, 0x8c, 0x18, 0x18, 0x0d, 0x08, 0x82,
    0x41, 0x83, 0x2a, 0x02, 0x9a, 0x5c, 0x20, 0xec, 0x70, 0x43, 0x90, 0x26, 0x64, 0x30, 0xcb, 0xf0, 0x81, 0x41, 0x90,
    0x84, 0x00, 0x49, 0x08, 0x70, 0x42, 0x30, 0x19, 0x24, 0x31, 0x4b, 0x10, 0x06, 0x03, 0x15, 0x42, 0x07, 0x06, 0xba,
    0xe4, 0x0d, 0x54, 0x24, 0x19, 0x18, 0x88, 0x93, 0x37, 0x50, 0x91, 0x4c, 0x60, 0x40, 0x4e, 0xde, 0x09, 0x6f, 0x72,
    0x49, 0x24, 0x71, 0x4d, 0x80, 0x17, 0xc8, 0x89, 0x5e, 0x40, 0xec, 0x70, 0x43, 0xf0, 0x90, 0xc1, 0xd5, 0x49, 0x71,
    0xd3, 0x0d, 0x7a, 0x12, 0x08, 0x17, 0x24, 0x3b, 0xdd, 0xc0, 0x27, 0x13, 0x71, 0x46, 0x10, 0xe8, 0xe4, 0x09, 0x08,
    0x0c, 0x37, 0x3c, 0xa4, 0x02, 0x06, 0xb3, 0x0c, 0x61, 0x00, 0x06, 0xc1, 0x40, 0x45, 0x22, 0x06, 0x9f, 0x02, 0x06,
    0x63, 0x08, 0xa3, 0x22, 0x27, 0x63, 0x08, 0xa3, 0x32, 0x27, 0x23, 0x06, 0x46, 0x03, 0x82, 0x60, 0xd0, 0x88, 0x8b,
    0x20, 0x2a, 0x23, 0x06, 0x46, 0x03, 0x82, 0x60, 0xd0, 0x8c, 0x8b, 0x30, 0x2a, 0x17, 0x08, 0x3b, 0xdc, 0x10, 0x90,
    0x0a, 0x19, 0xcc, 0x32, 0x88, 0xc1, 0x18, 0x04, 0x49, 0x08, 0x90, 0x84, 0x00, 0x27, 0x04, 0x93, 0x41, 0x12, 0xb3,
    0x04, 0x64, 0x30, 0x50, 0x21, 0x74, 0x63, 0x00, 0x53, 0x61, 0x30, 0x50, 0x91, 0x64, 0x63, 0x80, 0x53, 0x61, 0x30,
    0x50, 0x91, 0x4c, 0x63, 0xa0, 0x53, 0x61, 0x70, 0x82, 0xaa, 0x5c, 0x12, 0x49, 0x5c, 0x13, 0xe0, 0x05, 0xad, 0xa2,
    0x17, 0x10, 0x3b, 0xdc, 0x10, 0x3c, 0x64, 0x70, 0xb0, 0x52, 0xdc, 0x74, 0x43, 0xad, 0x04, 0xc2, 0x05, 0xc9, 0x4e,
    0x37, 0xdc, 0xca, 0x44, 0x9c, 0x11, 0x04, 0x3a, 0xb4, 0x02, 0x02, 0xc3, 0x0d, 0xcf, 0xaf, 0x80, 0xc1, 0x2c, 0x03,
    0x19, 0x8c, 0x41, 0x30, 0x50, 0x91, 0x88, 0x81, 0x18, 0x28, 0x63, 0x30, 0x86, 0xe0, 0x2b, 0xac, 0x32, 0x86, 0xe0,
    0x2b, 0xad, 0x32, 0x62, 0x60, 0x34, 0x20, 0x08, 0x06, 0x4d, 0xbf, 0x08, 0xbd, 0x32, 0x62, 0x60, 0x34, 0x20, 0x08,
    0x06, 0x8d, 0xbf, 0x08, 0xbe, 0x72, 0x81, 0xb0, 0xc3, 0x0d, 0xc1, 0xaf, 0x90, 0xc1, 0x2c, 0x43, 0x19, 0x98, 0x41,
    0x90, 0x84, 0x00, 0x49, 0x08, 0x70, 0x42, 0x30, 0x19, 0x24, 0x31, 0x4b, 0x70, 0x06, 0x03, 0x15, 0x42, 0x67, 0x06,
    0xa6, 0x45, 0x06, 0x03, 0x15, 0x49, 0x66, 0x06, 0xae, 0x45, 0x06, 0x03, 0x15, 0xc9, 0x64, 0x06, 0xb0, 0x45, 0x06,
    0x27, 0x94, 0xcb, 0x25, 0x91, 0xc4, 0x35, 0x01, 0x5e, 0x80, 0x2e, 0x7a, 0x01, 0xb1, 0xc3, 0x0d, 0xc1, 0x43, 0x06,
    0xb7, 0x2e, 0xc5, 0x4d, 0x37, 0xc0, 0x4b, 0x20, 0x5c, 0x90, 0xec, 0x74, 0x83, 0xbc, 0x4c, 0xc4, 0x19, 0x41, 0xa0,
    0xf3, 0x2e, 0x20, 0x30, 0xdc, 0xf0, 0xe8, 0x0b, 0x18, 0xcc, 0x32, 0x9c, 0x81, 0x19, 0x04, 0x03, 0x15, 0x89, 0x18,
    0x94, 0x81, 0x62, 0x06, 0x63, 0x08, 0xf9, 0x62, 0x2e, 0x63, 0x08, 0xf9, 0x72, 0x2e, 0x23, 0x06, 0x46, 0x03, 0x82,
    0x60, 0xd0, 0xe0, 0x8c, 0x80, 0x2f, 0x23, 0x06, 0x46, 0x03, 0x82, 0x60, 0xd0, 0xe4, 0x8c, 0x90, 0x2f, 0x17, 0x08,
    0x3b, 0xdc, 0x10, 0xe8, 0x0b, 0x19, 0xcc, 0x32, 0xa0, 0x41, 0x1a, 0x04, 0x49, 0x08, 0x90, 0x84, 0x00, 0x27, 0x04,
    0x93, 0x41, 0x12, 0xb3, 0x04, 0x6a, 0x30, 0x50, 0x21, 0x74, 0x69, 0xc0, 0x5f, 0x67, 0x30, 0x50, 0x91, 0x64, 0x69,
    0x40, 0x62, 0x67, 0x30, 0x50, 0x91, 0x4c, 0x69, 0x60, 0x62, 0x67, 0x70, 0x02, 0xc8, 0x5c, 0x12, 0x49, 0x5c, 0x13,
    0xe0, 0x05, 0x23, 0xa3, 0x17, 0x10, 0x3b, 0xdc, 0x10, 0x3c, 0x64, 0x70, 0x26, 0x53, 0xdc, 0x74, 0xc3, 0xca, 0x04,
    0xc2, 0x05, 0xc9, 0x4e, 0x37, 0xb4, 0xcc, 0x44, 0x9c, 0x11, 0x04, 0x3a, 0x2a, 0x03, 0x02, 0xc3, 0x0d, 0x4f, 0xcd,
    0x80, 0xc1, 0x2c, 0x83, 0x1a, 0xa4, 0x41, 0x30, 0x50, 0x91, 0x88, 0x01, 0x1a, 0x28, 0x69, 0x30, 0x86, 0x40, 0x33,
    0x20, 0x33, 0x86, 0x40, 0x33, 0x21, 0x33, 0x62, 0x60, 0x34, 0x20, 0x08, 0x06, 0xcd, 0xdc, 0x08, 0x33, 0x33, 0x62,
    0x60, 0x34, 0x20, 0x08, 0x06, 0x0d, 0xdd, 0x08, 0x34, 0x73, 0x81, 0xb0, 0xc3, 0x0d, 0x41, 0xcd, 0x90, 0xc1, 0x2c,
    0xc3, 0x1a, 0xb0, 0x41, 0x90, 0x84, 0x00, 0x49, 0x08, 0x70, 0x42, 0x30, 0x19, 0x24, 0x31, 0x4b, 0xd0, 0x06, 0x03,
    0x15, 0x42, 0xc7, 0x06, 0x72, 0xa6, 0x06, 0x03, 0x15, 0x49, 0xc6, 0x06, 0x7a, 0xa6, 0x06, 0x03, 0x15, 0xc9, 0xc4,
    0x06, 0x7c, 0xa6, 0x06, 0x27, 0xec, 0xcc, 0x25, 0x91, 0xc4, 0x35, 0x01, 0x5e, 0xe0, 0x33, 0x7a, 0x01, 0xb1, 0xc3,
    0x0d, 0xc1, 0x43, 0x06, 0x17, 0x36, 0xc5, 0x4d, 0x37, 0x98, 0x4d, 0x20, 0x5c, 0x90, 0xec, 0x74, 0x03, 0xda, 0x4c,
    0xc4, 0x19, 0x41, 0xa0, 0x53, 0x36, 0x20, 0x30, 0xdc, 0xf0, 0xc0, 0x0d, 0x18, 0xcc, 0x32, 0xb4, 0x01, 0x1b, 0x04,
    0x03, 0x15, 0x89, 0x18, 0xac, 0x81, 0xc2, 0x06, 0x63, 0x08, 0x6f, 0xa3, 0x33, 0x63, 0x08, 0x6f, 0xb3, 0x33, 0x23,
    0x06, 0x46, 0x03, 0x82, 0x60, 0xd0, 0xb8, 0x8e, 0xe0, 0x36, 0x23, 0x06, 0x46, 0x03, 0x82, 0x60, 0xd0, 0xbc, 0x8e,
    0xf0, 0x36, 0x17, 0x08, 0x3b, 0xdc, 0x10, 0xc0, 0x0d, 0x19, 0xcc, 0x32, 0xb8, 0xc1, 0x1b, 0x04, 0x49, 0x08, 0x90,
    0x84, 0x00, 0x27, 0x04, 0x93, 0x41, 0x12, 0xb3, 0x04, 0x70, 0x30, 0x50, 0x21, 0x74, 0x6f, 0x80, 0x6e, 0x6d, 0x30,
    0x50, 0x91, 0x64, 0x6f, 0x00, 0x6f, 0x6d, 0x30, 0x50, 0x91, 0x4c, 0x6f, 0x20, 0x6f, 0x6d, 0x70, 0x82, 0xdd, 0x5c,
    0x12, 0x49, 0x5c, 0x13, 0xe0, 0x05, 0x79, 0xa3, 0x17, 0x10, 0x3b, 0xdc, 0x10, 0x3c, 0x64, 0x70, 0x7c, 0x53, 0xdc,
    0x74, 0x43, 0xe8, 0x04, 0xc2, 0x05, 0xc9, 0x4e, 0x37, 0x8c, 0xce, 0x44, 0x9c, 0x11, 0x04, 0x3a, 0xa0, 0x03, 0x02,
    0xc3, 0x0d, 0xcf, 0xea, 0x80, 0xc1, 0x2c, 0x03, 0x1c, 0xbc, 0x41, 0x30, 0x50, 0x91, 0x88, 0x81, 0x1b, 0x28, 0x6f,
    0x70, 0x6f, 0x03, 0x37, 0x3c, 0xdc, 0x10, 0xa4, 0x0e, 0x1a, 0x9c, 0xea, 0xe0, 0x4c, 0x4c, 0x37, 0x04, 0x39, 0x23,
    0xcc, 0x31, 0xe0, 0x4d, 0xc0, 0x3a, 0x97, 0x33, 0x3a, 0xc3, 0xc3, 0x0d, 0x81, 0xeb, 0xa0, 0xc1, 0xbd, 0x8e, 0xc8,
    0xc4, 0x74, 0x43, 0x30, 0x32, 0xc2, 0x1c, 0x43, 0x11, 0xb4, 0xce, 0x8d, 0x0c, 0xc9, 0xf0, 0x70, 0x43, 0x30, 0x3b,
    0x68, 0x70, 0xb4, 0xc3, 0x2e, 0x31, 0xdd, 0x10, 0xb4, 0x8b, 0x30, 0xc7, 0x20, 0x3a, 0x81, 0xed, 0x5c, 0xbb, 0xb8,
    0x0b, 0x0f, 0x37, 0x04, 0xb8, 0x83, 0x06, 0x97, 0x3b, 0xb6, 0x12, 0xd3, 0x0d, 0xc1, 0xad, 0x08, 0x73, 0x0c, 0x45,
    0x70, 0x3b, 0x83, 0x0c, 0x4b, 0x70, 0x3a, 0x87, 0x2b, 0xb9, 0xc2, 0xc3, 0x0d, 0x81, 0xef, 0xa0, 0xc1, 0xfd, 0x4e,
    0xa8, 0xc4, 0x74, 0x43, 0x20, 0x2a, 0xc2, 0x1c, 0x43, 0xeb, 0x04, 0xe1, 0x73, 0xa2, 0x32, 0x2a, 0x3c, 0xdc, 0x10,
    0x8c, 0x0f, 0x1a, 0x1c, 0xf9, 0xac, 0x49, 0x4c, 0x37, 0x04, 0x6c, 0x22, 0xcc, 0x31, 0x14, 0x81, 0xf8, 0x1c, 0x9b,
    0xb4, 0x09, 0x0f, 0x37, 0x04, 0xe8, 0x83, 0x06, 0x97, 0x3e, 0x35, 0x12, 0xd3, 0x0d, 0x81, 0x8d, 0x08, 0x73, 0x0c,
    0xb7, 0x13, 0xac, 0xcf, 0xd9, 0xc8, 0x8d, 0xf0, 0x70, 0x43, 0xd0, 0x3e, 0x68, 0x70, 0xee, 0xf3, 0x1f, 0x31, 0xdd,
    0x10, 0x80, 0x88, 0x30, 0xc7, 0x50, 0x04, 0xec, 0x33, 0xc8, 0xb0, 0x04, 0xbc, 0x33, 0xc8, 0x60, 0x05, 0xbc, 0x73,
    0x22, 0x32, 0x22, 0x3c, 0xdc, 0x10, 0xd0, 0x0f, 0x1a, 0x5c, 0xfd, 0xac, 0x47, 0x4c, 0x37, 0x04, 0xec, 0x21, 0xcc,
    0x31, 0x8c, 0x4f, 0x70, 0x3f, 0xc7, 0x1e, 0xed, 0xc1, 0xc3, 0x0d, 0x41, 0xfe, 0xa0, 0xc1, 0xe9, 0x4f, 0x6d, 0xc4,
    0x74, 0x43, 0x60, 0x1b, 0xc2, 0x1c, 0x43, 0x11, 0xe0, 0xcf, 0xd9, 0xc6, 0x6d, 0xf0, 0x70, 0x43, 0xe0, 0x3f, 0x68,
    0x70, 0xff, 0xf3, 0x17, 0x31, 0xdd, 0x10, 0x80, 0x86, 0x30, 0xc7, 0xd0, 0x3e, 0x41, 0x08, 0x1d, 0x68, 0x84, 0x06,
    0x0f, 0x37, 0x04, 0x23, 0x84, 0x06, 0x47, 0x42, 0x69, 0x11, 0xd3, 0x0d, 0x81, 0x5a, 0x08, 0x73, 0x0c, 0x45, 0x20,
    0x42, 0x83, 0x0c, 0x4b, 0x20, 0x3f, 0xb7, 0x16, 0x6c, 0xc1, 0xc3, 0x0d, 0x41, 0x0a, 0xa1, 0xc1, 0xa9, 0x10, 0x4d,
    0xc4, 0x74, 0x43, 0x50, 0x13, 0xc2, 0x1c, 0x03, 0xfe, 0x04, 0x2c, 0x74, 0x35, 0x61, 0x13, 0x3c, 0xdc, 0x10, 0xb8,
    0x10, 0x1a, 0xdc, 0x0b, 0xf9, 0x43, 0x4c, 0x37, 0x04, 0xff, 0x20, 0xcc, 0x31, 0x14, 0x41, 0x0b, 0xdd, 0x3f, 0x80,
    0x04, 0x0f, 0x37, 0x04, 0x33, 0x84, 0x06, 0x47, 0x43, 0xe8, 0x10, 0xd3, 0x0d, 0x41, 0x3a, 0x08, 0x73, 0x0c, 0x22,
    0x14, 0xd8, 0xd0, 0xa5, 0x83, 0x3a, 0xf0, 0xe1, 0x50, 0x2c, 0xc4, 0x70, 0x83, 0x90, 0x43, 0x68, 0x30, 0xdd, 0x20,
    0xcc, 0x42, 0x30, 0xc7, 0x50, 0x04, 0x37, 0x34, 0xc8, 0xb0, 0x04, 0x27, 0x34, 0xc8, 0x60, 0x05, 0x27, 0x34, 0xc8,
    0xc0, 0x06, 0xc1, 0x09, 0x6d, 0x10, 0x0e, 0x04, 0x00, 0xbb, 0x07, 0x00, 0x00, 0x36, 0x1c, 0xf0, 0x48, 0x54, 0xe0,
    0x23, 0x3e, 0xe2, 0x23, 0x3e, 0x62, 0xe3, 0x3e, 0x62, 0x4c, 0xcf, 0xea, 0xd3, 0x38, 0xed, 0x23, 0x3e, 0xe2, 0x23,
    0x3e, 0xe2, 0x23, 0x06, 0x29, 0x90, 0x09, 0xcc, 0x53, 0xd3, 0x7e, 0xe3, 0x4c, 0x3e, 0xe2, 0x23, 0x36, 0xed, 0x23,
    0x38, 0xee, 0x23, 0xbd, 0xed, 0x23, 0xc7, 0x51, 0x21, 0x85, 0x3f, 0x1d, 0x44, 0xe3, 0x23, 0x3e, 0x52, 0xd7, 0x3e,
    0xe2, 0x23, 0x3e, 0x72, 0xe7, 0xe6, 0x2b, 0x30, 0x89, 0x3e, 0x8d, 0xd7, 0x3e, 0xe2, 0x23, 0xb5, 0xed, 0x23, 0x3e,
    0xe2, 0x23, 0xb7, 0x6e, 0xc5, 0x01, 0x91, 0x44, 0x05, 0xb5, 0xee, 0x23, 0x3e, 0xe2, 0x23, 0x3e, 0x62, 0xeb, 0x3e,
    0x62, 0xc1, 0x02, 0x91, 0x74, 0x2c, 0x3e, 0xe2, 0x23, 0x75, 0xee, 0x23, 0x3e, 0xe2, 0x23, 0x77, 0x6f, 0xc8, 0x03,
    0x94, 0x74, 0x2c, 0x3e, 0xe2, 0x23, 0x3e, 0x52, 0xe7, 0x3e, 0xa2, 0xdf, 0x3e, 0x52, 0xe7, 0xfd, 0xa9, 0x84, 0xc1,
    0xff, 0x3f, 0x11, 0x21, 0x38, 0xcc, 0x83, 0x2c, 0xc4, 0xf0, 0x4b, 0x03, 0x52, 0xd9, 0x3e, 0x71, 0x21, 0x93, 0x8f,
    0xe4, 0xb8, 0x8f, 0xd4, 0x39, 0x6d, 0x8b, 0x04, 0xd0, 0xe5, 0x44, 0x3e, 0x72, 0xd3, 0x3e, 0xe2, 0x23, 0x35, 0xad,
    0xfb, 0x88, 0x05, 0x12, 0x5c, 0x93, 0x13, 0x38, 0xce, 0xe2, 0x37, 0xce, 0xd4, 0xfb, 0xc8, 0x6d, 0xfb, 0x88, 0x4e,
    0xfb, 0x88, 0x8f, 0xd8, 0xe2, 0x80, 0x24, 0x38, 0x4d, 0xe5, 0x23, 0x3e, 0xe2, 0x23, 0x3e, 0xb2, 0xfb, 0x48, 0x4d,
    0xdf, 0x46, 0x4b, 0x60, 0x45, 0xc4, 0x54, 0x01, 0x8b, 0x4f, 0xfb, 0x88, 0x8f, 0xf8, 0x48, 0x4d, 0xe7, 0x3e, 0x62,
    0xd7, 0xfb, 0xb1, 0x6c, 0xd6, 0x81, 0x2c, 0x84, 0x1f, 0x38, 0x03, 0xe6, 0x23, 0x3e, 0xe2, 0x23, 0x36, 0xef, 0x23,
    0xbb, 0xee, 0x23, 0xf5, 0x6e, 0x9b, 0xb5, 0x80, 0x24, 0x38, 0x4d, 0x65, 0xfb, 0x88, 0x8f, 0xf8, 0x08, 0xef, 0x23,
    0x3e, 0x92, 0xeb, 0x26, 0x2f, 0x20, 0x0d, 0x48, 0xe5, 0x23, 0x3e, 0xd2, 0xfb, 0xc8, 0x7d, 0xfb, 0x88, 0x8f, 0xf0,
    0xb5, 0xf5, 0x3d, 0x82, 0xd3, 0x54, 0x3e, 0xe2, 0x23, 0x3e, 0xb2, 0xfb, 0x88, 0x8f, 0x58, 0xd6, 0x23, 0x51, 0x41,
    0xad, 0xfb, 0x88, 0x8f, 0xf8, 0x88, 0x8f, 0xf8, 0x88, 0x81, 0x06, 0x58, 0xd2, 0x11, 0xf9, 0x0c, 0x20, 0x29, 0x3e,
    0xe2, 0x23, 0xb5, 0xee, 0x23, 0x38, 0xed, 0x23, 0x3e, 0x62, 0x5a, 0x92, 0xc0, 0x3c, 0xbb, 0xdf, 0x38, 0x93, 0x8f,
    0xf8, 0x88, 0x8f, 0xf8, 0x88, 0x8f, 0xd8, 0x75, 0x40, 0x24, 0x1d, 0x91, 0x8f, 0xf8, 0x48, 0xbd, 0xfb, 0x88, 0x8f,
    0xe0, 0xb5, 0x8f, 0x58, 0xd3, 0xa3, 0xfa, 0xf4, 0xdd, 0xfb, 0x88, 0x8f, 0xf8, 0x88, 0x8f, 0xf8, 0xc8, 0x15, 0x58,
    0xd6, 0x81, 0x2c, 0x84, 0x1f, 0x38, 0x03, 0xe6, 0x23, 0x3e, 0x62, 0xf3, 0x3e, 0xe2, 0x23, 0x3e, 0x62, 0x9b, 0x03,
    0x92, 0x44, 0x05, 0x3e, 0xe2, 0x23, 0x3e, 0xe2, 0x23, 0x36, 0xee, 0x23, 0xb5, 0x4d, 0xdb, 0x77, 0x40, 0xb4, 0xfa,
    0xb5, 0x8f, 0xf8, 0x88, 0x9d, 0xfb, 0x88, 0x8f, 0xe0, 0xbd, 0x8f, 0xd8, 0x2a, 0x81, 0x74, 0x39, 0x91, 0x8f, 0xdc,
    0xb4, 0x8f, 0xe4, 0xbc, 0x8f, 0xf8, 0x88, 0x5d, 0xd3, 0x86, 0x48, 0xe0, 0x48, 0x54, 0xe0, 0x23, 0x3e, 0xe2, 0x23,
    0x35, 0x8d, 0xfb, 0x88, 0x91, 0x06, 0x5c, 0x02, 0xf3, 0xd4, 0xb4, 0xdf, 0x38, 0x93, 0x8f, 0xf8, 0x88, 0x4d, 0xfb,
    0x08, 0x8e, 0xfb, 0x88, 0x8f, 0x18, 0xb0, 0xc0, 0xa4, 0xfa, 0xf4, 0xdd, 0xfb, 0x88, 0x8f, 0xd4, 0xb8, 0x8f, 0xf8,
    0x88, 0x8f, 0xdc, 0xbc, 0x71, 0x0e, 0x48, 0xab, 0x5f, 0xfb, 0x88, 0x8f, 0xf8, 0x88, 0x8f, 0xd8, 0xb9, 0x8f, 0xd4,
    0x76, 0x6d, 0xbe, 0x04, 0x58, 0x44, 0x4c, 0x15, 0xb0, 0xf8, 0xb4, 0x8f, 0xf8, 0x48, 0xbe, 0xfb, 0x48, 0x5d, 0xdf,
    0x3e, 0x62, 0xdb, 0xb9, 0xbd, 0x0a, 0x3c, 0x12, 0x15, 0xf8, 0x88, 0x8f, 0xf8, 0x88, 0x8f, 0xf8, 0x88, 0x8d, 0x1b,
    0x4a, 0xd0, 0x19, 0x66, 0x40, 0x24, 0x38, 0x4d, 0xe5, 0x23, 0x3e, 0xb2, 0xfb, 0xc8, 0x5d, 0xfb, 0x88, 0x8f, 0x58,
    0xaa, 0x00, 0x04, 0x34, 0x43, 0xef, 0x23, 0x3e, 0xe2, 0x23, 0x3e, 0xe2, 0x23, 0x35, 0x7f, 0x10, 0x15, 0x52, 0xf8,
    0xd3, 0x41, 0x34, 0x3e, 0xe2, 0x23, 0x75, 0xed, 0x23, 0x3e, 0x72, 0xe7, 0x3e, 0x62, 0xa4, 0x02, 0xd1, 0xea, 0xd3,
    0x38, 0xed, 0x23, 0x3e, 0xe2, 0x23, 0x3e, 0xe2, 0x23, 0xf5, 0x6d, 0x8f, 0x01, 0x91, 0x44, 0x05, 0xb5, 0xee, 0x23,
    0x3e, 0xe2, 0x23, 0xb6, 0xee, 0x23, 0x3e, 0x62, 0xf9, 0x01, 0x91, 0x44, 0x05, 0x3e, 0xe2, 0x23, 0x3e, 0x62, 0xe3,
    0x3e, 0xb2, 0xdb, 0x3e, 0x62, 0x27, 0xc1, 0x79, 0x06, 0xdc, 0xff, 0x3f, 0x11, 0x21, 0x38, 0xcc, 0x83, 0x2c, 0xc4,
    0xf0, 0x4b, 0x03, 0x52, 0xd9, 0x3e, 0x71, 0x21, 0x93, 0x8f, 0xf8, 0x88, 0xbd, 0x0e, 0x50, 0xd2, 0x11, 0xf9, 0x88,
    0x8f, 0xd4, 0xbb, 0x8f, 0xf8, 0x08, 0x5e, 0xfb, 0x48, 0x7d, 0xef, 0xe6, 0x07, 0x09, 0x4e, 0x53, 0xd9, 0x3e, 0xe2,
    0x23, 0x3e, 0xc2, 0xfb, 0x88, 0x8f, 0xd8, 0x74, 0xc0, 0xb4, 0xfa, 0x34, 0x4e, 0xfb, 0x88, 0x8f, 0xd4, 0xb7, 0x8f,
    0xf8, 0xc8, 0xbd, 0xfb, 0x88, 0x25, 0x35, 0x03, 0x52, 0xf9, 0x88, 0x8f, 0xf8, 0x88, 0x8f, 0xf8, 0xc8, 0x6d, 0x7c,
    0xff, 0xff, 0x44, 0x84, 0xe0, 0x30, 0x0f, 0xb2, 0x10, 0xc3, 0x2f, 0x0d, 0x48, 0xe5, 0x13, 0x17, 0x32, 0xf9, 0x88,
    0x8f, 0xf8, 0xc8, 0x4d, 0xdf, 0x0a, 0x86, 0x14, 0xfe, 0x74, 0x10, 0x8d, 0x8f, 0xf8, 0x88, 0x8f, 0xd4, 0xb5, 0x8f,
    0xe4, 0xbd, 0x8f, 0xd4, 0x79, 0x6e, 0xca, 0x03, 0x94, 0x74, 0x44, 0x3e, 0xe2, 0x23, 0x3e, 0x52, 0xef, 0x3e, 0xa2,
    0xe7, 0x3e, 0x52, 0xeb, 0xb5, 0x45, 0x0f, 0x50, 0x12, 0x15, 0xf8, 0x88, 0x8f, 0xf8, 0x88, 0x8d, 0xfb, 0xc8, 0x6e,
    0xfb, 0x48, 0xad, 0xf3, 0xe6, 0x1d, 0x10, 0x49, 0x54, 0xe0, 0x23, 0x3e, 0x62, 0xe3, 0x3e, 0xe2, 0x23, 0x38, 0xef,
    0x23, 0x76, 0x3e, 0x50, 0x39, 0x91, 0x8f, 0xf8, 0x48, 0xdd, 0xfb, 0x08, 0x7e, 0xfb, 0x48, 0x5f, 0xfb, 0x48, 0xcd,
    0xef, 0x97, 0xb2, 0x59, 0x07, 0xb2, 0x10, 0x7e, 0xe0, 0x0c, 0x98, 0x8f, 0xf8, 0x88, 0xcd, 0xfb, 0x88, 0x8f, 0xe4,
    0xb6, 0x8f, 0xd4, 0x38, 0x6f, 0x88, 0x02, 0x95, 0xe8, 0xd3, 0x78, 0xed, 0x23, 0x3e, 0x52, 0xdb, 0x3e, 0x72, 0xeb,
    0x3e, 0xc2, 0xe3, 0x3e, 0x62, 0x50, 0x8d, 0x74, 0x44, 0x3e, 0xe2, 0x23, 0x3e, 0xe2, 0x23, 0x3e, 0x62, 0xac, 0x04,
    0xda, 0xe4, 0x04, 0x8e, 0xb3, 0xf8, 0x8d, 0x33, 0xf5, 0x3e, 0x72, 0xdb, 0x3e, 0xa2, 0xd3, 0x3e, 0xe2, 0x23, 0x76,
    0x5d, 0x5b, 0xfb, 0x80, 0xb5, 0xfa, 0xb5, 0x8f, 0xf8, 0x88, 0x9d, 0xfb, 0x08, 0xde, 0xfb, 0x48, 0xbf, 0xfb, 0x48,
    0xdd, 0xdf, 0xa7, 0x50, 0x21, 0x85, 0x3f, 0x1d, 0x44, 0xe3, 0x23, 0x3e, 0x52, 0xd7, 0x3e, 0x72, 0xe7, 0x3e, 0xe2,
    0x23, 0x86, 0x2d, 0x30, 0x09, 0x4e, 0x53, 0xdd, 0x3e, 0xe2, 0x23, 0x3e, 0x52, 0xd3, 0x3e, 0xe2, 0x23, 0x39, 0x6f,
    0xd2, 0x01, 0x93, 0xe8, 0xd3, 0x78, 0xed, 0x23, 0x3e, 0x52, 0xdb, 0x3e, 0xe2, 0x23, 0xb7, 0xee, 0x23, 0x46, 0x17,
    0x49, 0x54, 0x50, 0xeb, 0x3e, 0xe2, 0x23, 0xb6, 0xee, 0x23, 0x3e, 0xe2, 0x23, 0x86, 0x3f, 0xd0, 0x48, 0x54, 0xe0,
    0x23, 0x77, 0xed, 0x23, 0x3e, 0xe2, 0x23, 0x67, 0x92, 0x59, 0x07, 0xb2, 0x10, 0x7e, 0xe0, 0x0c, 0x98, 0x8f, 0xf8,
    0x88, 0x8f, 0xf8, 0x88, 0xcd, 0xfb, 0x48, 0x6d, 0xe3, 0x76, 0x3b, 0x40, 0xad, 0x7e, 0xed, 0x23, 0x3e, 0x62, 0xe7,
    0x3e, 0xe2, 0x23, 0x78, 0xef, 0x23, 0x35, 0x9e, 0xdf, 0x40, 0xf7, 0xff, 0x4f, 0x44, 0x08, 0x0e, 0xf3, 0x20, 0x0b,
    0x31, 0xfc, 0xd2, 0x80, 0x54, 0x3e, 0x71, 0x21, 0x93, 0x8f, 0xf8, 0x88, 0x8f, 0x18, 0xbc, 0xc0, 0x24, 0x38, 0x4d,
    0xe5, 0x23, 0x3e, 0xb2, 0xfb, 0xc8, 0x5d, 0xfb, 0x88, 0x8f, 0xec, 0xbd, 0x61, 0x0e, 0x50, 0xd2, 0xb1, 0xd4, 0xb8,
    0x8f, 0xf8, 0x88, 0x8f, 0xf8, 0x88, 0x5d, 0xfb, 0x48, 0x5d, 0xef, 0x66, 0x28, 0x20, 0x0d, 0x48, 0xe5, 0x23, 0x3e,
    0xd2, 0xfb, 0xc8, 0x7d, 0xfb, 0x08, 0x5f, 0xfb, 0x88, 0xb5, 0x0a, 0x40, 0x4e, 0x54, 0xe7, 0x3e, 0xe2, 0x23, 0x3e,
    0xe2, 0x23, 0x3e, 0x62, 0xdb, 0xe6, 0x3e, 0x80, 0x49, 0x54, 0x50, 0xeb, 0x3e, 0xe2, 0x23, 0xb6, 0xee, 0x23, 0x39,
    0xed, 0x23, 0x3d, 0xef, 0x23, 0x75, 0x8f, 0x1b, 0xb7, 0x40, 0x24, 0x1d, 0x8b, 0x8f, 0xf8, 0x88, 0x8f, 0xd4, 0xb9,
    0x8f, 0xf8, 0x88, 0x7e, 0x9b, 0x2b, 0xc1, 0x15, 0x11, 0x53, 0x05, 0x2c, 0x3e, 0xed, 0x23, 0xf7, 0xed, 0x23, 0x7a,
    0xed, 0x23, 0x3e, 0x62, 0xd7, 0xb7, 0x0d, 0x0b, 0x44, 0xd2, 0x11, 0xf9, 0x88, 0x8f, 0xd4, 0xbb, 0x8f, 0xf8, 0x88,
    0x8f, 0xe0, 0xb5, 0xb9, 0x07, 0x4c, 0xab, 0x4f, 0xe3, 0xb4, 0x8f, 0xf8, 0x88, 0x8f, 0xd4, 0xb7, 0x8f, 0xe8, 0xb5,
    0x8f, 0x18, 0x5a, 0xa4, 0xfa, 0xf4, 0xdd, 0xfb, 0x88, 0x8f, 0xd4, 0xb8, 0x8f, 0xf8, 0x88, 0x8f, 0xd8, 0x69, 0x40,
    0xa4, 0xfa, 0xb5, 0x8f, 0xf8, 0x88, 0x7d, 0xfb, 0x08, 0xbe, 0xfb, 0x88, 0x8f, 0x98, 0xb6, 0xc0, 0xb4, 0xfa, 0x34,
    0x4e, 0xfb, 0x88, 0x8f, 0xf8, 0x48, 0x7d, 0xfb, 0x88, 0x8f, 0xe8, 0xb5, 0x79, 0x0b, 0x44, 0xd2, 0x11, 0xf9, 0x88,
    0x8f, 0xf8, 0x48, 0xbd, 0xfb, 0x88, 0x8f, 0xe8, 0xb9, 0x49, 0x0e, 0x48, 0xd2, 0xb1, 0xf8, 0x88, 0x8f, 0xf8, 0x88,
    0x8f, 0xd4, 0xb9, 0x8f, 0xd4, 0x75, 0x6d, 0x65, 0x91, 0xe0, 0x34, 0xd5, 0xed, 0x23, 0x3e, 0x52, 0xd3, 0x3e, 0xe2,
    0x23, 0x3e, 0x62, 0xaa, 0x02, 0x8e, 0x13, 0xf9, 0x88, 0x8f, 0xf8, 0x88, 0x8f, 0xf8, 0x48, 0xdd, 0x1f, 0x05, 0x66,
    0x1d, 0xc8, 0x42, 0xf8, 0x81, 0x33, 0x60, 0x3e, 0xe2, 0x23, 0x3e, 0x62, 0xf3, 0x3e, 0xb2, 0xeb, 0x3e, 0x72, 0x19,
    0x13, 0x52, 0xf8, 0xd3, 0x41, 0x34, 0x3e, 0xe2, 0x23, 0x3e, 0xe2, 0x23, 0x3e, 0x52, 0xd7, 0x66, 0x16, 0x89, 0x3e,
    0x8d, 0xd7, 0x3e, 0xe2, 0x23, 0xb5, 0xed, 0x23, 0x3e, 0xe2, 0x23, 0xa6, 0x39, 0x20, 0xa9, 0x7e, 0xed, 0x23, 0x3e,
    0xe2, 0x23, 0x3e, 0x62, 0xdf, 0x3e, 0x52, 0xd7, 0xbd, 0x35, 0x12, 0x40, 0x12, 0x15, 0xf8, 0xc8, 0x5d, 0xfb, 0x88,
    0x8f, 0xd4, 0x34, 0xef, 0x23, 0xd6, 0x1b, 0x00, 0x01, 0xcd, 0xd0, 0xfb, 0x88, 0x8f, 0xf8, 0x88, 0x8f, 0xd4, 0xbc,
    0x8f, 0x18, 0xb2, 0x80, 0xe4, 0x44, 0x75, 0xee, 0x23, 0x3e, 0x62, 0xdb, 0x3e, 0xe2, 0x23, 0x3e, 0x82, 0xeb, 0x36,
    0x2b, 0xf0, 0xa8, 0xbe, 0xed, 0x23, 0x3e, 0xe2, 0x23, 0x3e, 0xe2, 0x23, 0x76, 0x6f, 0x89, 0x01, 0x95, 0xc0, 0x3c,
    0x35, 0xed, 0x37, 0xce, 0xe4, 0x23, 0x3e, 0xe2, 0x23, 0x36, 0xed, 0x23, 0x3e, 0x62, 0xf8, 0x02, 0x98, 0x74, 0x44,
    0x3e, 0x03, 0x48, 0x8a, 0x8f, 0xf8, 0x48, 0xad, 0xfb, 0x08, 0x4e, 0xfb, 0x88, 0x8f, 0xf0, 0xbc, 0x5d, 0x0b, 0x40,
    0x03, 0x52, 0xf9, 0x88, 0x8f, 0xf8, 0x48, 0xef, 0x23, 0x3e, 0x92, 0xef, 0x56, 0x49, 0x20, 0x5d, 0x4e, 0xe4, 0x23,
    0x37, 0xed, 0x23, 0x39, 0xef, 0x23, 0x75, 0x8d, 0xfb, 0x88, 0x35, 0x0a, 0x4c, 0xd2, 0x11, 0xf9, 0x88, 0x8f, 0xd4,
    0xbb, 0x8f, 0xe0, 0xb5, 0x8f, 0xf0, 0xbd, 0x8f, 0x18, 0x70, 0x40, 0x24, 0x1d, 0x4b, 0x8d, 0xfb, 0x88, 0x8f, 0xf8,
    0x88, 0x8f, 0xd8, 0xb5, 0x8f, 0x98, 0x75, 0x80, 0x25, 0x1d, 0x91, 0xcf, 0x00, 0x92, 0xe2, 0x23, 0x3e, 0x52, 0xeb,
    0x3e, 0xe2, 0x23, 0x38, 0xed, 0x23, 0x66, 0x48, 0xe0, 0x5c, 0x4e, 0xe4, 0x23, 0x3e, 0xe2, 0x23, 0x35, 0x6d, 0xfb,
    0x88, 0x39, 0x12, 0x54, 0x11, 0x31, 0x55, 0xc0, 0xe2, 0xd3, 0x3e, 0x72, 0xdf, 0x3e, 0xe2, 0x23, 0x35, 0xdd, 0xfb,
    0x88, 0xd9, 0x12, 0x4c, 0x97, 0x13, 0xf9, 0xc8, 0x4d, 0xfb, 0x88, 0x8f, 0xd4, 0xb4, 0xee, 0x23, 0x76, 0xcd, 0x1b,
    0xb8, 0x00, 0xe4, 0x44, 0x3e, 0xe2, 0x23, 0x3e, 0x52, 0xf7, 0x3e, 0xe2, 0x23, 0xfa, 0x6e, 0x97, 0x03, 0x98, 0xc0,
    0x3c, 0x35, 0xed, 0x37, 0xce, 0xe4, 0x23, 0x3e, 0xe2, 0x23, 0x3e, 0x62, 0xd3, 0x3e, 0x52, 0xd7, 0xba, 0x7d, 0x0f,
    0x60, 0x82, 0xd3, 0x54, 0xb7, 0x8f, 0xf8, 0x48, 0x4d, 0xfb, 0xc8, 0x8d, 0xfb, 0x08, 0x6f, 0xfb, 0x48, 0xbd, 0xf3,
    0x06, 0x3e, 0x80, 0x89, 0x3e, 0x8d, 0xd7, 0x3e, 0xe2, 0x23, 0xb5, 0xed, 0x23, 0xb7, 0xee, 0x23, 0x3c, 0xee, 0x23,
    0x35, 0x4f, 0xdb, 0xf8, 0x80, 0x25, 0x1d, 0x8b, 0x8f, 0xf8, 0x48, 0x9d, 0xfb, 0xc8, 0xdd, 0xfb, 0x08, 0xbf, 0xfb,
    0x48, 0xcd, 0xdf, 0xe6, 0xd4, 0x48, 0xc7, 0xe2, 0x23, 0x3e, 0xe2, 0x23, 0x3e, 0xe2, 0x23, 0x76, 0x2f, 0x30, 0x49,
    0xc7, 0xe2, 0x23, 0x3e, 0x52, 0xe7, 0x3e, 0x72, 0xf7, 0x3e, 0xe2, 0x23, 0xfc, 0x6e, 0x9f, 0x04, 0x53, 0x44, 0x4c,
    0x15, 0xb0, 0xf8, 0xb4, 0x8f, 0xf8, 0x88, 0x8f, 0xf8, 0x88, 0x4d, 0xd7, 0x06, 0x38, 0x30, 0x49, 0x54, 0xe0, 0x23,
    0x3e, 0x62, 0xe3, 0x3e, 0x82, 0xf3, 0x3e, 0xe2, 0x23, 0xbd, 0x7e, 0x04, 0x13, 0x52, 0xf8, 0xd3, 0x41, 0x34, 0x3e,
    0xe2, 0x23, 0x75, 0xed, 0x23, 0x3e, 0xe2, 0x23, 0xf6, 0x2f, 0x30, 0xa9, 0x7e, 0xed, 0x23, 0x3e, 0x62, 0xdf, 0x3e,
    0x82, 0xef, 0x3e, 0xe2, 0x23, 0x7d, 0x6e, 0xce, 0x01, 0x91, 0xe0, 0x34, 0x95, 0x8f, 0xf8, 0xc8, 0xee, 0x23, 0x3e,
    0x72, 0xd7, 0x3e, 0x62, 0xad, 0x03, 0x94, 0x74, 0x2c, 0x3e, 0xe2, 0x23, 0x75, 0xee, 0x23, 0x3e, 0x72, 0xf7, 0x3e,
    0x52, 0xdf, 0xb9, 0x1d, 0x39, 0x82, 0xd3, 0x54, 0x3e, 0xe2, 0x23, 0x3e, 0xe2, 0x23, 0x3e, 0x62, 0x73, 0xcf, 0xea,
    0xd7, 0x3e, 0xe2, 0x23, 0x76, 0xee, 0x23, 0x3e, 0xe2, 0x23, 0xe6, 0x18, 0xf0, 0xac, 0x7e, 0xed, 0x23, 0x3e, 0xe2,
    0x23, 0x76, 0xee, 0x23, 0x3e, 0x62, 0x9c, 0x01, 0x93, 0xe8, 0xd3, 0x78, 0xed, 0x23, 0x3e, 0x52, 0xdb, 0x3e, 0x72,
    0xeb, 0x3e, 0xe2, 0x23, 0x96, 0x4a, 0x50, 0x45, 0xc4, 0x54, 0x01, 0x8b, 0x4f, 0xfb, 0x88, 0x8f, 0xe4, 0xbb, 0x8f,
    0xf8, 0x88, 0x4d, 0xf7, 0x46, 0x1c, 0xf0, 0xac, 0x7e, 0xed, 0x23, 0x3e, 0xe2, 0x23, 0x3e, 0x62, 0xe7, 0x3e, 0x62,
    0xb2, 0x02, 0x94, 0xc0, 0x3c, 0xbb, 0xdf, 0x38, 0x93, 0x8f, 0xf8, 0x88, 0x8f, 0xf8, 0x88, 0x8f, 0xd8, 0xbb, 0xf5,
    0x0f, 0x34, 0x12, 0x15, 0xf8, 0x88, 0x8f, 0xe4, 0xba, 0x8f, 0xf8, 0x88, 0x75, 0x06, 0x4c, 0xab, 0x4f, 0xe3, 0xb4,
    0x8f, 0xf8, 0x48, 0x7d, 0xfb, 0xc8, 0xbd, 0xfb, 0x88, 0x8f, 0x18, 0xac, 0xc0, 0xb3, 0xfa, 0xb5, 0x8f, 0xf8, 0x88,
    0x8f, 0xf8, 0x88, 0x8f, 0xd8, 0xb9, 0x6d, 0x0b, 0x4c, 0xaa, 0x4f, 0xdf, 0xbd, 0x8f, 0xf8, 0x88, 0x8f, 0xd4, 0xb8,
    0x8f, 0xf8, 0x88, 0x6e, 0x9b, 0x7a, 0x80, 0x24, 0x38, 0x4d, 0x65, 0xfb, 0x88, 0x8f, 0xf8, 0x08, 0xef, 0x23, 0xb9,
    0xee, 0x23, 0xb6, 0xd5, 0xa8, 0xbe, 0xed, 0x23, 0x3e, 0xe2, 0x23, 0x3e, 0xe2, 0x23, 0x87, 0x81, 0xfd, 0xff, 0x13,
    0x11, 0x82, 0xc3, 0x3c, 0xc8, 0x42, 0x0c, 0xbf, 0x34, 0x20, 0x15, 0xef, 0x13, 0x17, 0x32, 0x59, 0x7b, 0xc0, 0x24,
    0xfa, 0x34, 0x5e, 0xfb, 0x88, 0x8f, 0xf8, 0x48, 0x6d, 0xfb, 0x88, 0x4e, 0xfb, 0x88, 0xc1, 0x07, 0x44, 0xd2, 0xb1,
    0xf8, 0x88, 0x8f, 0xf8, 0x48, 0x9d, 0xfb, 0x88, 0x7e, 0xfb, 0x88, 0xd9, 0x0b, 0x54, 0xaa, 0x4f, 0xdf, 0xbd, 0x8f,
    0xf8, 0x48, 0x8d, 0xfb, 0xc8, 0xcd, 0xfb, 0x88, 0x8f, 0xf0, 0xba, 0xa9, 0x0f, 0x5c, 0x4e, 0x54, 0xe7, 0x3e, 0xe2,
    0x23, 0xb6, 0xed, 0x23, 0xb8, 0xee, 0x23, 0x3d, 0xee, 0x23, 0x75, 0x4f, 0x1f, 0x40, 0x41, 0x34, 0x53, 0x84, 0xd9,
    0x60, 0x40, 0xa4, 0xfa, 0xf4, 0xdd, 0xfb, 0x88, 0x8f, 0xf8, 0x48, 0x8d, 0xfb, 0x88, 0x8f, 0x98, 0x14, 0xe3, 0x44,
    0x3e, 0xe2, 0x23, 0x3e, 0xe2, 0x23, 0x3e, 0x62, 0xb4, 0x01, 0x90, 0xe0, 0x34, 0x95, 0xed, 0x23, 0x3e, 0xe2, 0x23,
    0x3e, 0xc2, 0xfb, 0x88, 0xe9, 0x0b, 0x50, 0x40, 0x33, 0xf4, 0x3e, 0xe2, 0x23, 0x35, 0xef, 0x23, 0xb8, 0xed, 0x23,
    0x3e, 0xd2, 0xd3, 0x86, 0x4b, 0x30, 0x49, 0x54, 0xe0, 0x23, 0x77, 0xed, 0x23, 0x3e, 0x52, 0xd3, 0xbc, 0x8f, 0xd8,
    0x36, 0x6d, 0xa2, 0x02, 0x91, 0xe0, 0x34, 0xd5, 0xed, 0x23, 0x3e, 0xe2, 0x23, 0x3e, 0xe2, 0x23, 0x35, 0x6d, 0xd4,
    0x01, 0x93, 0xea, 0xd3, 0x77, 0xef, 0x23, 0x3e, 0x52, 0xe3, 0x3e, 0xe2, 0x23, 0x37, 0xef, 0x23, 0x96, 0xf6, 0x48,
    0xc7, 0xe2, 0x23, 0x3e, 0x52, 0xe7, 0x3e, 0xe2, 0x23, 0x3e, 0x62, 0xb3, 0x01, 0x8f, 0xe0, 0x34, 0x95, 0x8f, 0xf8,
    0x88, 0x8f, 0xf8, 0xc8, 0xee, 0x23, 0x16, 0x2e, 0x70, 0x09, 0xcc, 0x53, 0xd3, 0x7e, 0xe3, 0x4c, 0x3e, 0xe2, 0x23,
    0x3e, 0x62, 0xd3, 0x3e, 0xe2, 0x23, 0x3a, 0x6f, 0xc4, 0x03, 0x96, 0xe0, 0x34, 0xd5, 0xed, 0x23, 0x3e, 0xe2, 0x23,
    0x35, 0xed, 0x23, 0x39, 0xef, 0x23, 0x75, 0x8e, 0x1b, 0xe5, 0x80, 0x24, 0x1d, 0x91, 0x8f, 0xf8, 0x88, 0x8f, 0xf8,
    0x48, 0xbd, 0xfb, 0x48, 0x5d, 0xdf, 0x27, 0x40, 0x59, 0x07, 0xb2, 0x10, 0x7e, 0xe0, 0x0c, 0x98, 0x8f, 0xf8, 0x88,
    0x8f, 0xf8, 0x88, 0x8f, 0xd8, 0x61, 0x00, 0x04, 0x34, 0x43, 0xef, 0x23, 0x3e, 0xe2, 0x23, 0x35, 0xef, 0x23, 0x3e,
    0x62, 0xd5, 0x01, 0x91, 0x74, 0x2c, 0x3e, 0xe2, 0x23, 0x75, 0xee, 0x23, 0x3e, 0x72, 0xf7, 0x3e, 0x62, 0x92, 0x02,
    0x94, 0x13, 0xd5, 0xb9, 0x8f, 0xf8, 0x88, 0x6d, 0xfb, 0x08, 0xae, 0xfb, 0x48, 0x8f, 0xfb, 0x88, 0xbd, 0x07, 0x4c,
    0xaa, 0x4f, 0xdf, 0xbd, 0x8f, 0xf8, 0x88, 0x8f, 0xd4, 0xb8, 0x8f, 0xe8, 0xb6, 0x8f, 0x98, 0xe0, 0x40, 0x25, 0x51,
    0x41, 0xad, 0xfb, 0x88, 0x8f, 0xd8, 0xba, 0x8f, 0xe4, 0xb4, 0x8f, 0xf8, 0x48, 0xcf, 0x9b, 0xfc, 0xc0, 0x34, 0x39,
    0x81, 0xe3, 0x2c, 0x7e, 0xe3, 0x4c, 0xbd, 0x8f, 0xf8, 0x88, 0x8f, 0xf8, 0x88, 0x61, 0x35, 0xab, 0x5f, 0xfb, 0x88,
    0x8f, 0xf8, 0x88, 0x8f, 0xf8, 0x88, 0x8d, 0x06, 0x40, 0x4e, 0xe4, 0x23, 0x3e, 0x52, 0xf7, 0x3e, 0x82, 0xdf, 0x3e,
    0xe2, 0x23, 0x96, 0x1d, 0x00, 0x39, 0x91, 0x8f, 0xf8, 0x48, 0xdd, 0xfb, 0x88, 0x8f, 0xe0, 0xb7, 0x8f, 0x5c, 0x45,
    0x18, 0xfc, 0xff, 0x13, 0x11, 0x82, 0xc3, 0x3c, 0xc8, 0x42, 0x0c, 0xbf, 0x34, 0x20, 0x95, 0x4f, 0x5c, 0xc8, 0xe4,
    0x23, 0x37, 0xed, 0x23, 0x3b, 0xef, 0x23, 0x56, 0x2c, 0x00, 0x39, 0x91, 0x8f, 0xf8, 0x48, 0xdd, 0xfb, 0x88, 0x8f,
    0xf8, 0x08, 0x7e, 0x5b, 0xb6, 0xc0, 0x24, 0xfa, 0x34, 0x5e, 0xfb, 0x88, 0x8f, 0xf8, 0x48, 0x6d, 0xfb, 0x88, 0x8f,
    0xe8, 0xb4, 0xd9, 0x0e, 0x50, 0x12, 0x15, 0xf8, 0x88, 0x8f, 0xd8, 0xb8, 0x8f, 0xf8, 0x08, 0xce, 0xfb, 0x48, 0x8d,
    0xe3, 0x06, 0x3d, 0x40, 0xa9, 0x7e, 0xed, 0x23, 0x3e, 0xe2, 0x23, 0xf6, 0xed, 0x23, 0x7b, 0xed, 0x23, 0xb5, 0xbe,
    0x1b, 0x99, 0x33, 0x20, 0x95, 0x8f, 0xf8, 0x48, 0xef, 0x23, 0x3e, 0xe2, 0x23, 0x06, 0x49, 0x00, 0x5d, 0x4e, 0xe4,
    0x23, 0x3e, 0x92, 0xe3, 0x3e, 0x52, 0xd7, 0xb4, 0x8f, 0x98, 0xe3, 0x00, 0x25, 0x38, 0x4d, 0x75, 0xfb, 0x88, 0x8f,
    0xf8, 0x88, 0x8f, 0xd4, 0xb4, 0x8f, 0xd4, 0xb4, 0x6e, 0x4f, 0x92, 0x74, 0x44, 0x3e, 0x03, 0x48, 0x8a, 0x8f, 0xf8,
    0x88, 0x8f, 0xf8, 0x88, 0x8f, 0x98, 0x28, 0x01, 0x36, 0x39, 0x81, 0xe3, 0x2c, 0x7e, 0xe3, 0x4c, 0xbd, 0x8f, 0xdc,
    0xb6, 0x8f, 0xf8, 0x88, 0x8f, 0xd8, 0xf4, 0x6d, 0xbe, 0x01, 0x8e, 0x13, 0xf9, 0x88, 0x8f, 0xf8, 0x88, 0x8f, 0xd4,
    0xbd, 0x8f, 0xd8, 0xd2, 0x23, 0xfa, 0x34, 0x5e, 0xfb, 0x88, 0x8f, 0xf8, 0x88, 0x8f, 0xf8, 0x88, 0x11, 0x06, 0x3c,
    0xd2, 0xb1, 0xf8, 0x88, 0x8f, 0xf8, 0x48, 0x9d, 0xfb, 0x88, 0x8f, 0x18, 0x77, 0x80, 0xe4, 0x44, 0x75, 0xee, 0x23,
    0x3e, 0x62, 0xdb, 0x3e, 0xe2, 0x23, 0xb8, 0xee, 0x23, 0x56, 0x29, 0x30, 0xad, 0x7e, 0xed, 0x23, 0x3e, 0x62, 0xe7,
    0x3e, 0x82, 0xf7, 0x3e, 0xd2, 0xef, 0x3e, 0x62, 0x93, 0x04, 0x55, 0x44, 0x4c, 0x15, 0xb0, 0xf8, 0xb4, 0x8f, 0xf8,
    0x48, 0xbe, 0xfb, 0x48, 0x5d, 0xdf, 0x3e, 0x72, 0x1f, 0x15, 0x52, 0xf8, 0xd3, 0x41, 0x34, 0x3e, 0xe2, 0x23, 0x3e,
    0x52, 0xd7, 0x3e, 0xe2, 0x23, 0x79, 0x6f, 0xb2, 0x04, 0xd9, 0xe4, 0x04, 0x8e, 0xb3, 0xf8, 0x8d, 0x33, 0xf5, 0x3e,
    0xe2, 0x23, 0x3e, 0x52, 0xd3, 0xb7, 0x8f, 0xd8, 0x75, 0x6e, 0xaa, 0x01, 0x93, 0x44, 0x05, 0xb5, 0xee, 0x23, 0x3e,
    0x62, 0xeb, 0x3e, 0x92, 0xd3, 0x3e, 0xe2, 0x23, 0x66, 0x1c, 0x40, 0x09, 0xcc, 0xb3, 0xfb, 0x8d, 0x33, 0xf9, 0x88,
    0x8f, 0xf8, 0x88, 0x8f, 0xd8, 0xbb, 0x8f, 0x98, 0x7d, 0xc0, 0x24, 0x1d, 0x4b, 0x8d, 0xfb, 0x88, 0x8f, 0xf8, 0x88,
    0x5d, 0xfb, 0x88, 0xde, 0xfb, 0x88, 0x0d, 0x12, 0x50, 0x11, 0x31, 0x55, 0xc0, 0xe2, 0xd3, 0x3e, 0x72, 0xdf, 0x3e,
    0xa2, 0xd7, 0x3e, 0xe2, 0x23, 0xd6, 0x2f, 0x50, 0x49, 0xc7, 0x52, 0xe3, 0x3e, 0xe2, 0x23, 0x76, 0xed, 0x23, 0x78,
    0xee, 0x23, 0x3e, 0xd2, 0xdf, 0xb6, 0x1a, 0x60, 0x09, 0xcc, 0xb3, 0xfb, 0x8d, 0x33, 0xf9, 0x88, 0x8f, 0xd8, 0xbb,
    0x8f, 0xe4, 0xb5, 0x8f, 0xf8, 0x88, 0x09, 0x12, 0x3c, 0x12, 0x15, 0xf8, 0xc8, 0x5d, 0xfb, 0x48, 0xde, 0xfb, 0x88,
    0x8f, 0xd8, 0x2c, 0x41, 0x24, 0x51, 0x81, 0x8f, 0xf8, 0x88, 0x8f, 0xd4, 0x34, 0xee, 0x23, 0x76, 0xad, 0x9b, 0xe9,
    0x00, 0x25, 0x38, 0x4d, 0xe5, 0x23, 0x3e, 0xb2, 0xfb, 0x88, 0x8f, 0xdc, 0xb5, 0x8f, 0xd4, 0xf6, 0x6e, 0x89, 0x04,
    0x53, 0x44, 0x4c, 0x15, 0xb0, 0xf8, 0xb4, 0x8f, 0xf8, 0x88, 0x8f, 0xd4, 0x74, 0xee, 0x23, 0x26, 0x2c, 0x60, 0x49,
    0x47, 0xe4, 0x33, 0x80, 0xa4, 0xf8, 0x88, 0x8f, 0xd4, 0xba, 0x8f, 0xf8, 0x88, 0x8f, 0xe0, 0xb4, 0x59, 0x12, 0x68,
    0x93, 0x13, 0x38, 0xce, 0xe2, 0x37, 0xce, 0xd4, 0xfb, 0xc8, 0x6d, 0xfb, 0x88, 0x4e, 0xfb, 0x48, 0x5d, 0xeb, 0x3e,
    0x62, 0xef, 0x03, 0x9b, 0xc0, 0x3c, 0xbb, 0xdf, 0x38, 0x93, 0x8f, 0xf8, 0x88, 0xbd, 0xfb, 0x48, 0x5e, 0xfb, 0x48,
    0xdf, 0xfb, 0x48, 0xdd, 0xe7, 0x86, 0x1a, 0x10, 0x49, 0x54, 0xe0, 0x23, 0x3e, 0x62, 0xe3, 0x3e, 0x82, 0xf3, 0x3e,
    0xe2, 0x23, 0x96, 0x1b, 0x10, 0xa9, 0x3e, 0x7d, 0xf7, 0x3e, 0xe2, 0x23, 0x3e, 0xe2, 0x23, 0x35, 0xee, 0x23, 0x26,
    0x1f, 0x10, 0x49, 0x47, 0xe4, 0x23, 0x3e, 0xe2, 0x23, 0xf5, 0xee, 0x23, 0x7a, 0xee, 0x23, 0x66, 0x4a, 0x00, 0x5d,
    0x4e, 0xe4, 0x23, 0x3e, 0x92, 0xe3, 0x3e, 0xe2, 0x23, 0x36, 0xad, 0x9b, 0xa3, 0x00, 0x05, 0x34, 0x43, 0xef, 0x23,
    0x3e, 0x52, 0xf3, 0x3e, 0x82, 0xdb, 0x3e, 0xd2, 0xd3, 0x3e, 0x62, 0xa9, 0x01, 0xd1, 0xea, 0xd7, 0x3e, 0xe2, 0x23,
    0x76, 0xee, 0x23, 0x78, 0xef, 0x23, 0x3e, 0x72, 0x0c, 0xda, 0xff, 0x3f, 0x11, 0x21, 0x38, 0xcc, 0x83, 0x2c, 0xc4,
    0xf0, 0x4b, 0x03, 0x52, 0xe1, 0x3e, 0x71, 0x21, 0x93, 0x8f, 0xd8, 0x21, 0x81, 0x35, 0x39, 0x81, 0xe3, 0x2c, 0x7e,
    0xe3, 0x4c, 0xbd, 0x8f, 0xf8, 0x88, 0x8f, 0xd4, 0xf4, 0xed, 0x23, 0xa6, 0x1b, 0xf0, 0x48, 0xc7, 0xe2, 0x23, 0x3e,
    0xe2, 0x23, 0x3e, 0x52, 0xe7, 0x3e, 0x62, 0x81, 0x01, 0x91, 0xe8, 0xd3, 0x78, 0xed, 0x23, 0x3e, 0xe2, 0x23, 0xb5,
    0xed, 0x23, 0x3e, 0x62, 0xf5, 0x02, 0xd5, 0xea, 0xd3, 0x38, 0xed, 0x23, 0x3e, 0x52, 0xdf, 0x3e, 0x72, 0xef, 0x3e,
    0xe2, 0x23, 0x7c, 0x6e, 0xba, 0x02, 0x91, 0xe0, 0x34, 0x95, 0x8f, 0xf8, 0xc8, 0xee, 0x23, 0x3e, 0xe2, 0x23, 0x77,
    0x6d, 0x6c, 0x10, 0xd0, 0x0c, 0xbd, 0x8f, 0xf8, 0x48, 0xcd, 0xfb, 0x88, 0x8f, 0xf8, 0x88, 0xc5, 0x3d, 0xaa, 0x5f,
    0xfb, 0x88, 0x8f, 0xd8, 0xb7, 0x8f, 0xf8, 0x88, 0x8f, 0x18, 0xfc, 0xc0, 0xa5, 0xfa, 0xb6, 0x8f, 0xf8, 0x88, 0xdd,
    0xfb, 0x48, 0x7e, 0xfb, 0x48, 0x4d, 0xd7, 0x3e, 0x52, 0xf7, 0xbb, 0xb5, 0x12, 0x48, 0x12, 0x15, 0xf8, 0xc8, 0x5d,
    0xfb, 0x48, 0xde, 0xfb, 0x88, 0x8f, 0xd8, 0xb5, 0x6d, 0xc7, 0x01, 0x8f, 0xea, 0xdb, 0x3e, 0xe2, 0x23, 0x3e, 0xe2,
    0x23, 0x76, 0xef, 0x23, 0x36, 0x39, 0x70, 0x49, 0x47, 0xe4, 0x33, 0x80, 0xa4, 0xf8, 0x88, 0x8f, 0xf8, 0x88, 0x8f,
    0xd4, 0xba, 0x8f, 0xd4, 0xb5, 0x6d, 0xe1, 0x01, 0x96, 0xc0, 0x3c, 0xbb, 0xdf, 0x38, 0x93, 0x8f, 0xf8, 0x88, 0xbd,
    0xfb, 0x88, 0x8f, 0xe4, 0xb5, 0x8f, 0xd8, 0x2d, 0xc1, 0x36, 0x39, 0x81, 0xe3, 0x2c, 0x7e, 0xe3, 0x4c, 0xbd, 0x8f,
    0xdc, 0xb6, 0x8f, 0xf8, 0x48, 0x4d, 0xef, 0x3e, 0x62, 0xd7, 0xbd, 0xa5, 0x0b, 0x44, 0xaa, 0x6f, 0xfb, 0x88, 0x8f,
    0xf8, 0x88, 0xdd, 0xfb, 0x88, 0x8f, 0xec, 0xbb, 0xa1, 0x0b, 0x58, 0x02, 0xf3, 0xec, 0x7e, 0xe3, 0x4c, 0x3e, 0xe2,
    0x23, 0x3e, 0x62, 0xef, 0x3e, 0xe2, 0x23, 0x7b, 0x6e, 0xac, 0x02, 0x91, 0x74, 0x2c, 0x35, 0xee, 0x23, 0x3e, 0xe2,
    0x23, 0x3e, 0xe2, 0x23, 0x76, 0x6d, 0xf7, 0x01, 0x92, 0x13, 0xd5, 0xb9, 0x8f, 0xf8, 0x88, 0x8f, 0xd8, 0xb6, 0x8f,
    0xec, 0xb4, 0x8f, 0xd8, 0xb8, 0x80, 0xe4, 0x44, 0x75, 0xee, 0x23, 0x3e, 0xe2, 0x23, 0xb6, 0xed, 0x23, 0x3e, 0xb2,
    0xd3, 0x76, 0x29, 0x80, 0x09, 0xcc, 0xb3, 0xfb, 0x8d, 0x33, 0xf9, 0x88, 0x8f, 0xd8, 0xbb, 0x8f, 0xe4, 0xb5, 0x8f,
    0xf4, 0xbd, 0x8f, 0x58, 0xb7, 0x80, 0x25, 0x1d, 0x91, 0xcf, 0x00, 0x92, 0xe2, 0x23, 0x3e, 0xe2, 0x23, 0xb5, 0xee,
    0x23, 0x3e, 0xa2, 0xe3, 0xa7, 0x61, 0x59, 0x07, 0xb2, 0x10, 0x7e, 0xe0, 0x0c, 0x98, 0x8f, 0xf8, 0x88, 0x8f, 0xf8,
    0x88, 0x8f, 0xd8, 0xbc, 0x71, 0x12, 0x38, 0x97, 0x13, 0xf9, 0x88, 0x8f, 0xf8, 0x88, 0x8f, 0xd4, 0x3d, 0x6f, 0x99,
    0x01, 0x92, 0xe0, 0x34, 0x95, 0xed, 0x23, 0x3e, 0xc2, 0xfb, 0xc8, 0x6d, 0xfb, 0x88, 0x8f, 0x18, 0x2f, 0xc1, 0x36,
    0x39, 0x81, 0xe3, 0x2c, 0x7e, 0xe3, 0x4c, 0xbd, 0x8f, 0xf8, 0x48, 0x9e, 0xfb, 0x48, 0x5d, 0xd7, 0x3e, 0x62, 0xdb,
    0xb7, 0xb9, 0x0e, 0x64, 0xd2, 0x11, 0xf9, 0x0c, 0x20, 0x29, 0x3e, 0xe2, 0x23, 0xb5, 0xee, 0x23, 0x3e, 0x82, 0xd3,
    0x3e, 0x52, 0xdf, 0xba, 0x99, 0x0a, 0x3c, 0xd2, 0xb1, 0xf8, 0x88, 0x8f, 0xf8, 0x88, 0x8f, 0xf8, 0x48, 0x9d, 0x5b,
    0x94, 0x03, 0x34, 0x43, 0xef, 0x23, 0x3e, 0xe2, 0x23, 0x3e, 0xe2, 0x23, 0xc6, 0x1e, 0x30, 0x09, 0x4e, 0x53, 0xdd,
    0x3e, 0xe2, 0x23, 0x3e, 0x52, 0xd3, 0x3e, 0x92, 0xf3, 0x3e, 0x62, 0x67, 0xd1, 0xea, 0xd3, 0x38, 0xed, 0x23, 0x3e,
    0x52, 0xdf, 0x3e, 0xe2, 0x23, 0x3e, 0x62, 0x98, 0x04, 0x57, 0x44, 0x4c, 0x15, 0xb0, 0xf8, 0xb4, 0x8f, 0xdc, 0xb7,
    0x8f, 0xe8, 0xb5, 0x8f, 0xd4, 0xf5, 0xee, 0x23, 0xf6, 0xe7, 0x0c, 0x48, 0xe5, 0x23, 0x3e, 0xe2, 0x23, 0xbd, 0x8f,
    0xf8, 0x88, 0x81, 0x07, 0x4c, 0x12, 0x15, 0xd4, 0xba, 0x8f, 0xf8, 0x88, 0xad, 0xfb, 0x88, 0x8f, 0xe4, 0xb4, 0x8f,
    0x18, 0x64, 0x00, 0x25, 0x30, 0xcf, 0xee, 0x37, 0xce, 0xe4, 0x23, 0x3e, 0xe2, 0x23, 0xf6, 0xee, 0x23, 0x3e, 0x62,
    0xa0, 0x02, 0x90, 0xe0, 0x34, 0x95, 0xed, 0x23, 0x3e, 0xe2, 0x23, 0x3e, 0xe2, 0x23, 0xbc, 0x71, 0x0f, 0x58, 0x82,
    0xd3, 0x54, 0x3e, 0xe2, 0x23, 0xbb, 0x8f, 0xdc, 0xb5, 0x8f, 0xec, 0xbd, 0x8f, 0xd4, 0x7b, 0x6e, 0xbf, 0x01, 0x95,
    0xc0, 0x3c, 0x35, 0xed, 0x37, 0xce, 0xe4, 0x23, 0x3e, 0xe2, 0x23, 0x3e, 0x62, 0xd3, 0x3e, 0x62, 0xf1, 0x03, 0xcb,
    0xe5, 0x44, 0x3e, 0xe2, 0x23, 0x3e, 0xe2, 0x23, 0x46, 0x3d, 0x90, 0x09, 0xcc, 0xb3, 0xfb, 0x8d, 0x33, 0xf9, 0x88,
    0x8f, 0xf8, 0x88, 0xbd, 0xfb, 0xc8, 0x9e, 0xfb, 0x48, 0xbd, 0xd7, 0xd6, 0x2c, 0x60, 0x09, 0xcc, 0xb3, 0xfb, 0x8d,
    0x33, 0xf9, 0x88, 0x8f, 0xd8, 0xbb, 0x8f, 0xf8, 0x88, 0x8f, 0xe4, 0xb5, 0x65, 0x0e, 0x4c, 0x4e, 0x54, 0xe7, 0x3e,
    0xe2, 0x23, 0x3e, 0xe2, 0x23, 0xb6, 0xed, 0x23, 0x75, 0xcd, 0xdb, 0x7a, 0x00, 0x34, 0x20, 0x95, 0x8f, 0xf8, 0x88,
    0x8f, 0xf4, 0x3e, 0x92, 0xef, 0x3e, 0x62, 0xcc, 0x03, 0x93, 0x13, 0xf9, 0x88, 0x8f, 0xf8, 0x48, 0xdd, 0xfb, 0x88,
    0xbe, 0xfb, 0x48, 0xad, 0xdf, 0x56, 0x3b, 0x40, 0xa9, 0x7e, 0xed, 0x23, 0x3e, 0x62, 0xdf, 0x3e, 0xe2, 0x23, 0xf8,
    0xee, 0x23, 0x35, 0x7e, 0x9b, 0x68, 0x80, 0x04, 0x34, 0x43, 0xef, 0x23, 0x3e, 0x52, 0xf3, 0x3e, 0x82, 0xdb, 0x3e,
    0xe2, 0x23, 0xb6, 0x2f, 0x20, 0x39, 0x91, 0x8f, 0xf8, 0x48, 0xdd, 0xfb, 0x08, 0x7e, 0xfb, 0x88, 0x8f, 0xf4, 0xb5,
    0xc9, 0x0e, 0x68, 0x02, 0xf3, 0xd4, 0xb4, 0xdf, 0x38, 0x93, 0x8f, 0xf8, 0x88, 0x4d, 0xfb, 0x88, 0x8f, 0xe0, 0xb8,
    0x8f, 0xd4, 0x38, 0x6d, 0xa5, 0x02, 0x91, 0xea, 0xd3, 0x77, 0xef, 0x23, 0x3e, 0xe2, 0x23, 0x3e, 0xe2, 0x23, 0x35,
    0x7e, 0x22, 0x17, 0x52, 0xf8, 0xd3, 0x41, 0x34, 0x3e, 0xe2, 0x23, 0x75, 0xed, 0x23, 0x77, 0xee, 0x23, 0x3e, 0xc2,
    0xdf, 0x96, 0x3b, 0x90, 0x09, 0xcc, 0xb3, 0xfb, 0x8d, 0x33, 0xf9, 0x88, 0x8f, 0xd8, 0xbb, 0x8f, 0xf8, 0x48, 0x5e,
    0xfb, 0x48, 0x8d, 0xef, 0x66, 0x3e, 0x70, 0x01, 0xcd, 0xd0, 0xfb, 0x88, 0x8f, 0xd4, 0xbc, 0x8f, 0xe0, 0xb6, 0x8f,
    0xf4, 0xb4, 0x8f, 0xd4, 0xbc, 0x6e, 0xd5, 0x03, 0x94, 0xea, 0xdb, 0x3e, 0xe2, 0x23, 0x3e, 0x62, 0xf7, 0x3e, 0xb2,
    0xef, 0x3e, 0x52, 0xef, 0xb7, 0xb1, 0x0f, 0x58, 0x12, 0x15, 0xf8, 0x88, 0x8f, 0xd8, 0xb8, 0x8f, 0xe0, 0xbc, 0x8f,
    0xf4, 0xba, 0x8f, 0xd4, 0xbd, 0x6d, 0x80, 0x01, 0x91, 0xe0, 0x34, 0xd5, 0xed, 0x23, 0x3e, 0xe2, 0x23, 0x35, 0xed,
    0x23, 0x3e, 0x62, 0x88, 0x01, 0x8e, 0x13, 0xf9, 0x88, 0x8f, 0xf8, 0x48, 0xdd, 0xfb, 0x88, 0x8f, 0x98, 0x67, 0xc0,
    0xa4, 0xfa, 0xf4, 0xdd, 0xfb, 0x88, 0x8f, 0xd4, 0xb8, 0x8f, 0xdc, 0xbc, 0x8f, 0xf8, 0xc8, 0x1d, 0x4c, 0x48, 0xe1,
    0x4f, 0x07, 0xd1, 0xf8, 0x88, 0x8f, 0xf8, 0x48, 0x5d, 0xfb, 0x88, 0x8f, 0xd8, 0xec, 0x80, 0x25, 0x1d, 0x4b, 0x8d,
    0xfb, 0x88, 0x8f, 0xd8, 0xb5, 0x8f, 0xf8, 0x08, 0x9e, 0xfb, 0x48, 0x8d, 0xd7, 0x66, 0x1a, 0x20, 0x39, 0x51, 0x9d,
    0xfb, 0x88, 0x8f, 0xd8, 0xb6, 0x8f, 0xe0, 0xba, 0x8f, 0xf8, 0x88, 0x31, 0x06, 0x3c, 0xaa, 0x5f, 0xfb, 0x88, 0x8f,
    0xf8, 0x88, 0x7d, 0xfb, 0x88, 0x8f, 0xd8, 0xb1, 0xc0, 0x24, 0x1d, 0x4b, 0x8d, 0xfb, 0x88, 0x8f, 0xd8, 0xb5, 0x8f,
    0xf8, 0x88, 0x8f, 0xe0, 0xf9, 0x91, 0x74, 0xff, 0xff, 0x44, 0x84, 0xe0, 0x30, 0x0f, 0xb2, 0x10, 0xc3, 0x2f, 0x0d,
    0x48, 0x85, 0xfb, 0xc4, 0x85, 0x4c, 0x3e, 0x52, 0xd3, 0xb6, 0x01, 0x13, 0x54, 0x97, 0x13, 0xf9, 0xc8, 0x4d, 0xfb,
    0x48, 0xce, 0xfb, 0x48, 0x5d, 0xe3, 0x3e, 0x62, 0xdb, 0xfa, 0x25, 0x7c, 0xff, 0xff, 0x44, 0x84, 0xe0, 0x30, 0x0f,
    0xb2, 0x10, 0xc3, 0x2f, 0x0d, 0x48, 0xe5, 0x13, 0x17, 0x32, 0xf9, 0xc8, 0x4d, 0xfb, 0x88, 0x8f, 0xd8, 0xe3, 0x00,
    0x25, 0xfa, 0x34, 0x5e, 0xfb, 0x88, 0x8f, 0xf8, 0x88, 0x8f, 0xd4, 0xb6, 0x8f, 0xd4, 0x34, 0x6f, 0x57, 0x8d, 0x44,
    0x05, 0x3e, 0xe2, 0x23, 0x3e, 0xe2, 0x23, 0x3e, 0x62, 0x70, 0x90, 0x13, 0xd5, 0xb9, 0x8f, 0xf8, 0x88, 0x6d, 0xfb,
    0x88, 0x8f, 0xf8, 0x88, 0xe5, 0x0b, 0x4c, 0xd2, 0x11, 0xf9, 0x88, 0x8f, 0xd4, 0xbb, 0x8f, 0xe0, 0xb5, 0x8f, 0xf8,
    0x08, 0xdf, 0xdb, 0xa7, 0xc0, 0x23, 0x38, 0x4d, 0xe5, 0x23, 0x3e, 0xe2, 0x23, 0x3e, 0xe2, 0x23, 0xbb, 0x25, 0x0f,
    0x64, 0xd2, 0x11, 0xf9, 0x0c, 0x20, 0x29, 0x3e, 0xe2, 0x23, 0x3e, 0x52, 0xeb, 0x3e, 0xa2, 0xe3, 0x3e, 0x52, 0xeb,
    0xb4, 0x61, 0x0a, 0x50, 0xaa, 0x6f, 0xfb, 0x88, 0x8f, 0xd8, 0xbd, 0x8f, 0xe4, 0xb7, 0x8f, 0xd4, 0x74, 0xed, 0x23,
    0x46, 0x1f, 0x00, 0x39, 0x91, 0x8f, 0xf8, 0x88, 0x8f, 0xd4, 0xbd, 0x8f, 0xe8, 0xbb, 0x8f, 0x18, 0x76, 0x80, 0x04,
    0x34, 0x43, 0xef, 0x23, 0x3e, 0x52, 0xf3, 0x3e, 0xe2, 0x23, 0xb8, 0xed, 0x23, 0xf6, 0x2d, 0x20, 0x01, 0xcd, 0xd0,
    0xfb, 0x88, 0x8f, 0xf8, 0x48, 0xcd, 0xfb, 0x88, 0x8f, 0xe8, 0xfa, 0xb9, 0x68, 0x48, 0xe1, 0x4f, 0x07, 0xd1, 0xf8,
    0x88, 0x8f, 0xd4, 0xb5, 0x8f, 0xdc, 0xb9, 0x8f, 0xf0, 0xb7, 0x8f, 0xd4, 0x7b, 0x6f, 0xfe, 0x03, 0x52, 0x44, 0x4c,
    0x15, 0xb0, 0xf8, 0xb4, 0x8f, 0xf8, 0x48, 0xbe, 0xfb, 0x88, 0x8f, 0xd8, 0x73, 0x80, 0x24, 0x38, 0x4d, 0x65, 0xfb,
    0x88, 0x8f, 0xf0, 0x3e, 0xe2, 0x23, 0xb7, 0xed, 0x23, 0x86, 0xf4, 0x08, 0x4e, 0x53, 0xd9, 0x3e, 0xe2, 0x23, 0x3e,
    0xe2, 0x23, 0x3e, 0x72, 0x01, 0x11, 0x52, 0xf8, 0xd3, 0x41, 0x34, 0x3e, 0xe2, 0x23, 0x3e, 0xe2, 0x23, 0x3e, 0x62,
    0x6a, 0x94, 0x74, 0x44, 0x3e, 0x03, 0x48, 0x8a, 0x8f, 0xf8, 0x48, 0xad, 0xfb, 0x88, 0x8f, 0xf8, 0x88, 0x15, 0x06,
    0x50, 0xd2, 0x11, 0xf9, 0x0c, 0x20, 0x29, 0x3e, 0xe2, 0x23, 0x3e, 0x52, 0xeb, 0x3e, 0xe2, 0x23, 0x16, 0x3b, 0x30,
    0x39, 0x91, 0x8f, 0xf8, 0x48, 0xdd, 0xfb, 0x88, 0x8f, 0xe0, 0xb7, 0x8f, 0xd4, 0x77, 0x6f, 0xbb, 0x01, 0x94, 0x74,
    0x44, 0x3e, 0x03, 0x48, 0x8a, 0x8f, 0xf8, 0x88, 0x8f, 0xf8, 0x48, 0xad, 0xfb, 0x88, 0x41, 0x0e, 0x50, 0xab, 0x4f,
    0xe3, 0xb4, 0x8f, 0xf8, 0x88, 0x8f, 0xf8, 0x48, 0x7d, 0xfb, 0x48, 0x4d, 0xf7, 0x36, 0x3f, 0xb0, 0x48, 0x54, 0xe0,
    0x23, 0x3e, 0xe2, 0x23, 0x3e, 0x62, 0xa7, 0x02, 0x94, 0x74, 0x44, 0x3e, 0x03, 0x48, 0x8a, 0x8f, 0xf8, 0x88, 0x8f,
    0xf8, 0x88, 0x8f, 0xd4, 0xba, 0x7d, 0x0e, 0x48, 0xaa, 0x6f, 0xfb, 0x88, 0x8f, 0xf8, 0x88, 0x8f, 0xd8, 0xbd, 0x8f,
    0xd4, 0x76, 0x6e, 0x84, 0x03, 0x94, 0xea, 0xdb, 0x3e, 0xe2, 0x23, 0x76, 0xef, 0x23, 0xf9, 0xed, 0x23, 0x3e, 0x52,
    0xd3, 0xb5, 0xa1, 0x12, 0x40, 0x12, 0x15, 0xf8, 0x88, 0x8f, 0xe4, 0xba, 0x8f, 0xf8, 0x88, 0x4d, 0xf3, 0xf6, 0x19,
    0x10, 0x49, 0xc7, 0xe2, 0x23, 0x3e, 0x52, 0xe7, 0x3e, 0x72, 0xf7, 0x3e, 0xe2, 0x23, 0xd6, 0x49, 0x60, 0x4d, 0x4e,
    0xe0, 0x38, 0x8b, 0xdf, 0x38, 0x53, 0xef, 0x23, 0x3e, 0xe2, 0x23, 0x3e, 0x52, 0xf7, 0xbd, 0x31, 0x0b, 0x4c, 0x12,
    0x15, 0xd4, 0xba, 0x8f, 0xf8, 0x88, 0xad, 0xfb, 0x88, 0x8f, 0xf8, 0x48, 0x4e, 0x5b, 0x1d, 0x25, 0x30, 0xcf, 0xee,
    0x37, 0xce, 0xe4, 0x23, 0x3e, 0x62, 0xef, 0x3e, 0xe2, 0x23, 0x3e, 0x62, 0xa7, 0x03, 0x95, 0xe0, 0x34, 0x95, 0xed,
    0x23, 0x3e, 0xc2, 0xfb, 0x88, 0x8f, 0xdc, 0xb6, 0x8f, 0xd4, 0x36, 0x6f, 0xce, 0x02, 0x91, 0xea, 0xdb, 0x3e, 0xe2,
    0x23, 0x76, 0xef, 0x23, 0x3e, 0xe2, 0x23, 0xf9, 0x6d, 0xe7, 0x02, 0x93, 0x44, 0x05, 0xb5, 0xee, 0x23, 0x3e, 0xe2,
    0x23, 0xb6, 0xee, 0x23, 0x3e, 0xb2, 0xe3, 0xc6, 0x48, 0x80, 0x4d, 0x4e, 0xe0, 0x38, 0x8b, 0xdf, 0x38, 0x53, 0xef,
    0x23, 0xb7, 0xed, 0x23, 0x3e, 0x52, 0xd3, 0xbb, 0x8f, 0x58, 0x24, 0x01, 0x36, 0x39, 0x81, 0xe3, 0x2c, 0x7e, 0xe3,
    0x4c, 0xbd, 0x8f, 0xf8, 0x48, 0x9e, 0xfb, 0x48, 0x5d, 0xd7, 0x3e, 0x62, 0xa7, 0x04, 0xd8, 0xe4, 0x04, 0x8e, 0xb3,
    0xf8, 0x8d, 0x33, 0xf5, 0x3e, 0xe2, 0x23, 0x79, 0xee, 0x23, 0x3e, 0x62, 0xd3, 0xbb, 0xc5, 0x07, 0x58, 0xd2, 0x11,
    0xf9, 0x0c, 0x20, 0x29, 0x3e, 0xe2, 0x23, 0x3e, 0x52, 0xeb, 0x3e, 0xa2, 0xe3, 0x3e, 0x62, 0xc3, 0x04, 0x5a, 0x44,
    0x4c, 0x15, 0xb0, 0xf8, 0xb4, 0x8f, 0xdc, 0xb7, 0x8f, 0xe8, 0xb5, 0x8f, 0xd4, 0xf5, 0xee, 0x23, 0xb6, 0xdd, 0x1b,
    0xff, 0x40, 0x35, 0x39, 0x81, 0xe3, 0x2c, 0x7e, 0xe3, 0x4c, 0xbd, 0x8f, 0xf8, 0x48, 0x9e, 0xfb, 0x88, 0x8f, 0x18,
    0xb1, 0x80, 0x04, 0x34, 0x43, 0xef, 0x23, 0x3e, 0x52, 0xf3, 0x3e, 0xe2, 0x23, 0x3e, 0x82, 0xdb, 0x56, 0x1b, 0xe0,
    0x0c, 0x48, 0xe5, 0x23, 0x3e, 0xe2, 0x23, 0x3e, 0xd2, 0xfb, 0x88, 0x5d, 0x12, 0x48, 0x12, 0x15, 0xf8, 0xc8, 0x5d,
    0xfb, 0x48, 0xde, 0xfb, 0x48, 0x5d, 0xe7, 0x3e, 0x62, 0xa8, 0x03, 0xd3, 0x80, 0x54, 0x3e, 0xe2, 0x23, 0xbd, 0x8f,
    0xf8, 0xc8, 0x7d, 0xfb, 0x48, 0x6d, 0xf7, 0xe7, 0x60, 0x59, 0x07, 0xb2, 0x10, 0x7e, 0xe0, 0x0c, 0x98, 0x8f, 0xf8,
    0x88, 0x8f, 0xf8, 0x88, 0xcd, 0xfb, 0x88, 0x25, 0x0b, 0x44, 0xaa, 0x5f, 0xfb, 0x88, 0x8f, 0xd8, 0xb7, 0x8f, 0xf8,
    0x88, 0x8f, 0xe0, 0xbb, 0x2d, 0x0b, 0x44, 0xab, 0x5f, 0xfb, 0x88, 0x8f, 0xd8, 0xb9, 0x8f, 0xf8, 0x88, 0x8f, 0xe0,
    0xfd, 0x95, 0x58, 0x48, 0xe1, 0x4f, 0x07, 0xd1, 0xf8, 0x88, 0x8f, 0xf8, 0x88, 0x8f, 0xd4, 0xb5, 0x8f, 0xd4, 0xf4,
    0x6e, 0x95, 0x03, 0x13, 0xd0, 0x0c, 0xbd, 0x8f, 0xf8, 0x88, 0x8f, 0xf8, 0x48, 0xcd, 0xfb, 0x48, 0x5d, 0xe3, 0x36,
    0x29, 0x30, 0xa9, 0x7e, 0xed, 0x23, 0x3e, 0x62, 0xdf, 0x3e, 0x82, 0xef, 0x3e, 0xd2, 0xe7, 0x3e, 0x62, 0xb7, 0x01,
    0x91, 0xe8, 0xd3, 0x78, 0xed, 0x23, 0x3e, 0xe2, 0x23, 0x3e, 0x52, 0xdb, 0x3e, 0x62, 0x9b, 0x01, 0x93, 0xe0, 0x34,
    0xd5, 0xed, 0x23, 0x3e, 0x52, 0xd3, 0x3e, 0x72, 0xe3, 0x3e, 0xe2, 0x23, 0x16, 0x1d, 0x30, 0x09, 0x4e, 0x53, 0xdd,
    0x3e, 0xe2, 0x23, 0x35, 0xed, 0x23, 0x3e, 0x72, 0xe3, 0x3e, 0x62, 0x92, 0x04, 0x90, 0x44, 0x05, 0x3e, 0xe2, 0x23,
    0xb9, 0xee, 0x23, 0x75, 0x6d, 0xfb, 0x88, 0xf5, 0x0a, 0x4c, 0x82, 0xd3, 0x54, 0xb7, 0x8f, 0xf8, 0x48, 0x4d, 0xfb,
    0x88, 0x8f, 0xf8, 0xc8, 0x8d, 0x9b, 0x70, 0xc0, 0xa3, 0xfa, 0xb5, 0x8f, 0xf8, 0x88, 0x8f, 0xf8, 0x88, 0x7d, 0xfb,
    0x88, 0xed, 0x12, 0x4c, 0x97, 0x13, 0xf9, 0x88, 0x8f, 0xe4, 0xb8, 0x8f, 0xd4, 0x35, 0xed, 0x23, 0xb6, 0x6d, 0x9b,
    0x60, 0x40, 0xb4, 0xfa, 0x34, 0x4e, 0xfb, 0x88, 0x8f, 0xf8, 0x48, 0x7d, 0xfb, 0x88, 0x8f, 0xd8, 0x76, 0xc0, 0x24,
    0x1d, 0x4b, 0x8d, 0xfb, 0x88, 0x8f, 0xd8, 0xb5, 0x8f, 0xf8, 0x08, 0x9e, 0xfb, 0x88, 0x2d, 0x0f, 0x54, 0x40, 0x33,
    0xf4, 0x3e, 0xe2, 0x23, 0x3e, 0x52, 0xf3, 0x3e, 0xa2, 0xeb, 0x3e, 0x52, 0xeb, 0xb6, 0x45, 0x06, 0x3c, 0xaa, 0x6f,
    0xfb, 0x88, 0x8f, 0xf8, 0x88, 0xdd, 0xfb, 0x88, 0x8f, 0x18, 0xf9, 0xc0, 0x26, 0x1d, 0x91, 0xcf, 0x00, 0x92, 0xe2,
    0x23, 0x3e, 0x52, 0xeb, 0x3e, 0x82, 0xd3, 0x3e, 0xc2, 0xf3, 0x3e, 0x52, 0xf3, 0xb8, 0x11, 0x0a, 0x4c, 0x82, 0xd3,
    0x54, 0x3e, 0xe2, 0x23, 0xbb, 0x8f, 0xdc, 0xb5, 0x8f, 0xec, 0xbd, 0x8f, 0x98, 0xee, 0x00, 0xa5, 0xfa, 0xb6, 0x8f,
    0xf8, 0x88, 0xdd, 0xfb, 0x88, 0x8f, 0xe4, 0xb7, 0x8f, 0xd4, 0x78, 0x6f, 0xe2, 0x01, 0x91, 0xea, 0xdb, 0x3e, 0xe2,
    0x23, 0x76, 0xef, 0x23, 0x3e, 0x92, 0xdf, 0x3e, 0x62, 0x91, 0x02, 0x95, 0x74, 0x2c, 0x35, 0xee, 0x23, 0x3e, 0x62,
    0xd7, 0x3e, 0x82, 0xe7, 0x3e, 0xd2, 0xdf, 0x3e, 0x72, 0x28, 0x18, 0x52, 0xf8, 0xd3, 0x41, 0x34, 0x3e, 0xe2, 0x23,
    0x75, 0xed, 0x23, 0x3e, 0x72, 0xe7, 0x3e, 0x52, 0xdf, 0xb5, 0xbd, 0x45, 0xd2, 0xb1, 0xd4, 0xb8, 0x8f, 0xf8, 0x88,
    0x5d, 0xfb, 0x88, 0x8f, 0xf8, 0x88, 0xd1, 0x0f, 0x40, 0x11, 0x31, 0x55, 0xc0, 0xe2, 0xd3, 0x3e, 0xe2, 0x23, 0x3e,
    0xe2, 0x23, 0x86, 0x3e, 0xc0, 0x09, 0xcc, 0x53, 0xd3, 0x7e, 0xe3, 0x4c, 0x3e, 0xe2, 0x23, 0x36, 0xed, 0x23, 0x38,
    0xee, 0x23, 0xbd, 0xed, 0x23, 0x35, 0xcf, 0x1b, 0xec, 0x40, 0x05, 0x34, 0x43, 0xef, 0x23, 0x3e, 0x52, 0xf3, 0x3e,
    0xe2, 0x23, 0xb8, 0xed, 0x23, 0xf5, 0xcd, 0x9b, 0xa2, 0x40, 0xa5, 0xfa, 0xf4, 0xdd, 0xfb, 0x88, 0x8f, 0xd4, 0xb8,
    0x8f, 0xdc, 0xbc, 0x8f, 0xf0, 0xba, 0x8f, 0x58, 0xfe, 0x80, 0x14, 0x11, 0x53, 0x05, 0x2c, 0x3e, 0xed, 0x23, 0xf7,
    0xed, 0x23, 0x3e, 0xe2, 0x23, 0xf6, 0x28, 0x20, 0x39, 0x91, 0x8f, 0xf8, 0x48, 0xdd, 0xfb, 0x08, 0x7e, 0xfb, 0x48,
    0x5f, 0xfb, 0x88, 0x19, 0x0f, 0x58, 0xab, 0x4f, 0xe3, 0xb4, 0x8f, 0xf8, 0x88, 0x8f, 0xd4, 0xb7, 0x8f, 0xe8, 0xb5,
    0x8f, 0xd4, 0xf9, 0x6e, 0xbb, 0x02, 0x92, 0xe0, 0x34, 0x95, 0xed, 0x23, 0x3e, 0xc2, 0xfb, 0x88, 0x8f, 0xf8, 0xc8,
    0x6d, 0xdb, 0xf1, 0x80, 0xa5, 0xfa, 0xf4, 0xdd, 0xfb, 0x88, 0x8f, 0xf8, 0x48, 0x8d, 0xfb, 0x88, 0x6e, 0xfb, 0x48,
    0x9d, 0xf3, 0xb6, 0x28, 0x30, 0x49, 0xc7, 0xe2, 0x23, 0x3e, 0x52, 0xe7, 0x3e, 0x72, 0xf7, 0x3e, 0xc2, 0xef, 0x3e,
    0x62, 0x94, 0x02, 0x93, 0x44, 0x05, 0x3e, 0xe2, 0x23, 0x36, 0xee, 0x23, 0x38, 0xef, 0x23, 0xbd, 0xee, 0x23, 0xd6,
    0xe6, 0x38, 0x91, 0x8f, 0xf8, 0x48, 0xdd, 0xfb, 0x88, 0x8f, 0xf8, 0x88, 0x89, 0x3d, 0x82, 0xd3, 0x54, 0x3e, 0xe2,
    0x23, 0xbb, 0x8f, 0xf8, 0x88, 0x8f, 0x58, 0x7d, 0xc0, 0x25, 0x30, 0x4f, 0x4d, 0xfb, 0x8d, 0x33, 0xf9, 0x88, 0x8f,
    0xf8, 0x88, 0x4d, 0xfb, 0x88, 0xce, 0xfb, 0x88, 0xa1, 0x0a, 0x3c, 0xd2, 0x11, 0xf9, 0x88, 0x8f, 0xf8, 0x88, 0x8f,
    0xf8, 0x48, 0xbd, 0x1b, 0xbf, 0x40, 0x26, 0x30, 0x4f, 0x4d, 0xfb, 0x8d, 0x33, 0xf9, 0x88, 0x8f, 0xd8, 0xb4, 0x8f,
    0xe0, 0xb8, 0x8f, 0xf8, 0x48, 0x6f, 0xdf, 0x89, 0x18, 0xfc, 0xff, 0x13, 0x11, 0x82, 0xc3, 0x3c, 0xc8, 0x42, 0x0c,
    0xbf, 0x34, 0x20, 0x95, 0x4f, 0x5c, 0xc8, 0xe4, 0x23, 0x3e, 0x72, 0xd3, 0x3e, 0x52, 0xdb, 0xba, 0x31, 0x0a, 0x60,
    0xd2, 0x11, 0xf9, 0x0c, 0x20, 0x29, 0x3e, 0xe2, 0x23, 0xb5, 0xee, 0x23, 0x38, 0xed, 0x23, 0x3c, 0xef, 0x23, 0x66,
    0x2e, 0x10, 0xad, 0x7e, 0xed, 0x23, 0x3e, 0xe2, 0x23, 0x76, 0xee, 0x23, 0x3e, 0xb2, 0xdf, 0xc6, 0x1a, 0x10, 0xa9,
    0xbe, 0xed, 0x23, 0x3e, 0x62, 0xf7, 0x3e, 0x92, 0xdf, 0x3e, 0xe2, 0x23, 0xe7, 0xe1, 0xfd, 0xff, 0x13, 0x11, 0x82,
    0xc3, 0x3c, 0xc8, 0x42, 0x0c, 0xbf, 0x34, 0x20, 0x95, 0xed, 0x13, 0x17, 0x32, 0xf9, 0x88, 0x8f, 0xe4, 0xb8, 0xd9,
    0x0f, 0x34, 0x97, 0x13, 0xf9, 0xc8, 0x4d, 0xfb, 0x88, 0x8f, 0xf8, 0x88, 0xad, 0x0f, 0x58, 0xaa, 0x5f, 0xfb, 0x88,
    0x8f, 0xd8, 0xb7, 0x8f, 0xe0, 0xbb, 0x8f, 0xf4, 0xb9, 0x8f, 0xd4, 0x7d, 0x6d, 0x8b, 0x01, 0x90, 0x13, 0xd5, 0xb9,
    0x8f, 0xf8, 0x88, 0x8f, 0xd8, 0xb6, 0x8f, 0xf8, 0x88, 0xf1, 0x07, 0x58, 0x02, 0xf3, 0xec, 0x7e, 0xe3, 0x4c, 0x3e,
    0xe2, 0x23, 0x3e, 0x62, 0xef, 0x3e, 0xb2, 0xe7, 0x3e, 0x62, 0xb1, 0x04, 0xd1, 0xe5, 0x44, 0x3e, 0xe2, 0x23, 0x3e,
    0x52, 0xd3, 0xb6, 0x8f, 0xd8, 0x35, 0x6e, 0xc1, 0x03, 0x94, 0xe0, 0x34, 0x95, 0x8f, 0xf8, 0x88, 0x8f, 0xec, 0x3e,
    0x92, 0xe7, 0x3e, 0x52, 0xe7, 0xb5, 0x35, 0x0e, 0x44, 0x03, 0x52, 0xf9, 0x88, 0x8f, 0xf8, 0x88, 0x8f, 0xf4, 0x3e,
    0x52, 0xd3, 0xb9, 0x01, 0x12, 0x3c, 0x97, 0x13, 0xf9, 0xc8, 0x4d, 0xfb, 0x48, 0xce, 0xfb, 0x88, 0x8f, 0x18, 0xe3,
    0xc0, 0x24, 0x38, 0x4d, 0x65, 0xfb, 0x88, 0x8f, 0xf8, 0x88, 0x8f, 0xf0, 0x3e, 0x52, 0xd3, 0xb8, 0x55, 0x0b, 0x44,
    0x82, 0xd3, 0x54, 0x3e, 0xe2, 0x23, 0x3e, 0xb2, 0xfb, 0x88, 0x8f, 0xe4, 0xb9, 0x0d, 0x0e, 0x60, 0x02, 0xf3, 0xec,
    0x7e, 0xe3, 0x4c, 0x3e, 0xe2, 0x23, 0xf6, 0xee, 0x23, 0x79, 0xed, 0x23, 0x3e, 0xd2, 0xf7, 0x16, 0x4a, 0x00, 0x5d,
    0x4e, 0xe4, 0x23, 0x37, 0xed, 0x23, 0x3e, 0xe2, 0x23, 0x36, 0x6d, 0xdb, 0xbc, 0x40, 0x25, 0x38, 0x4d, 0x75, 0xfb,
    0x88, 0x8f, 0xd4, 0xb4, 0x8f, 0xdc, 0xb8, 0x8f, 0xf8, 0x08, 0x6f, 0x9b, 0xb2, 0x40, 0x24, 0x51, 0x81, 0x8f, 0xf8,
    0x88, 0x8d, 0xfb, 0x88, 0x8f, 0xf8, 0x08, 0xce, 0x9f, 0xc5, 0x85, 0x14, 0xfe, 0x74, 0x10, 0x8d, 0x8f, 0xf8, 0x48,
    0x5d, 0xfb, 0xc8, 0x9d, 0xfb, 0x08, 0x7f, 0xfb, 0x88, 0xd1, 0x0b, 0x54, 0xa2, 0x4f, 0xe3, 0xb5, 0x8f, 0xf8, 0x48,
    0x6d, 0xfb, 0xc8, 0xad, 0xfb, 0x88, 0x8f, 0xf0, 0xf8, 0xc1, 0x6c, 0xff, 0xff, 0x44, 0x84, 0xe0, 0x30, 0x0f, 0xb2,
    0x10, 0xc3, 0x2f, 0x0d, 0x48, 0xc5, 0xfb, 0xc4, 0x85, 0x4c, 0xf6, 0x4d, 0x5b, 0x2e, 0x01, 0x16, 0x11, 0x53, 0x05,
    0x2c, 0x3e, 0xed, 0x23, 0xf7, 0xed, 0x23, 0x3e, 0x52, 0xd3, 0xbd, 0x8f, 0xd8, 0x76, 0x7d, 0x20, 0x98, 0x75, 0x20,
    0x0b, 0xe1, 0x07, 0xce, 0x80, 0xf9, 0x88, 0x8f, 0xf8, 0x88, 0xcd, 0xfb, 0x88, 0x8f, 0xec, 0xba, 0x25, 0x0a, 0x54,
    0xab, 0x4f, 0xe3, 0xb4, 0x8f, 0xf8, 0x48, 0x7d, 0xfb, 0xc8, 0xbd, 0xfb, 0x08, 0x9f, 0xfb, 0x88, 0x09, 0x13, 0x74,
    0x93, 0x13, 0x38, 0xce, 0xe2, 0x37, 0xce, 0xd4, 0xfb, 0xc8, 0x6d, 0xfb, 0x88, 0x4e, 0xfb, 0x48, 0x5d, 0xeb, 0x3e,
    0x62, 0xdb, 0xbc, 0x91, 0x12, 0x54, 0x11, 0x31, 0x55, 0xc0, 0xe2, 0xd3, 0x3e, 0x72, 0xdf, 0x3e, 0xe2, 0x23, 0x3e,
    0x62, 0xd3, 0xb9, 0x89, 0x0f, 0x60, 0xaa, 0x4f, 0xdf, 0xbd, 0x8f, 0xf8, 0x48, 0x8d, 0xfb, 0xc8, 0xcd, 0xfb, 0x08,
    0xaf, 0xfb, 0x48, 0xcd, 0xdb, 0xc6, 0x1b, 0xf0, 0x48, 0x47, 0xe4, 0x23, 0x3e, 0xe2, 0x23, 0x3e, 0x52, 0xef, 0x3e,
    0x62, 0xae, 0x02, 0x8f, 0xea, 0xd7, 0x3e, 0xe2, 0x23, 0x3e, 0xe2, 0x23, 0x3e, 0x62, 0xdf, 0xf7, 0xe2, 0x59, 0x07,
    0xb2, 0x10, 0x7e, 0xe0, 0x0c, 0x98, 0x8f, 0xf8, 0x88, 0xcd, 0xfb, 0x48, 0x6e, 0xfb, 0x48, 0x4d, 0xd3, 0x3e, 0x52,
    0xf7, 0xba, 0x95, 0x06, 0x4c, 0xd2, 0xb1, 0xd4, 0xb8, 0x8f, 0xf8, 0x88, 0x5d, 0xfb, 0x08, 0x9e, 0xfb, 0x88, 0x8f,
    0x58, 0xe0, 0xc0, 0xb4, 0xfa, 0xb5, 0x8f, 0xf8, 0x88, 0x9d, 0xfb, 0x08, 0xde, 0xfb, 0x88, 0x8f, 0xf4, 0xfb, 0x4d,
    0x54, 0x48, 0xe1, 0x4f, 0x07, 0xd1, 0xf8, 0x88, 0x8f, 0xf8, 0x48, 0x5d, 0xfb, 0x48, 0xde, 0xfb, 0x88, 0x85, 0x0a,
    0x38, 0x03, 0x52, 0xf9, 0x88, 0x8f, 0xf8, 0x88, 0x8f, 0xf8, 0x48, 0x6f, 0xab, 0x02, 0x95, 0xc0, 0x3c, 0x35, 0xed,
    0x37, 0xce, 0xe4, 0x23, 0x3e, 0xe2, 0x23, 0x3e, 0xe2, 0x23, 0x36, 0x6d, 0xd2, 0x03, 0xd4, 0xea, 0xd7, 0x3e, 0xe2,
    0x23, 0x3e, 0x62, 0xe7, 0x3e, 0xb2, 0xdf, 0x3e, 0x52, 0xeb, 0xfd, 0x3d, 0x7c, 0xff, 0xff, 0x44, 0x84, 0xe0, 0x30,
    0x0f, 0xb2, 0x10, 0xc3, 0x2f, 0x0d, 0x48, 0xe5, 0x13, 0x17, 0x32, 0xf9, 0x88, 0x8f, 0xdc, 0xb4, 0x8f, 0x58, 0xfa,
    0x00, 0x26, 0x1d, 0x4b, 0x8d, 0xfb, 0x88, 0x8f, 0xd8, 0xb5, 0x8f, 0xe0, 0xb9, 0x8f, 0xf4, 0xb7, 0x8f, 0xd4, 0x7c,
    0x6f, 0xdd, 0x03, 0x97, 0xe0, 0x34, 0x95, 0xed, 0x23, 0x3e, 0xc2, 0xfb, 0xc8, 0x6d, 0xfb, 0x08, 0x4f, 0xfb, 0x48,
    0xbd, 0xeb, 0xb6, 0x3f, 0xd0, 0x5c, 0x4e, 0xe4, 0x23, 0x3e, 0x92, 0xe3, 0x3e, 0xe2, 0x23, 0x16, 0x2f, 0x40, 0x09,
    0x4e, 0x53, 0xd9, 0x3e, 0xe2, 0x23, 0xbc, 0x8f, 0xdc, 0xb6, 0x8f, 0xf8, 0x08, 0x4f, 0xdb, 0x28, 0x01, 0x24, 0x51,
    0x81, 0x8f, 0xdc, 0xb5, 0x8f, 0xf8, 0x88, 0x8f, 0xd8, 0x34, 0x6e, 0xcf, 0x03, 0x95, 0x13, 0xd5, 0xb9, 0x8f, 0xf8,
    0x88, 0x8f, 0xd8, 0xb6, 0x8f, 0xec, 0xb4, 0x8f, 0xd4, 0xba, 0x7e, 0x2d, 0x64, 0xf0, 0xff, 0x4f, 0x44, 0x08, 0x0e,
    0xf3, 0x20, 0x0b, 0x31, 0xfc, 0xd2, 0x80, 0x54, 0x3e, 0x71, 0x21, 0x93, 0x8f, 0xdc, 0xb4, 0x8f, 0xec, 0xbc, 0x8f,
    0xd4, 0x3b, 0x7e, 0x21, 0x61, 0xf0, 0xff, 0x4f, 0x44, 0x08, 0x0e, 0xf3, 0x20, 0x0b, 0x31, 0xfc, 0xd2, 0x80, 0x54,
    0x3e, 0x71, 0x21, 0x93, 0x8f, 0xdc, 0xb4, 0x8f, 0xf8, 0xc8, 0xce, 0x9b, 0xe7, 0xc0, 0x25, 0x30, 0xcf, 0xee, 0x37,
    0xce, 0xe4, 0x23, 0x3e, 0xe2, 0x23, 0x3e, 0x62, 0xef, 0x3e, 0x52, 0xdb, 0xb7, 0xdd, 0x0f, 0x54, 0x93, 0x13, 0x38,
    0xce, 0xe2, 0x37, 0xce, 0xd4, 0xfb, 0xc8, 0x6d, 0xfb, 0x88, 0x8f, 0xf8, 0x88, 0xad, 0x0e, 0x58, 0xab, 0x4f, 0xe3,
    0xb4, 0x8f, 0xf8, 0x48, 0x7d, 0xfb, 0x88, 0x8f, 0xdc, 0xbb, 0x8f, 0xd4, 0xf7, 0x7d, 0x08, 0x96, 0x75, 0x20, 0x0b,
    0xe1, 0x07, 0xce, 0x80, 0xf9, 0x88, 0x8f, 0xf8, 0x88, 0xcd, 0xfb, 0x88, 0x8f, 0xd8, 0x18, 0x24, 0x38, 0x4d, 0x65,
    0xfb, 0x88, 0x8f, 0xf0, 0x3e, 0xe2, 0x23, 0x3e, 0x62, 0x9a, 0x01, 0xd0, 0x80, 0x54, 0x3e, 0xe2, 0x23, 0xbd, 0x8f,
    0xdc, 0xb7, 0x8f, 0xf8, 0x88, 0xa5, 0x0e, 0x58, 0x82, 0xd3, 0x54, 0xb7, 0x8f, 0xf8, 0x48, 0x4d, 0xfb, 0x88, 0x8f,
    0xdc, 0xb8, 0x8f, 0xd4, 0x37, 0x6d, 0x55, 0x8e, 0x13, 0xd5, 0xb9, 0x8f, 0xf8, 0x88, 0x8f, 0xf8, 0x88, 0x8f, 0x18,
    0xd5, 0x23, 0x1d, 0x4b, 0x8d, 0xfb, 0x88, 0x8f, 0xf8, 0x88, 0x8f, 0xf8, 0xc8, 0x35, 0x4c, 0x48, 0xe1, 0x4f, 0x07,
    0xd1, 0xf8, 0x88, 0x8f, 0xf8, 0x88, 0x8f, 0xd4, 0xb5, 0x8f, 0x98, 0xdc, 0x23, 0x51, 0x81, 0x8f, 0xf8, 0x88, 0x8d,
    0xfb, 0x88, 0x8f, 0xf8, 0x88, 0x19, 0x06, 0x3c, 0xd2, 0x11, 0xf9, 0x88, 0x8f, 0xf8, 0x48, 0xbd, 0xfb, 0x88, 0x8f,
    0xdc, 0xc5, 0x66, 0x1d, 0xc8, 0x42, 0xf8, 0x81, 0x33, 0x60, 0x3e, 0xe2, 0x23, 0x36, 0xef, 0x23, 0xb9, 0xed, 0x23,
    0x35, 0x4d, 0xfb, 0x88, 0xe1, 0x06, 0x44, 0xab, 0x4f, 0xe3, 0xb4, 0x8f, 0xf8, 0x88, 0x8f, 0xf8, 0x48, 0x7d, 0xfb,
    0x88, 0x39, 0x0f, 0x58, 0xd2, 0xb1, 0xd4, 0xb8, 0x8f, 0xf8, 0x88, 0x8f, 0xd8, 0xb5, 0x8f, 0xe8, 0xbd, 0x8f, 0xd4,
    0x7a, 0x6e, 0xe4, 0x02, 0x91, 0xea, 0xd7, 0x3e, 0xe2, 0x23, 0x3e, 0x62, 0xdf, 0x3e, 0xe2, 0x23, 0x7b, 0x6d, 0xe2,
    0x02, 0x93, 0x74, 0x2c, 0x35, 0xee, 0x23, 0x3e, 0xe2, 0x23, 0x76, 0xed, 0x23, 0x3e, 0xa2, 0xf7, 0xe6, 0x56, 0x09,
    0xcc, 0x53, 0xd3, 0x7e, 0xe3, 0x4c, 0x3e, 0xe2, 0x23, 0x36, 0xed, 0x23, 0x3e, 0xe2, 0x23, 0xf6, 0x2b, 0x30, 0xad,
    0x3e, 0x8d, 0xd3, 0x3e, 0xe2, 0x23, 0xf5, 0xed, 0x23, 0x3e, 0xe2, 0x23, 0xf7, 0x6e, 0xfb, 0x01, 0x93, 0x44, 0x05,
    0xb5, 0xee, 0x23, 0x3e, 0xe2, 0x23, 0xb6, 0xee, 0x23, 0x3b, 0xee, 0x23, 0x27, 0xe1, 0xfd, 0xff, 0x13, 0x11, 0x82,
    0xc3, 0x3c, 0xc8, 0x42, 0x0c, 0xbf, 0x34, 0x20, 0x95, 0xed, 0x13, 0x17, 0x32, 0xf9, 0x48, 0x8e, 0xfb, 0x88, 0xf5,
    0x07, 0x44, 0xaa, 0x6f, 0xfb, 0x88, 0x8f, 0xf8, 0x88, 0xdd, 0xfb, 0xc8, 0xbe, 0xfb, 0x88, 0x79, 0x0f, 0x54, 0x03,
    0x52, 0xf9, 0x88, 0x8f, 0xf4, 0x3e, 0x72, 0xdf, 0x3e, 0xc2, 0xd7, 0x3e, 0x52, 0xef, 0xbb, 0x15, 0x0a, 0x50, 0x82,
    0xd3, 0x54, 0xb6, 0x8f, 0xf8, 0x08, 0xef, 0x23, 0xb7, 0xed, 0x23, 0x3c, 0xed, 0x23, 0xd6, 0x39, 0x40, 0x49, 0x54,
    0x50, 0xeb, 0x3e, 0xe2, 0x23, 0x3e, 0xe2, 0x23, 0xb6, 0xee, 0x23, 0xb5, 0x6d, 0x5b, 0xf1, 0x80, 0x25, 0xfa, 0x34,
    0x5e, 0xfb, 0x88, 0x8f, 0xf8, 0x48, 0x6d, 0xfb, 0x88, 0x4e, 0xfb, 0x48, 0x9d, 0xeb, 0x16, 0x4c, 0x50, 0x49, 0x54,
    0xe0, 0x23, 0x77, 0xed, 0x23, 0x79, 0xef, 0x23, 0x75, 0x9d, 0xfb, 0x88, 0x6d, 0xef, 0x16, 0x1a, 0x10, 0x49, 0x47,
    0xe4, 0x23, 0x3e, 0x52, 0xef, 0x3e, 0x82, 0xd7, 0x3e, 0xe2, 0x23, 0xd6, 0x1d, 0x10, 0xa9, 0x7e, 0xed, 0x23, 0x3e,
    0x62, 0xdf, 0x3e, 0xe2, 0x23, 0xf8, 0xee, 0x23, 0x36, 0x1f, 0x20, 0x01, 0xcd, 0xd0, 0xfb, 0x88, 0x8f, 0xf8, 0x48,
    0xcd, 0xfb, 0x88, 0xae, 0xfb, 0x88, 0x41, 0x07, 0x40, 0x03, 0x52, 0xf9, 0x88, 0x8f, 0xf4, 0x3e, 0xe2, 0x23, 0xf7,
    0xed, 0x23, 0x66, 0x39, 0x10, 0x39, 0x91, 0x8f, 0xf8, 0x88, 0x8f, 0xf8, 0x48, 0xdd, 0xfb, 0x48, 0x5d, 0xe7, 0xc6,
    0x3a, 0x60, 0xa9, 0x3e, 0x7d, 0xf7, 0x3e, 0xe2, 0x23, 0x35, 0xee, 0x23, 0x3e, 0x72, 0xf3, 0x3e, 0x52, 0xdf, 0xf8,
    0x2d, 0x60, 0xd6, 0x81, 0x2c, 0x84, 0x1f, 0x38, 0x03, 0xe6, 0x23, 0x3e, 0x62, 0xf3, 0x3e, 0x92, 0xdb, 0x3e, 0xe2,
    0x23, 0x17, 0x81, 0x59, 0x07, 0xb2, 0x10, 0x7e, 0xe0, 0x0c, 0x98, 0x8f, 0xf8, 0x88, 0xcd, 0xfb, 0x88, 0x8f, 0xe4,
    0xb6, 0x8f, 0x98, 0xd2, 0x23, 0x38, 0x4d, 0x75, 0xfb, 0x88, 0x8f, 0xf8, 0x88, 0x8f, 0xf8, 0x88, 0xd9, 0x06, 0x44,
    0x82, 0xd3, 0x54, 0xb7, 0x8f, 0xf8, 0x88, 0x8f, 0xf8, 0x48, 0x4d, 0xfb, 0x88, 0x19, 0x0b, 0x5c, 0x02, 0xf3, 0xd4,
    0xb4, 0xdf, 0x38, 0x93, 0x8f, 0xf8, 0x88, 0x4d, 0xfb, 0x88, 0x8f, 0xf8, 0x08, 0x8e, 0x5b, 0xf3, 0x80, 0x26, 0x30,
    0x4f, 0x4d, 0xfb, 0x8d, 0x33, 0xf9, 0x88, 0x8f, 0xf8, 0x88, 0x4d, 0xfb, 0x88, 0xce, 0xfb, 0x48, 0xad, 0xe3, 0x36,
    0x2a, 0x10, 0x89, 0x3e, 0x8d, 0xd7, 0x3e, 0xe2, 0x23, 0x3e, 0xe2, 0x23, 0x3e, 0x52, 0xdb, 0xd6, 0x18, 0xf0, 0x48,
    0x54, 0xe0, 0x23, 0x3e, 0xe2, 0x23, 0x36, 0xee, 0x23, 0x3e, 0x62, 0x91, 0x03, 0x94, 0xea, 0xd3, 0x77, 0xef, 0x23,
    0x3e, 0xe2, 0x23, 0x3e, 0x52, 0xe3, 0x3e, 0x52, 0xd7, 0xb4, 0xad, 0x3d, 0xd2, 0x11, 0xf9, 0x88, 0x8f, 0xd4, 0xbb,
    0x8f, 0xf8, 0x88, 0x8f, 0xd8, 0xf0, 0xc0, 0x34, 0x20, 0x95, 0x8f, 0xf8, 0x88, 0x8f, 0xf4, 0x3e, 0x92, 0xef, 0x3e,
    0x52, 0xe7, 0xb7, 0xc5, 0x0a, 0x44, 0x12, 0x15, 0xd4, 0xba, 0x8f, 0xf8, 0x88, 0x8f, 0xf8, 0x88, 0x8f, 0xd8, 0xba,
    0x95, 0x0b, 0x44, 0x12, 0x15, 0xf8, 0x88, 0x8f, 0xf8, 0x88, 0x8d, 0xfb, 0x88, 0x8f, 0xec, 0xf6, 0x75, 0x60, 0xd6,
    0x81, 0x2c, 0x84, 0x1f, 0x38, 0x03, 0xe6, 0x23, 0x3e, 0x62, 0xf3, 0x3e, 0xe2, 0x23, 0x3e, 0x92, 0xdb, 0x66, 0xf7,
    0xa8, 0xbe, 0xed, 0x23, 0x3e, 0x62, 0xf7, 0x3e, 0xe2, 0x23, 0x3e, 0x62, 0xf8, 0x01, 0x91, 0xea, 0xd7, 0x3e, 0xe2,
    0x23, 0x3e, 0x62, 0xdf, 0x3e, 0xb2, 0xd7, 0x3e, 0x62, 0xb8, 0x03, 0x96, 0x44, 0x05, 0xb5, 0xee, 0x23, 0x3e, 0x62,
    0xeb, 0x3e, 0xe2, 0x23, 0x39, 0xed, 0x23, 0x35, 0xae, 0x9b, 0x7e, 0x40, 0xb4, 0xfa, 0xb5, 0x8f, 0xf8, 0x88, 0x8f,
    0xd8, 0xb9, 0x8f, 0xec, 0xb7, 0x8f, 0x98, 0xbf, 0x00, 0xe5, 0x44, 0x75, 0xee, 0x23, 0x3e, 0x62, 0xdb, 0x3e, 0x82,
    0xeb, 0x3e, 0xe2, 0x23, 0x3d, 0x6e, 0xc2, 0x03, 0x95, 0xe0, 0x34, 0x95, 0xed, 0x23, 0x3e, 0xe2, 0x23, 0xbc, 0x8f,
    0xe4, 0xba, 0x8f, 0xd4, 0xb9, 0x6d, 0x9e, 0x04, 0x8e, 0x44, 0x05, 0x3e, 0xe2, 0x23, 0x3e, 0xe2, 0x23, 0x36, 0x4d,
    0x5b, 0xf8, 0x00, 0xb6, 0xfa, 0x34, 0x4e, 0xfb, 0x88, 0x8f, 0xd4, 0xb7, 0x8f, 0xdc, 0xbb, 0x8f, 0xf0, 0xb9, 0x8f,
    0xd4, 0x7c, 0x6d, 0xc1, 0x01, 0x90, 0x13, 0xd5, 0xb9, 0x8f, 0xf8, 0x88, 0x8f, 0xf8, 0x88, 0x6d, 0xfb, 0x88, 0xd1,
    0x0e, 0x54, 0x4e, 0x54, 0xe7, 0x3e, 0xe2, 0x23, 0xb6, 0xed, 0x23, 0x3e, 0x82, 0xeb, 0x3e, 0x52, 0xe3, 0xb6, 0xa9,
    0x0e, 0x58, 0xa2, 0x4f, 0xe3, 0xb5, 0x8f, 0xf8, 0x48, 0x6d, 0xfb, 0x88, 0x8f, 0xdc, 0xba, 0x8f, 0xd4, 0xb7, 0x6d,
    0x8a, 0x01, 0x91, 0x74, 0x2c, 0x35, 0xee, 0x23, 0x3e, 0xe2, 0x23, 0x76, 0xed, 0x23, 0x3e, 0x62, 0x56, 0x8d, 0xea,
    0xd7, 0x3e, 0xe2, 0x23, 0x3e, 0xe2, 0x23, 0x3e, 0x62, 0x96, 0x02, 0x95, 0x44, 0x05, 0xb5, 0xee, 0x23, 0x3e, 0x62,
    0xeb, 0x3e, 0x92, 0xd3, 0x3e, 0xd2, 0xf3, 0x3e, 0x62, 0xe9, 0x01, 0x91, 0xe0, 0x34, 0x95, 0x8f, 0xf8, 0x88, 0x8f,
    0xec, 0x3e, 0x92, 0xe7, 0x3e, 0x72, 0x23, 0x9b, 0x75, 0x20, 0x0b, 0xe1, 0x07, 0xce, 0x80, 0xf9, 0x88, 0x8f, 0xd8,
    0xbc, 0x8f, 0xe4, 0xb6, 0x8f, 0xf8, 0x48, 0x4d, 0xd3, 0x76, 0x28, 0x50, 0x09, 0x4e, 0x53, 0xdd, 0x3e, 0xe2, 0x23,
    0x35, 0xed, 0x23, 0x37, 0xee, 0x23, 0xbc, 0xed, 0x23, 0x36, 0x3d, 0x60, 0x49, 0x54, 0x50, 0xeb, 0x3e, 0xe2, 0x23,
    0x3e, 0x62, 0xeb, 0x3e, 0xb2, 0xe3, 0x3e, 0x52, 0xef, 0xb4, 0x4d, 0x4d, 0x02, 0xf3, 0xd4, 0xb4, 0xdf, 0x38, 0x93,
    0x8f, 0xf8, 0x88, 0x8f, 0xf8, 0x88, 0x8f, 0x18, 0xaf, 0x00, 0x34, 0x20, 0x95, 0x8f, 0xf8, 0x48, 0xef, 0x23, 0x3e,
    0xe2, 0x23, 0xf7, 0x6d, 0xe5, 0x03, 0x96, 0x74, 0x44, 0x3e, 0xe2, 0x23, 0xf5, 0xee, 0x23, 0x78, 0xed, 0x23, 0x7c,
    0xef, 0x23, 0x35, 0x9f, 0x9b, 0x76, 0xc0, 0x25, 0x30, 0x4f, 0x4d, 0xfb, 0x8d, 0x33, 0xf9, 0x88, 0x8f, 0xd8, 0xb4,
    0x8f, 0xf8, 0x08, 0x8e, 0xfb, 0x88, 0xf5, 0x12, 0x4c, 0x12, 0x15, 0xf8, 0x88, 0x8f, 0xe4, 0xba, 0x8f, 0xd4, 0xb5,
    0xed, 0x23, 0xb6, 0x8d, 0x03, 0x00, 0x01, 0x31, 0x00, 0x00, 0x14, 0x00, 0x00, 0x00, 0x5b, 0x06, 0x4e, 0x3a, 0xb6,
    0x0c, 0x7a, 0x20, 0x1d, 0x5b, 0x06, 0x5c, 0x90, 0x8e, 0x2d, 0x83, 0x3d, 0x48, 0xc7, 0x96, 0x81, 0x26, 0xa4, 0x63,
    0xcb, 0x20, 0x17, 0xd2, 0xb1, 0x65, 0x80, 0x0d, 0xe9, 0xd8, 0x32, 0xb8, 0x87, 0x74, 0x6c, 0x19, 0x58, 0x44, 0x3a,
    0xb6, 0x0c, 0x6a, 0x22, 0x1d, 0x5b, 0x06, 0x54, 0x91, 0x8e, 0x2d, 0x83, 0xb9, 0x48, 0xc7, 0x96, 0x81, 0x64, 0xa4,
    0x63, 0xcb, 0x20, 0x36, 0xd2, 0xb1, 0x65, 0x00, 0x1d, 0xe9, 0xd8, 0x32, 0xf8, 0x8e, 0x74, 0x00, 0x00, 0x00, 0x00,
    0x00, 0x00, 0x00, 0x61, 0x20, 0x00, 0x00, 0x5f, 0x00, 0x00, 0x00, 0x13, 0x04, 0x44, 0x2c, 0x10, 0x00, 0x00, 0x00,
    0x06, 0x00, 0x00, 0x00, 0xc4, 0x8c, 0x00, 0x50, 0x52, 0x80, 0x80, 0x80, 0x80, 0x20, 0x24, 0x94, 0x1f, 0x25, 0x23,
    0x00, 0x25, 0x40, 0x42, 0x0d, 0x00, 0x00, 0x00, 0x00, 0x23, 0x06, 0x46, 0x03, 0x82, 0x60, 0xd0, 0x94, 0x01, 0x62,
    0x8c, 0x18, 0x18, 0x0d, 0x08, 0x82, 0x41, 0x63, 0x06, 0xc8, 0x71, 0x81, 0xb0, 0xc3, 0x0d, 0x01, 0x42, 0x06, 0xb3,
    0x0c, 0x81, 0x10, 0x24, 0x21, 0x40, 0x12, 0x02, 0x9c, 0x10, 0x54, 0x06, 0x49, 0xcc, 0x12, 0x0c, 0x03, 0x15, 0x42,
    0x25, 0x60, 0xc0, 0x40, 0x45, 0x12, 0x09, 0x18, 0x70, 0x01, 0x73, 0x39, 0x24, 0x71, 0x4c, 0x80, 0x17, 0x3c, 0x7a,
    0x01, 0xb1, 0xc3, 0x0d, 0x81, 0x43, 0x06, 0xd3, 0x0d, 0xd3, 0x13, 0xdc, 0x10, 0x04, 0x2a, 0x13, 0x08, 0x0c, 0x37,
    0x2c, 0x1e, 0x18, 0xcc, 0x32, 0x0c, 0x42, 0x30, 0x50, 0x91, 0x68, 0x81, 0x21, 0x1c, 0x16, 0xc4, 0x70, 0x83, 0x97,
    0xa1, 0xc1, 0x74, 0x83, 0x30, 0x04, 0x1b, 0x84, 0x03, 0x01, 0x00, 0x33, 0x00, 0x00, 0x00, 0xf6, 0x53, 0x48, 0x54,
    0xe0, 0x23, 0x86, 0x12, 0x74, 0x56, 0xb4, 0x4c, 0x4e, 0xe0, 0x38, 0x8b, 0xdf, 0x38, 0x93, 0x6e, 0x46, 0x84, 0xe0,
    0x34, 0x83, 0x01, 0x15, 0xab, 0x5f, 0xfb, 0x88, 0x0d, 0x15, 0xab, 0x6f, 0xfb, 0x88, 0x05, 0x1d, 0x12, 0x15, 0xd4,
    0xba, 0x8f, 0x98, 0x90, 0x22, 0x30, 0xcf, 0xee, 0x37, 0xce, 0xe4, 0x23, 0x76, 0x12, 0x9c, 0xe6, 0xb3, 0x08, 0xcc,
    0x53, 0xd3, 0x7e, 0xe3, 0x4c, 0x3e, 0x62, 0x3d, 0x84, 0x13, 0xf9, 0xc8, 0x0d, 0x7c, 0xff, 0xff, 0x44, 0x84, 0xe0,
    0x30, 0x0f, 0xb2, 0x10, 0xc3, 0x4f, 0x30, 0xd4, 0x02, 0x4c, 0xc4, 0x4f, 0x0d, 0x48, 0xe5, 0x13, 0x17, 0x32, 0x59,
    0x4e, 0x21, 0x1d, 0x8b, 0x8f, 0x18, 0xcd, 0x21, 0x38, 0x4d, 0x65, 0xfb, 0x88, 0xe9, 0x28, 0xd2, 0x11, 0xf9, 0x0c,
    0x20, 0x29, 0x3e, 0x62, 0x36, 0x87, 0xe0, 0x34, 0x95, 0xee, 0x23, 0xb6, 0x53, 0x48, 0x47, 0xe4, 0x23, 0x17, 0x90,
    0x20, 0x85, 0x3f, 0x1d, 0x44, 0xe3, 0x23, 0x76, 0x73, 0x88, 0x3e, 0x8d, 0xd7, 0x3e, 0x62, 0x44, 0x83, 0x44, 0x05,
    0x86, 0x73, 0xac, 0x3e, 0x8d, 0xd3, 0x3e, 0x72, 0x02, 0x8c, 0x75, 0x20, 0x0b, 0xe1, 0x07, 0xce, 0x80, 0xf9, 0x88,
    0xcd, 0x18, 0x82, 0xd3, 0x54, 0x3e, 0x72, 0x00, 0x05, 0xd1, 0x4c, 0x11, 0x66, 0x3c, 0x06, 0xd0, 0x0c, 0xbd, 0x8f,
    0x58, 0x4d, 0x11, 0x11, 0x8c, 0x8f, 0x00, 0x00, 0x00, 0x00, 0x01, 0x31, 0x00, 0x00, 0x02, 0x00, 0x00, 0x00, 0x5b,
    0x06, 0x4b, 0x3a, 0x00, 0x00, 0x00, 0x00, 0x00, 0x00, 0x00, 0x00, 0x61, 0x20, 0x00, 0x00, 0xca, 0x00, 0x00, 0x00,
    0x13, 0x04, 0x47, 0x2c, 0x10, 0x00, 0x00, 0x00, 0x07, 0x00, 0x00, 0x00, 0x94, 0x8c, 0x00, 0x10, 0x33, 0x02, 0x40,
    0x49, 0x01, 0x02, 0x02, 0x02, 0x82, 0x90, 0x50, 0x7e, 0x94, 0x94, 0x00, 0x09, 0x35, 0x40, 0xd1, 0x0c, 0x00, 0x00,
    0x00, 0x00, 0x63, 0x08, 0xc9, 0x31, 0x86, 0x90, 0x20, 0x23, 0x06, 0x46, 0x03, 0x82, 0x60, 0xd0, 0xa0, 0x81, 0x80,
    0x8c, 0x18, 0x18, 0x0d, 0x08, 0x82, 0x41, 0x93, 0x06, 0x42, 0x72, 0x81, 0xb0, 0xc3, 0x0d, 0x81, 0x42, 0x06, 0xb3,
    0x0c, 0x81, 0x10, 0x24, 0x21, 0x40, 0x12, 0x02, 0x9c, 0x10, 0x54, 0x06, 0x49, 0xcc, 0x12, 0x0c, 0x03, 0x15, 0x42,
    0x25, 0x70, 0xc0, 0x40, 0x45, 0x12, 0x09, 0x64, 0x00, 0x5c, 0xf0, 0x5c, 0x0e, 0x49, 0x1c, 0x13, 0xe0, 0x05, 0x92,
    0x5e, 0x40, 0xec, 0x70, 0x43, 0xe0, 0x90, 0xc1, 0x74, 0x43, 0xf6, 0x04, 0x37, 0x04, 0x81, 0x8a, 0x05, 0x02, 0xc3,
    0x0d, 0x4b, 0x18, 0x80, 0xc1, 0x2c, 0xc3, 0x20, 0x04, 0x03, 0x15, 0x89, 0x16, 0x18, 0xc2, 0x18, 0x02, 0x18, 0x68,
    0x63, 0x08, 0x60, 0xb0, 0x8d, 0x18, 0x18, 0x0d, 0x08, 0x82, 0x41, 0xf3, 0x07, 0xc2, 0x37, 0x62, 0x60, 0x34, 0x20,
    0x08, 0x06, 0x0d, 0x28, 0x08, 0x60, 0x70, 0x81, 0xb0, 0xc3, 0x0d, 0x41, 0x18, 0x90, 0xc1, 0x2c, 0x03, 0x51, 0x04,
    0x49, 0x08, 0x90, 0x84, 0x00, 0x27, 0x04, 0x95, 0x41, 0x12, 0xb3, 0x04, 0xc6, 0x40, 0x85, 0x50, 0x15, 0xaa, 0x30,
    0x0c, 0x54, 0x24, 0x51, 0x21, 0x0b, 0xc3, 0x05, 0x66, 0x70, 0x39, 0x24, 0x71, 0x4c, 0x80, 0x17, 0xa4, 0x81, 0x5e,
    0x40, 0xec, 0x70, 0x43, 0xe0, 0x90, 0xc1, 0x74, 0x03, 0x1c, 0x3c, 0xc1, 0x0d, 0x41, 0xa0, 0xd2, 0x06, 0x20, 0x30,
    0xdc, 0xb0, 0xe0, 0x01, 0x18, 0xcc, 0x32, 0x18, 0x45, 0x30, 0x50, 0x91, 0x68, 0x84, 0x51, 0x0c, 0x37, 0xb8, 0x41,
    0x1d, 0xa0, 0xc1, 0xd9, 0x41, 0x16, 0xd3, 0x0d, 0x81, 0x26, 0xcc, 0x31, 0xc8, 0x41, 0x80, 0x07, 0x97, 0x07, 0x45,
    0x0c, 0x37, 0x70, 0x7a, 0x80, 0x06, 0xd3, 0x0d, 0xc2, 0x11, 0xcc, 0x31, 0x10, 0x01, 0x1e, 0x6c, 0x10, 0x0e, 0x04,
    0x77, 0x00, 0x00, 0x00, 0xf6, 0x55, 0x48, 0x54, 0xe0, 0x23, 0xb6, 0xb5, 0x48, 0x54, 0x50, 0xeb, 0x3e, 0xe2, 0x23,
    0xb6, 0x6d, 0x64, 0x88, 0xe0, 0x34, 0x83, 0x8f, 0xd8, 0xbc, 0x75, 0x25, 0xab, 0x6f, 0xfb, 0x88, 0x8f, 0xd8, 0xb9,
    0x71, 0x39, 0x02, 0xf3, 0xec, 0x7e, 0xe3, 0x4c, 0x3e, 0xe2, 0x23, 0xf6, 0x6d, 0x42, 0x87, 0x44, 0x05, 0x3e, 0xe2,
    0x23, 0x06, 0x66, 0x08, 0x4e, 0x33, 0xf8, 0x88, 0x11, 0x25, 0x12, 0x15, 0xd4, 0xba, 0x8f, 0xf8, 0xc8, 0x15, 0x40,
    0xd6, 0x81, 0x2c, 0x84, 0x1f, 0x38, 0x03, 0xe6, 0x23, 0x3e, 0x62, 0xe3, 0x37, 0x70, 0xfd, 0xff, 0x13, 0x11, 0x82,
    0xc3, 0x3c, 0xc8, 0x42, 0x0c, 0xbf, 0xc4, 0x38, 0x83, 0x4f, 0x5c, 0xc8, 0x64, 0x41, 0x8d, 0xc0, 0x3c, 0x35, 0xed,
    0x37, 0xce, 0xe4, 0x23, 0x3e, 0x62, 0x40, 0x86, 0x13, 0xf9, 0x88, 0x8f, 0x98, 0x93, 0x22, 0x38, 0x4d, 0x65, 0xfb,
    0x88, 0x8f, 0xf0, 0x07, 0x50, 0x10, 0xcd, 0x14, 0x61, 0x76, 0x93, 0x08, 0x4e, 0x53, 0xd9, 0x3e, 0xe2, 0x23, 0x86,
    0xf5, 0x08, 0xcc, 0x53, 0xd3, 0x7e, 0xe3, 0x4c, 0x3e, 0xe2, 0x23, 0x75, 0x6f, 0x3a, 0x89, 0xe8, 0xd3, 0x78, 0xed,
    0x23, 0x3e, 0x62, 0x50, 0x8b, 0xe0, 0x34, 0x95, 0xee, 0x23, 0x3e, 0x52, 0xd3, 0x46, 0xe5, 0x48, 0x47, 0xe4, 0x33,
    0x80, 0xa4, 0xf8, 0x88, 0x8f, 0xd4, 0xb9, 0x45, 0x2d, 0xa2, 0x4f, 0xe3, 0xb5, 0x8f, 0xf8, 0x48, 0x6d, 0x1f, 0x41,
    0x83, 0x14, 0xfe, 0x74, 0x10, 0x8d, 0x8f, 0xf8, 0x48, 0x5d, 0xdb, 0x54, 0x22, 0x1d, 0x8b, 0x8f, 0xf8, 0x48, 0x8d,
    0xdb, 0x4e, 0xb2, 0xfa, 0x34, 0x4e, 0xfb, 0x88, 0x8f, 0x9c, 0x80, 0x63, 0x1d, 0xc8, 0x42, 0xf8, 0x81, 0x33, 0x60,
    0x3e, 0xe2, 0x23, 0x86, 0x12, 0x74, 0x66, 0x83, 0x08, 0x4e, 0x53, 0xf9, 0x88, 0x8f, 0x98, 0xd4, 0xb2, 0xfa, 0x34,
    0x4e, 0xfb, 0x88, 0x8f, 0xd4, 0xb7, 0x8d, 0x3d, 0x93, 0x13, 0x38, 0xce, 0xe2, 0x37, 0xce, 0xa4, 0xfb, 0x88, 0xbd,
    0x5b, 0x55, 0x22, 0x1d, 0x91, 0x8f, 0xf8, 0x48, 0xad, 0x5b, 0x56, 0x22, 0x51, 0x81, 0x8f, 0xf8, 0x88, 0x4d, 0xdb,
    0x13, 0x12, 0x11, 0x8c, 0x8f, 0xf8, 0x48, 0x6f, 0x56, 0x0a, 0xd0, 0x0c, 0xbd, 0x8f, 0xf8, 0x48, 0xbd, 0xdb, 0x49,
    0x70, 0xda, 0x0f, 0x02, 0x34, 0x43, 0xef, 0x23, 0x3e, 0x62, 0x5a, 0xc9, 0xea, 0xd7, 0x3e, 0xe2, 0x23, 0x76, 0x6d,
    0x38, 0x47, 0x44, 0x30, 0x3e, 0xe2, 0x23, 0x96, 0x93, 0x08, 0x4e, 0x53, 0xe9, 0x3e, 0xe2, 0x23, 0x67, 0x90, 0xfd,
    0xff, 0x13, 0x11, 0x82, 0xc3, 0x3c, 0xc8, 0x42, 0x0c, 0xbf, 0xc4, 0x38, 0x83, 0x4f, 0x5c, 0xc8, 0x64, 0xf7, 0xe6,
    0xd5, 0x4c, 0x4e, 0xe0, 0x38, 0x8b, 0xdf, 0x38, 0x93, 0xee, 0x23, 0x17, 0xb0, 0x20, 0x85, 0x3f, 0x1d, 0x44, 0xe3,
    0x23, 0x3e, 0x62, 0x43, 0xc7, 0xea, 0xd7, 0x3e, 0xe2, 0x23, 0x66, 0x74, 0xac, 0xbe, 0xed, 0x23, 0x3e, 0x62, 0x45,
    0x8c, 0xc0, 0x3c, 0xbb, 0xdf, 0x38, 0x93, 0x8f, 0xf8, 0x88, 0x89, 0x1d, 0x12, 0x15, 0xf8, 0x88, 0xad, 0x5b, 0x0f,
    0x23, 0x1d, 0x91, 0xcf, 0x00, 0x92, 0xe2, 0x23, 0x3e, 0x62, 0x3c, 0x87, 0x74, 0x2c, 0x3e, 0xe2, 0x23, 0x76, 0x85,
    0x38, 0x91, 0x8f, 0xf8, 0x48, 0xcd, 0x9b, 0xcf, 0x21, 0x1d, 0x91, 0x8f, 0xf8, 0x88, 0x35, 0x25, 0x82, 0xd3, 0x54,
    0x3e, 0xe2, 0x23, 0x3b, 0x00, 0x01, 0x31, 0x00, 0x00, 0x03, 0x00, 0x00, 0x00, 0x5b, 0x06, 0x4c, 0x3a, 0xb6, 0x0c,
    0x72, 0x20, 0x1d, 0x00, 0x00, 0x00, 0x00, 0x00, 0x00, 0x00, 0x61, 0x20, 0x00, 0x00, 0x2e, 0x01, 0x00, 0x00, 0x13,
    0x04, 0x4a, 0x2c, 0x10, 0x00, 0x00, 0x00, 0x07, 0x00, 0x00, 0x00, 0x94, 0x8c, 0x00, 0x10, 0x33, 0x02, 0x40, 0x49,
    0x01, 0x02, 0x02, 0x02, 0x82, 0x90, 0x50, 0x7e, 0x94, 0x94, 0x00, 0x09, 0x35, 0x40, 0x49, 0x11, 0x10, 0x35, 0x03,
    0x00, 0x63, 0x08, 0x0a, 0x32, 0x86, 0xa0, 0x24, 0x23, 0x06, 0x46, 0x03, 0x82, 0x60, 0xd0, 0xa4, 0x81, 0x90, 0x8c,
    0x18, 0x18, 0x0d, 0x08, 0x82, 0x41, 0xa3, 0x06, 0x82, 0x72, 0x81, 0xb0, 0xc3, 0x0d, 0xc1, 0x42, 0x06, 0xb3, 0x0c,
    0x81, 0x10, 0x24, 0x21, 0x40, 0x12, 0x02, 0x9c, 0x10, 0x54, 0x06, 0x49, 0xcc, 0x12, 0x0c, 0x03, 0x15, 0x42, 0x25,
    0x78, 0xc0, 0x40, 0x45, 0x12, 0x09, 0x66, 0x00, 0x5c, 0x00, 0x5d, 0x0e, 0x49, 0x1c, 0x13, 0xe0, 0x05, 0x93, 0x5e,
    0x40, 0xec, 0x70, 0x43, 0xe0, 0x90, 0xc1, 0x74, 0x83, 0xf6, 0x04, 0x37, 0x04, 0x81, 0xca, 0x05, 0x02, 0xc3, 0x0d,
    0x8b, 0x18, 0x80, 0xc1, 0x2c, 0xc3, 0x20, 0x04, 0x03, 0x15, 0x89, 0x16, 0x18, 0xc2, 0x18, 0x42, 0x18, 0x6c, 0x63,
    0x08, 0x61, 0xc0, 0x8d, 0x18, 0x18, 0x0d, 0x08, 0x82, 0x41, 0x03, 0x0a, 0x02, 0x18, 0x8c, 0x18, 0x18, 0x0d, 0x08,
    0x82, 0x41, 0x13, 0x0a, 0x42, 0x18, 0x5c, 0x20, 0xec, 0x70, 0x43, 0x20, 0x06, 0x64, 0x30, 0xcb, 0x40, 0x14, 0x41,
    0x12, 0x02, 0x24, 0x21, 0xc0, 0x09, 0x41, 0x65, 0x90, 0xc4, 0x2c, 0x81, 0x31, 0x50, 0x21, 0x54, 0x05, 0x2b, 0x0c,
    0x03, 0x15, 0x49, 0x54, 0xd0, 0xc2, 0x70, 0xc1, 0x19, 0x5c, 0x0e, 0x49, 0x1c, 0x13, 0xe0, 0x05, 0x6a, 0xa0, 0x17,
    0x10, 0x3b, 0xdc, 0x10, 0x38, 0x64, 0x30, 0xdd, 0x10, 0x07, 0x4f, 0x70, 0x43, 0x10, 0xa8, 0xb8, 0x01, 0x08, 0x0c,
    0x37, 0x2c, 0x79, 0x00, 0x06, 0xb3, 0x0c, 0x46, 0x11, 0x0c, 0x54, 0x24, 0x1a, 0x61, 0x14, 0x63, 0x08, 0x78, 0x00,
    0x07, 0x63, 0x08, 0x78, 0x10, 0x07, 0x23, 0x06, 0x46, 0x03, 0x82, 0x60, 0xd0, 0xdc, 0x82, 0x70, 0x07, 0x23, 0x06,
    0x46, 0x03, 0x82, 0x60, 0xd0, 0xe0, 0x82, 0x80, 0x07, 0x17, 0x08, 0x3b, 0xdc, 0x10, 0xe4, 0x01, 0x19, 0xcc, 0x32,
    0x1c, 0x48, 0x90, 0x84, 0x00, 0x49, 0x08, 0x70, 0x42, 0x50, 0x19, 0x24, 0x31, 0x4b, 0x90, 0x0c, 0x54, 0x08, 0x15,
    0xa2, 0x0f, 0xc6, 0x40, 0x45, 0x12, 0x21, 0x22, 0x61, 0x5c, 0xe0, 0x07, 0x97, 0x43, 0x12, 0xc7, 0x04, 0x78, 0x41,
    0x28, 0xe8, 0x05, 0xc4, 0x0e, 0x37, 0x04, 0x0e, 0x19, 0x4c, 0x37, 0xa0, 0xc2, 0x13, 0xdc, 0x10, 0x04, 0x2a, 0xa5,
    0x00, 0x02, 0xc3, 0x0d, 0x0b, 0x2c, 0x80, 0xc1, 0x2c, 0x43, 0x82, 0x04, 0x03, 0x15, 0x89, 0x76, 0x18, 0xc8, 0x70,
    0x43, 0x29, 0xb4, 0x02, 0x1a, 0x9c, 0x2b, 0xc0, 0x41, 0x4c, 0x37, 0x04, 0x71, 0x20, 0xcc, 0x31, 0xa4, 0x42, 0x00,
    0x0b, 0xc3, 0x0d, 0x72, 0x10, 0x0b, 0x68, 0x70, 0xb2, 0xd0, 0xc5, 0x74, 0x43, 0xe0, 0x09, 0x73, 0x0c, 0x44, 0x00,
    0x0b, 0x57, 0x0b, 0x49, 0x0c, 0x37, 0x80, 0x81, 0x2d, 0xa0, 0xc1, 0x74, 0x83, 0xb0, 0x04, 0x73, 0x0c, 0x44, 0x20,
    0x0b, 0x1b, 0x84, 0x03, 0x01, 0x00, 0xb7, 0x00, 0x00, 0x00, 0x06, 0x95, 0x44, 0x04, 0xe3, 0x23, 0x3e, 0x62, 0xf7,
    0x47, 0xd0, 0x20, 0x85, 0x3f, 0x1d, 0x44, 0xe3, 0x23, 0x3e, 0x72, 0xd7, 0xa6, 0x95, 0x48, 0x54, 0xe0, 0x23, 0x3e,
    0x82, 0xd3, 0x66, 0x95, 0x48, 0x47, 0xe4, 0x23, 0x3e, 0x72, 0xeb, 0x76, 0xa5, 0x00, 0xcd, 0xd0, 0xfb, 0x88, 0x8f,
    0xdc, 0xbb, 0xe9, 0x3d, 0x93, 0x13, 0x38, 0xce, 0xe2, 0x37, 0xce, 0xa4, 0xfb, 0x08, 0xbe, 0xdb, 0x56, 0xb2, 0xfa,
    0xb5, 0x8f, 0xf8, 0x08, 0x5e, 0xdb, 0xd4, 0xb2, 0xfa, 0x34, 0x4e, 0xfb, 0x88, 0x8f, 0xdc, 0xb7, 0xcd, 0x2d, 0x12,
    0x15, 0xd4, 0xba, 0x8f, 0xf8, 0x88, 0x9e, 0xdb, 0x5d, 0x21, 0x51, 0x81, 0x8f, 0x58, 0x5d, 0xb2, 0xfa, 0xb6, 0x8f,
    0xf8, 0x88, 0xce, 0x1b, 0x9d, 0x23, 0x30, 0xcf, 0xee, 0x37, 0xce, 0xe4, 0x23, 0x3e, 0xa2, 0xeb, 0xf6, 0x86, 0x38,
    0x91, 0x8f, 0xf8, 0x88, 0x5e, 0xdb, 0xd0, 0x21, 0x51, 0x81, 0x8f, 0xf8, 0xc8, 0x19, 0x64, 0xff, 0xff, 0x44, 0x84,
    0xe0, 0x30, 0x0f, 0xb2, 0x10, 0xc3, 0x2f, 0x31, 0xce, 0xe0, 0x13, 0x17, 0x32, 0xe1, 0xbd, 0xe1, 0x19, 0x82, 0xd3,
    0x0c, 0x3e, 0x62, 0x45, 0x89, 0x44, 0x05, 0xb5, 0xee, 0x23, 0x3e, 0x62, 0x80, 0x01, 0x88, 0xe0, 0x34, 0x83, 0x8f,
    0xec, 0xb5, 0xed, 0x1d, 0x12, 0x15, 0xf8, 0x08, 0xae, 0xdf, 0xc0, 0xf5, 0xff, 0x4f, 0x44, 0x08, 0x0e, 0xf3, 0x20,
    0x0b, 0x31, 0xfc, 0x12, 0xe3, 0x0c, 0x3e, 0x71, 0x21, 0x93, 0x09, 0x35, 0x02, 0xf3, 0xd4, 0xb4, 0xdf, 0x38, 0x93,
    0x8f, 0xf8, 0x88, 0x05, 0x19, 0x4e, 0xe4, 0x23, 0x3e, 0x72, 0x08, 0x90, 0x75, 0x20, 0x0b, 0xe1, 0x07, 0xce, 0x80,
    0xf9, 0x88, 0x8f, 0xe8, 0xfb, 0x01, 0x14, 0x44, 0x33, 0x45, 0x98, 0xe1, 0x24, 0x82, 0xd3, 0x54, 0xb6, 0x8f, 0xf8,
    0x88, 0xed, 0x24, 0xa2, 0x4f, 0xe3, 0xb5, 0x8f, 0xf8, 0x88, 0x61, 0x21, 0x4e, 0xe4, 0x23, 0x3e, 0x72, 0xf3, 0x66,
    0xb6, 0x08, 0x4e, 0x53, 0xd9, 0x3e, 0xe2, 0x23, 0x79, 0x6d, 0x40, 0x08, 0xd0, 0x0c, 0xbd, 0x8f, 0xf8, 0x88, 0xe9,
    0x24, 0x82, 0xd3, 0x54, 0xba, 0x8f, 0xf8, 0x88, 0xad, 0x25, 0xd2, 0xb1, 0xf8, 0x88, 0x8f, 0xe4, 0xbb, 0xf1, 0x24,
    0xab, 0x4f, 0xe3, 0xb4, 0x8f, 0xf8, 0xc8, 0x09, 0x38, 0xd6, 0x81, 0x2c, 0x84, 0x1f, 0x38, 0x03, 0xe6, 0x23, 0x3e,
    0x62, 0x28, 0x41, 0x67, 0x37, 0x88, 0xe0, 0x34, 0x95, 0x8f, 0xf8, 0xc8, 0x1d, 0x34, 0x48, 0xe1, 0x4f, 0x07, 0xd1,
    0xf8, 0x88, 0x8f, 0xe4, 0xb8, 0xa5, 0x2d, 0xa2, 0x4f, 0xe3, 0xb5, 0x8f, 0xf8, 0x48, 0x9e, 0x1b, 0xd7, 0x22, 0x51,
    0x41, 0xad, 0xfb, 0x88, 0x8f, 0xe0, 0xb6, 0x79, 0x25, 0xab, 0x6f, 0xfb, 0x88, 0x8f, 0xe0, 0xb9, 0x95, 0x29, 0x82,
    0xd3, 0x54, 0x3e, 0xe2, 0x23, 0x39, 0x6d, 0x5d, 0x8e, 0xc0, 0x3c, 0xbb, 0xdf, 0x38, 0x93, 0x8f, 0xf8, 0x08, 0x7e,
    0x1b, 0xda, 0x22, 0x38, 0x4d, 0xa5, 0xfb, 0x88, 0x8f, 0xe4, 0xb7, 0xa9, 0x2d, 0xab, 0x4f, 0xe3, 0xb4, 0x8f, 0xf8,
    0x48, 0xae, 0xdb, 0x49, 0x70, 0x5e, 0xc0, 0x82, 0x14, 0xfe, 0x74, 0x10, 0x8d, 0x8f, 0xf8, 0x88, 0xc5, 0x25, 0x12,
    0x15, 0xf8, 0x88, 0x8f, 0xe8, 0xb7, 0xb1, 0x39, 0xd2, 0x11, 0xf9, 0x0c, 0x20, 0x29, 0x3e, 0xe2, 0x23, 0x39, 0x6f,
    0x39, 0x47, 0x44, 0x30, 0x3e, 0xe2, 0x23, 0xd6, 0x96, 0x48, 0x47, 0xe4, 0x23, 0x3e, 0x92, 0xf7, 0x06, 0xf7, 0x08,
    0xcc, 0x53, 0xd3, 0x7e, 0xe3, 0x4c, 0x3e, 0xe2, 0x23, 0xba, 0x6d, 0x72, 0xc9, 0xea, 0xd7, 0x3e, 0xe2, 0x23, 0x3a,
    0x6e, 0x67, 0x49, 0x44, 0x30, 0x3e, 0xe2, 0x23, 0xb9, 0x6d, 0x76, 0xcd, 0xe4, 0x04, 0x8e, 0xb3, 0xf8, 0x8d, 0x33,
    0xe9, 0x3e, 0x62, 0x7c, 0x88, 0xe0, 0x34, 0x83, 0x8f, 0xe0, 0xbc, 0x11, 0x1d, 0xab, 0x5f, 0xfb, 0x88, 0x8f, 0xd8,
    0xd1, 0xb1, 0xfa, 0xb6, 0x8f, 0xf8, 0x88, 0x3d, 0x2d, 0x82, 0xd3, 0x54, 0xb6, 0x8f, 0xf8, 0x88, 0xcd, 0xdb, 0xdf,
    0x33, 0x39, 0x81, 0xe3, 0x2c, 0x7e, 0xe3, 0x4c, 0xba, 0x8f, 0xec, 0xb4, 0xb9, 0x29, 0x40, 0x33, 0xf4, 0x3e, 0xe2,
    0x23, 0x3a, 0x6d, 0x46, 0x8c, 0xc0, 0x3c, 0xbb, 0xdf, 0x38, 0x93, 0x8f, 0xf8, 0xc8, 0x15, 0x40, 0xd6, 0x81, 0x2c,
    0x84, 0x1f, 0x38, 0x03, 0xe6, 0x23, 0x3e, 0x82, 0xe3, 0xe6, 0xa4, 0x08, 0x4e, 0x53, 0xf9, 0x88, 0x8f, 0xd8, 0xbb,
    0xf9, 0x1d, 0x12, 0x15, 0xf8, 0x88, 0xde, 0x9b, 0x0f, 0x23, 0x1d, 0x91, 0xcf, 0x00, 0x92, 0xe2, 0x23, 0x3e, 0x62,
    0x3d, 0x87, 0x74, 0x2c, 0x3e, 0xe2, 0x23, 0x97, 0x90, 0xfd, 0xff, 0x13, 0x11, 0x82, 0xc3, 0x3c, 0xc8, 0x42, 0x0c,
    0xbf, 0xc4, 0x38, 0x83, 0x4f, 0x5c, 0xc8, 0xb4, 0xdb, 0x96, 0xf5, 0x08, 0xcc, 0x53, 0xd3, 0x7e, 0xe3, 0x4c, 0x3e,
    0xe2, 0x23, 0x77, 0x6f, 0x3f, 0x87, 0x74, 0x44, 0x3e, 0xe2, 0x23, 0x46, 0x95, 0x48, 0xc7, 0xe2, 0x23, 0x3e, 0x72,
    0xe3, 0x16, 0xb5, 0x08, 0x4e, 0x53, 0xe9, 0x3e, 0xe2, 0x23, 0x37, 0x6d, 0x55, 0x8e, 0x74, 0x44, 0x3e, 0x03, 0x48,
    0x8a, 0x8f, 0xf8, 0xc8, 0x9d, 0x9b, 0xd4, 0x22, 0xfa, 0x34, 0x5e, 0xfb, 0x88, 0x8f, 0xdc, 0x36, 0x00, 0x00, 0x00,
    0x00, 0x01, 0x31, 0x00, 0x00, 0x04, 0x00, 0x00, 0x00, 0x5b, 0x06, 0x4c, 0x3a, 0xb6, 0x0c, 0x72, 0x20, 0x1d, 0x5b,
    0x06, 0x56, 0x90, 0x0e, 0x00, 0x00, 0x00, 0x00, 0x00, 0x00, 0x61, 0x20, 0x00, 0x00, 0xc2, 0x01, 0x00, 0x00, 0x13,
    0x04, 0x4d, 0x2c, 0x10, 0x00, 0x00, 0x00, 0x09, 0x00, 0x00, 0x00, 0x94, 0x8c, 0x00, 0x10, 0x33, 0x02, 0x40, 0x49,
    0x01, 0x02, 0x02, 0x02, 0x82, 0x90, 0x50, 0x7e, 0x94, 0x94, 0x00, 0x09, 0x35, 0x40, 0x49, 0x11, 0x94, 0x01, 0x45,
    0x33, 0x00, 0x44, 0x8e, 0x45, 0x00, 0x81, 0x30, 0x00, 0x63, 0x08, 0x8c, 0x32, 0x86, 0xc0, 0x2c, 0x23, 0x06, 0x46,
    0x03, 0x82, 0x60, 0xd0, 0xac, 0x81, 0xb0, 0x8c, 0x18, 0x18, 0x0d, 0x08, 0x82, 0x41, 0xc3, 0x06, 0x02, 0x73, 0x81,
    0xb0, 0xc3, 0x0d, 0x41, 0x43, 0x06, 0xb3, 0x0c, 0x81, 0x10, 0x24, 0x21, 0x40, 0x12, 0x02, 0x9c, 0x10, 0x54, 0x06,
    0x49, 0xcc, 0x12, 0x0c, 0x03, 0x15, 0x42, 0x25, 0x88, 0x01, 0x30, 0x50, 0x91, 0x44, 0x82, 0x1a, 0x00, 0x17, 0x48,
    0x97, 0x43, 0x12, 0xc7, 0x04, 0x78, 0x41, 0xa5, 0x17, 0x10, 0x3b, 0xdc, 0x10, 0x38, 0x64, 0x30, 0xdd, 0xc0, 0x3d,
    0xc1, 0x0d, 0x41, 0xa0, 0x92, 0x81, 0xc0, 0x70, 0xc3, 0x42, 0x06, 0x60, 0x30, 0xcb, 0x30, 0x08, 0xc1, 0x40, 0x45,
    0xa2, 0x05, 0x86, 0x30, 0x86, 0x30, 0x06, 0xdd, 0x18, 0xc2, 0x18, 0x78, 0x23, 0x06, 0x46, 0x03, 0x82, 0x60, 0xd0,
    0x88, 0x82, 0x20, 0x06, 0x23, 0x06, 0x46, 0x03, 0x82, 0x60, 0xd0, 0x8c, 0x82, 0x30, 0x06, 0x17, 0x08, 0x3b, 0xdc,
    0x10, 0x90, 0x01, 0x19, 0xcc, 0x32, 0x10, 0x45, 0x90, 0x84, 0x00, 0x49, 0x08, 0x70, 0x42, 0x50, 0x19, 0x24, 0x31,
    0x4b, 0x60, 0x0c, 0x54, 0x08, 0x55, 0x01, 0x0b, 0xc3, 0x40, 0x45, 0x12, 0x15, 0xb8, 0x30, 0x5c, 0x90, 0x06, 0x97,
    0x43, 0x12, 0xc7, 0x04, 0x78, 0x01, 0x1b, 0xe8, 0x05, 0xc4, 0x0e, 0x37, 0x04, 0x0e, 0x19, 0x4c, 0x37, 0xcc, 0xc1,
    0x13, 0xdc, 0x10, 0x04, 0x2a, 0x70, 0x00, 0x02, 0xc3, 0x0d, 0xcb, 0x1e, 0x80, 0xc1, 0x2c, 0x83, 0x51, 0x04, 0x03,
    0x15, 0x89, 0x46, 0x18, 0xc5, 0x18, 0x82, 0x1e, 0xc8, 0xc1, 0x18, 0x82, 0x1e, 0xcc, 0xc1, 0x88, 0x81, 0xd1, 0x80,
    0x20, 0x18, 0x34, 0xb9, 0x20, 0xe4, 0xc1, 0x88, 0x81, 0xd1, 0x80, 0x20, 0x18, 0x34, 0xba, 0x20, 0xe8, 0xc1, 0x05,
    0xc2, 0x0e, 0x37, 0x04, 0x7b, 0x40, 0x06, 0xb3, 0x0c, 0x07, 0x12, 0x24, 0x21, 0x40, 0x12, 0x02, 0x9c, 0x10, 0x54,
    0x06, 0x49, 0xcc, 0x12, 0x24, 0x03, 0x15, 0x42, 0x85, 0xf8, 0x83, 0x31, 0x50, 0x91, 0x44, 0x88, 0x49, 0x18, 0x17,
    0x80, 0xc2, 0xe5, 0x90, 0xc4, 0x31, 0x01, 0x5e, 0x30, 0x0a, 0x7a, 0x01, 0xb1, 0xc3, 0x0d, 0x81, 0x43, 0x06, 0xd3,
    0x0d, 0xaa, 0xf0, 0x04, 0x37, 0x04, 0x81, 0xca, 0x29, 0x80, 0xc0, 0x70, 0xc3, 0x22, 0x0b, 0x60, 0x30, 0xcb, 0x90,
    0x20, 0xc1, 0x40, 0x45, 0xa2, 0x1d, 0x06, 0x32, 0x86, 0x10, 0x0b, 0xa8, 0x30, 0x86, 0x10, 0x0b, 0xa9, 0x30, 0x62,
    0x60, 0x34, 0x20, 0x08, 0x06, 0x0d, 0x3c, 0x08, 0xb0, 0x30, 0x62, 0x60, 0x34, 0x20, 0x08, 0x06, 0x4d, 0x3c, 0x08,
    0xb1, 0x70, 0x81, 0xb0, 0xc3, 0x0d, 0x81, 0x2c, 0x90, 0xc1, 0x2c, 0x83, 0xb2, 0x04, 0x49, 0x08, 0x90, 0x84, 0x00,
    0x27, 0x04, 0x95, 0x41, 0x12, 0xb3, 0x04, 0xcc, 0x40, 0x85, 0x50, 0x2d, 0x6c, 0x91, 0x0c, 0x54, 0x24, 0xd1, 0x42,
    0x17, 0xc9, 0x05, 0xb7, 0x70, 0x39, 0x24, 0x71, 0x4c, 0x80, 0x17, 0xe8, 0x82, 0x5e, 0x40, 0xec, 0x70, 0x43, 0xe0,
    0x90, 0xc1, 0x74, 0x43, 0x38, 0x3c, 0xc1, 0x0d, 0x41, 0xa0, 0xe2, 0x0b, 0x20, 0x30, 0xdc, 0xb0, 0xa4, 0x03, 0x18,
    0xcc, 0x32, 0x30, 0x4b, 0x30, 0x50, 0x91, 0x68, 0x8a, 0xb1, 0x0c, 0x37, 0xf0, 0x82, 0x39, 0xa0, 0xc1, 0x9d, 0xc3,
    0x29, 0xc4, 0x74, 0x43, 0x80, 0x0a, 0xc2, 0x1c, 0x43, 0x38, 0x04, 0xe9, 0x30, 0xdc, 0x90, 0x0a, 0xea, 0x80, 0x06,
    0xb7, 0x0e, 0x74, 0x10, 0xd3, 0x0d, 0x41, 0x1d, 0x08, 0x73, 0x0c, 0x44, 0x90, 0x0e, 0xc3, 0x0d, 0x76, 0xe0, 0x0e,
    0x68, 0x70, 0xef, 0x10, 0x06, 0x31, 0xdd, 0x10, 0x88, 0x81, 0x30, 0xc7, 0x90, 0x0e, 0x41, 0x3c, 0x9c, 0x3c, 0x34,
    0x31, 0xdc, 0x40, 0x06, 0xf3, 0x80, 0x06, 0xd3, 0x0d, 0xc2, 0x13, 0xcc, 0x31, 0x10, 0x41, 0x3c, 0x0c, 0x32, 0x24,
    0x41, 0x3b, 0x6c, 0x10, 0x0e, 0x04, 0x24, 0x01, 0x00, 0x00, 0x87, 0x20, 0x59, 0x07, 0xb2, 0x10, 0x7e, 0xe0, 0x0c,
    0x98, 0x8f, 0xf8, 0x88, 0x8f, 0xd8, 0xb8, 0x31, 0x06, 0x3c, 0x12, 0x15, 0xd4, 0xba, 0x8f, 0xf8, 0x88, 0x6d, 0xfb,
    0x08, 0x6e, 0x5b, 0x9a, 0x12, 0x11, 0x8c, 0x8f, 0xf8, 0x88, 0x8f, 0xf4, 0x37, 0x90, 0xfd, 0xff, 0x13, 0x11, 0x82,
    0xc3, 0x3c, 0xc8, 0x42, 0x0c, 0xbf, 0xc4, 0x38, 0x83, 0x4f, 0x5c, 0xc8, 0xe4, 0x23, 0x86, 0x19, 0x90, 0x48, 0x54,
    0xe0, 0x23, 0x3e, 0x82, 0xef, 0x46, 0xf4, 0x08, 0xcc, 0x53, 0xd3, 0x7e, 0xe3, 0x4c, 0x3e, 0xe2, 0x23, 0x3e, 0x62,
    0x51, 0x8c, 0xe0, 0x34, 0x95, 0xed, 0x23, 0x3e, 0xc2, 0xfb, 0x88, 0x35, 0x06, 0x48, 0x02, 0xf3, 0xec, 0x7e, 0xe3,
    0x4c, 0x3e, 0xe2, 0x23, 0xf6, 0xed, 0x23, 0xf8, 0x6d, 0x8e, 0x01, 0xcd, 0xea, 0xdb, 0x3e, 0xe2, 0x23, 0x76, 0xee,
    0x23, 0x78, 0x6e, 0x94, 0x01, 0x89, 0x44, 0x05, 0x3e, 0x62, 0xeb, 0x3e, 0x62, 0x3f, 0x89, 0x74, 0x2c, 0x3e, 0xe2,
    0x23, 0x3e, 0x62, 0x3a, 0x8b, 0xe0, 0x34, 0x95, 0xed, 0x23, 0x3e, 0xe2, 0x23, 0x06, 0x18, 0xc0, 0x44, 0x04, 0xe3,
    0x23, 0x3e, 0xd2, 0xfb, 0x88, 0xdd, 0x1b, 0x90, 0x23, 0x1d, 0x91, 0xcf, 0x00, 0x92, 0xe2, 0x23, 0x3e, 0xe2, 0x23,
    0xb6, 0x15, 0x09, 0xcc, 0x53, 0xd3, 0x7e, 0xe3, 0x4c, 0x3e, 0xe2, 0x23, 0x75, 0xef, 0x23, 0xd6, 0xb3, 0x88, 0x3e,
    0x8d, 0xd7, 0x3e, 0xe2, 0x23, 0x3e, 0x62, 0x50, 0x8b, 0xe0, 0x34, 0x95, 0x8f, 0xf8, 0xc8, 0xee, 0x23, 0x16, 0x94,
    0x48, 0x47, 0xe4, 0x23, 0x3e, 0xe2, 0x23, 0xc6, 0xb3, 0x08, 0x4e, 0x53, 0xe9, 0x3e, 0xe2, 0x23, 0x3e, 0x62, 0x6e,
    0x90, 0x74, 0x44, 0x3e, 0x03, 0x48, 0x8a, 0x8f, 0xf8, 0x88, 0x8f, 0xd4, 0xf9, 0x11, 0x3c, 0x48, 0xe1, 0x4f, 0x07,
    0xd1, 0xf8, 0x88, 0x8f, 0xd4, 0xb5, 0x8f, 0x5c, 0x40, 0x83, 0x14, 0xfe, 0x74, 0x10, 0x8d, 0x8f, 0xf8, 0x88, 0x8f,
    0x58, 0x60, 0xc0, 0x23, 0x38, 0x4d, 0xa5, 0xfb, 0x88, 0x8f, 0xd4, 0xb4, 0x8f, 0xdc, 0xb4, 0xf9, 0x2c, 0xab, 0x4f,
    0xe3, 0xb4, 0x8f, 0xf8, 0x88, 0x8f, 0x18, 0xd6, 0x22, 0x1d, 0x91, 0x8f, 0xf8, 0x48, 0xad, 0xfb, 0x88, 0x09, 0x29,
    0x40, 0x33, 0xf4, 0x3e, 0xe2, 0x23, 0x3e, 0x62, 0x39, 0x8a, 0xe0, 0x34, 0x95, 0x8f, 0xf8, 0x88, 0x8f, 0x58, 0x55,
    0xb3, 0xfa, 0x34, 0x4e, 0xfb, 0x88, 0x8f, 0xd4, 0xb7, 0x8f, 0x18, 0xd8, 0xb2, 0xfa, 0xb6, 0x8f, 0xf8, 0x88, 0x9d,
    0xfb, 0x88, 0x65, 0x31, 0x40, 0x33, 0xf4, 0x3e, 0xe2, 0x23, 0xf5, 0xee, 0x23, 0x66, 0xb5, 0x48, 0xc7, 0xe2, 0x23,
    0x3e, 0x52, 0xe3, 0x3e, 0x62, 0x5f, 0x90, 0xc0, 0x3c, 0xbb, 0xdf, 0x38, 0x93, 0x8f, 0xf8, 0x88, 0x7d, 0xfb, 0x88,
    0x11, 0x06, 0x34, 0xd2, 0xb1, 0xf8, 0x88, 0x8f, 0xd4, 0xb8, 0x8f, 0xdc, 0xb8, 0x75, 0x2d, 0xab, 0x5f, 0xfb, 0x88,
    0x8f, 0xd8, 0xb5, 0x8f, 0x9c, 0x01, 0xf6, 0xff, 0x4f, 0x44, 0x08, 0x0e, 0xf3, 0x20, 0x0b, 0x31, 0xfc, 0x12, 0xe3,
    0x0c, 0xb6, 0x4f, 0x5c, 0xc8, 0x64, 0x86, 0x01, 0x8d, 0x74, 0x44, 0x3e, 0xe2, 0x23, 0xb5, 0xee, 0x23, 0xb7, 0x6e,
    0x5c, 0x8b, 0x44, 0x05, 0x3e, 0xe2, 0x23, 0x36, 0xed, 0x23, 0x06, 0x19, 0x70, 0x48, 0x54, 0xe0, 0x23, 0x3e, 0x62,
    0x6f, 0x8b, 0x74, 0x44, 0x3e, 0xe2, 0x23, 0x3e, 0x52, 0xeb, 0xb6, 0x93, 0x44, 0x04, 0xe3, 0x23, 0x3e, 0xe2, 0x23,
    0x66, 0x07, 0x09, 0xcc, 0xb3, 0xfb, 0x8d, 0x33, 0xf9, 0x88, 0x8f, 0xf8, 0x88, 0x7d, 0xdf, 0x02, 0x65, 0x1d, 0xc8,
    0x42, 0xf8, 0x81, 0x33, 0x60, 0x3e, 0xe2, 0x23, 0x36, 0xee, 0x23, 0x38, 0x7e, 0x0a, 0x11, 0x52, 0xf8, 0xd3, 0x41,
    0x34, 0x3e, 0xe2, 0x23, 0x75, 0xed, 0x23, 0x77, 0x6d, 0x6d, 0x8b, 0x74, 0x2c, 0x3e, 0xe2, 0x23, 0x3e, 0x52, 0xe3,
    0x46, 0xb7, 0xac, 0x7e, 0xed, 0x23, 0x3e, 0xe2, 0x23, 0x76, 0x6d, 0x5e, 0x8d, 0x44, 0x05, 0xb5, 0xee, 0x23, 0x3e,
    0x62, 0xdb, 0x3e, 0x62, 0x89, 0x01, 0x93, 0xc0, 0x3c, 0x35, 0xed, 0x37, 0xce, 0xe4, 0x23, 0x3e, 0x52, 0xf7, 0x3e,
    0x72, 0xf7, 0x56, 0x19, 0xa0, 0x08, 0x4e, 0x33, 0xf8, 0x88, 0xcd, 0xfb, 0xc8, 0x01, 0x14, 0x44, 0x33, 0x45, 0x98,
    0x9d, 0x2d, 0x82, 0xd3, 0x54, 0x3e, 0xe2, 0x23, 0x3e, 0xb2, 0x1f, 0x83, 0xf6, 0xff, 0x4f, 0x44, 0x08, 0x0e, 0xf3,
    0x20, 0x0b, 0x31, 0xfc, 0x12, 0xe3, 0x0c, 0xb6, 0x4f, 0x5c, 0xc8, 0x94, 0xdb, 0x26, 0x18, 0xf0, 0x88, 0x3e, 0x8d,
    0xd7, 0x3e, 0xe2, 0x23, 0xb5, 0xed, 0x23, 0xb7, 0x6d, 0x47, 0x8b, 0x44, 0x05, 0xb5, 0xee, 0x23, 0x3e, 0xe2, 0x23,
    0x96, 0x94, 0xac, 0xbe, 0xed, 0x23, 0x3e, 0xe2, 0x23, 0x36, 0x18, 0xf0, 0xac, 0x3e, 0x8d, 0xd3, 0x3e, 0xe2, 0x23,
    0xf5, 0xed, 0x23, 0xf7, 0x6d, 0x77, 0xcb, 0xea, 0xdb, 0x3e, 0xe2, 0x23, 0x3e, 0x62, 0xe7, 0x86, 0xe4, 0x08, 0xcc,
    0xb3, 0xfb, 0x8d, 0x33, 0xf9, 0x88, 0x8f, 0xf8, 0x88, 0xf9, 0x35, 0x82, 0xd3, 0x54, 0x3e, 0xe2, 0x23, 0xbb, 0x8f,
    0xd8, 0xbb, 0x15, 0x06, 0x48, 0xd2, 0x11, 0xf9, 0x0c, 0x20, 0x29, 0x3e, 0xe2, 0x23, 0x75, 0xee, 0x23, 0x77, 0x6e,
    0x87, 0x01, 0x0e, 0xd0, 0x0c, 0xbd, 0x8f, 0xf8, 0x48, 0xbd, 0xfb, 0xc8, 0xbd, 0x5f, 0x81, 0x64, 0x1d, 0xc8, 0x42,
    0xf8, 0x81, 0x33, 0x60, 0x3e, 0xe2, 0x23, 0x36, 0xee, 0x23, 0xb6, 0x18, 0xd0, 0xac, 0x7e, 0xed, 0x23, 0x3e, 0x62,
    0xd7, 0x3e, 0x82, 0xd7, 0x96, 0x19, 0xa0, 0x08, 0x4e, 0x33, 0xf8, 0x88, 0x8f, 0xe0, 0xbc, 0xa1, 0x04, 0x9d, 0x0d,
    0x21, 0x4e, 0xe4, 0x23, 0x3e, 0xe2, 0x23, 0x16, 0x19, 0x80, 0x08, 0x4e, 0x33, 0xf8, 0x88, 0x8f, 0xd8, 0x64, 0x40,
    0x34, 0x39, 0x81, 0xe3, 0x2c, 0x7e, 0xe3, 0x4c, 0xba, 0x8f, 0xd8, 0xbb, 0x8f, 0x98, 0x62, 0x40, 0x23, 0x51, 0x81,
    0x8f, 0xf8, 0x88, 0x4d, 0xfb, 0x08, 0x4e, 0xdb, 0x49, 0x70, 0x9a, 0x96, 0xe2, 0x44, 0x3e, 0xe2, 0x23, 0x35, 0xef,
    0x23, 0x16, 0xa7, 0x38, 0x91, 0x8f, 0xf8, 0x88, 0x8f, 0xd4, 0xbc, 0xcd, 0x2d, 0x12, 0x15, 0xf8, 0x88, 0x8f, 0xf8,
    0x88, 0x4d, 0xdb, 0x54, 0x23, 0x38, 0x4d, 0xa5, 0xfb, 0x88, 0x8f, 0xd4, 0xb4, 0x8f, 0xdc, 0xc1, 0x83, 0x14, 0xfe,
    0x74, 0x10, 0x8d, 0x8f, 0xf8, 0x88, 0x8f, 0xd4, 0xb5, 0x51, 0x35, 0xa2, 0x4f, 0xe3, 0xb5, 0x8f, 0xf8, 0x48, 0x6d,
    0xfb, 0x88, 0x5d, 0x41, 0xd2, 0x11, 0xf9, 0x0c, 0x20, 0x29, 0x3e, 0xe2, 0x23, 0x75, 0xee, 0x23, 0xb6, 0xd6, 0x88,
    0x3e, 0x8d, 0xd7, 0x3e, 0xe2, 0x23, 0x3e, 0x52, 0xdb, 0xa6, 0xd6, 0x08, 0x4e, 0x53, 0xe9, 0x3e, 0xe2, 0x23, 0x3e,
    0x52, 0xd3, 0x06, 0xc7, 0x00, 0xcd, 0xd0, 0xfb, 0x88, 0x8f, 0xf8, 0x48, 0xbd, 0x9f, 0x00, 0x64, 0x1d, 0xc8, 0x42,
    0xf8, 0x81, 0x33, 0x60, 0x3e, 0xe2, 0x23, 0x3e, 0x62, 0x75, 0x8d, 0x44, 0x05, 0xb5, 0xee, 0x23, 0x3e, 0xe2, 0x23,
    0xb6, 0x6d, 0x97, 0x01, 0xd1, 0xe4, 0x04, 0x8e, 0xb3, 0xf8, 0x8d, 0x33, 0xe9, 0x3e, 0xe2, 0x23, 0xb8, 0x6e, 0x6c,
    0xcd, 0xea, 0xd3, 0x38, 0xed, 0x23, 0x3e, 0xe2, 0x23, 0xf5, 0x6d, 0x72, 0x91, 0xc0, 0x3c, 0x35, 0xed, 0x37, 0xce,
    0xe4, 0x23, 0x3e, 0xe2, 0x23, 0x75, 0x6f, 0x88, 0x01, 0x8c, 0x13, 0xf9, 0x88, 0x8f, 0xd4, 0xbc, 0x8f, 0xdc, 0xbc,
    0x71, 0x06, 0x4c, 0x93, 0x13, 0x38, 0xce, 0xe2, 0x37, 0xce, 0xa4, 0xfb, 0x88, 0xbd, 0xfb, 0x48, 0x4e, 0x9b, 0x94,
    0x12, 0x11, 0x8c, 0x8f, 0xf8, 0x48, 0xef, 0x23, 0xd6, 0x19, 0xc0, 0x08, 0x4e, 0x33, 0xf8, 0x88, 0xcd, 0xfb, 0x48,
    0x5e, 0x1b, 0x1a, 0x23, 0x38, 0x4d, 0x65, 0xfb, 0x88, 0x8f, 0xf8, 0x08, 0x7f, 0x09, 0xdb, 0xff, 0x3f, 0x11, 0x21,
    0x38, 0xcc, 0x83, 0x2c, 0xc4, 0xf0, 0x4b, 0x8c, 0x33, 0xf8, 0xc4, 0x85, 0x4c, 0x3e, 0x62, 0xeb, 0xb6, 0x19, 0xb0,
    0x48, 0x54, 0xe0, 0x23, 0xb6, 0xee, 0x23, 0x78, 0x6f, 0x45, 0x89, 0x44, 0x05, 0x3e, 0xe2, 0x23, 0x3e, 0x62, 0x7f,
    0x8e, 0xe0, 0x34, 0x95, 0xed, 0x23, 0x3e, 0xc2, 0xfb, 0x88, 0xcd, 0xdb, 0x63, 0xc0, 0x33, 0x39, 0x81, 0xe3, 0x2c,
    0x7e, 0xe3, 0x4c, 0xba, 0x8f, 0xf8, 0x88, 0x19, 0x25, 0xab, 0x5f, 0xfb, 0x88, 0x8f, 0xf8, 0x08, 0x00, 0x00, 0x00,
    0x01, 0x31, 0x00, 0x00, 0x05, 0x00, 0x00, 0x00, 0x5b, 0x06, 0x4c, 0x3a, 0xb6, 0x0c, 0x72, 0x20, 0x1d, 0x5b, 0x06,
    0x56, 0x90, 0x8e, 0x2d, 0x83, 0x39, 0x48, 0x07, 0x00, 0x00, 0x00, 0x00, 0x00, 0x61, 0x20, 0x00, 0x00, 0xeb, 0x03,
    0x00, 0x00, 0x13, 0x04, 0x59, 0x2c, 0x10, 0x00, 0x00, 0x00, 0x0d, 0x00, 0x00, 0x00, 0x94, 0x8c, 0x00, 0x10, 0x33,
    0x02, 0x40, 0x49, 0x01, 0x02, 0x02, 0x02, 0x82, 0x90, 0x50, 0x7e, 0x94, 0x94, 0x00, 0x09, 0x35, 0x40, 0x49, 0x11,
    0x94, 0x41, 0x21, 0x94, 0x42, 0x31, 0x94, 0x03, 0x45, 0x33, 0x00, 0x44, 0x8e, 0x45, 0x00, 0x81, 0x30, 0x50, 0x39,
    0x16, 0x02, 0x04, 0xc2, 0x40, 0x14, 0xc6, 0x01, 0x00, 0x63, 0x08, 0xd1, 0x33, 0x86, 0x10, 0x41, 0x23, 0x06, 0x46,
    0x03, 0x82, 0x60, 0xd0, 0xc0, 0x81, 0x00, 0x8d, 0x18, 0x18, 0x0d, 0x08, 0x82, 0x41, 0x13, 0x07, 0x42, 0x74, 0x81,
    0xb0, 0xc3, 0x0d, 0x81, 0x44, 0x06, 0xb3, 0x0c, 0x81, 0x10, 0x24, 0x21, 0x40, 0x12, 0x02, 0x9c, 0x10, 0x54, 0x06,
    0x49, 0xcc, 0x12, 0x0c, 0x03, 0x15, 0x42, 0x25, 0xb0, 0x01, 0x30, 0x50, 0x91, 0x44, 0x02, 0x1d, 0x00, 0x17, 0x5c,
    0x97, 0x43, 0x12, 0xc7, 0x04, 0x78, 0x81, 0xa6, 0x17, 0x10, 0x3b, 0xdc, 0x10, 0x38, 0x64, 0x30, 0xdd, 0x10, 0x06,
    0x4f, 0x70, 0x43, 0x10, 0xa8, 0x78, 0x20, 0x30, 0xdc, 0xb0, 0xa4, 0x01, 0x18, 0xcc, 0x32, 0x0c, 0x42, 0x30, 0x50,
    0x91, 0x68, 0x81, 0x21, 0x8c, 0x21, 0xa0, 0x81, 0x18, 0x8c, 0x21, 0xa0, 0xc1, 0x18, 0x8c, 0x18, 0x18, 0x0d, 0x08,
    0x82, 0x41, 0x73, 0x0a, 0xc2, 0x19, 0x8c, 0x18, 0x18, 0x0d, 0x08, 0x82, 0x41, 0x83, 0x0a, 0x02, 0x1a, 0x5c, 0x20,
    0xec, 0x70, 0x43, 0x90, 0x06, 0x64, 0x30, 0xcb, 0x40, 0x14, 0x41, 0x12, 0x02, 0x24, 0x21, 0xc0, 0x09, 0x41, 0x65,
    0x90, 0xc4, 0x2c, 0x81, 0x31, 0x50, 0x21, 0x54, 0x85, 0x2e, 0x0c, 0x03, 0x15, 0x49, 0x54, 0x88, 0xc3, 0x70, 0x81,
    0x1b, 0x5c, 0x0e, 0x49, 0x1c, 0x13, 0xe0, 0x05, 0x71, 0xa0, 0x17, 0x10, 0x3b, 0xdc, 0x10, 0x38, 0x64, 0x30, 0xdd,
    0x80, 0x07, 0x4f, 0x70, 0x43, 0x10, 0xa8, 0xd4, 0x01, 0x08, 0x0c, 0x37, 0x2c, 0xa0, 0x00, 0x06, 0xb3, 0x0c, 0x46,
    0x11, 0x0c, 0x54, 0x24, 0x1a, 0x61, 0x14, 0x63, 0x08, 0x7f, 0x70, 0x07, 0x63, 0x08, 0x7f, 0x80, 0x07, 0x23, 0x06,
    0x46, 0x03, 0x82, 0x60, 0xd0, 0xf8, 0x82, 0xe0, 0x07, 0x23, 0x06, 0x46, 0x03, 0x82, 0x60, 0xd0, 0xfc, 0x82, 0xf0,
    0x07, 0x17, 0x08, 0x3b, 0xdc, 0x10, 0x80, 0x02, 0x19, 0xcc, 0x32, 0x1c, 0x48, 0x90, 0x84, 0x00, 0x49, 0x08, 0x70,
    0x42, 0x50, 0x19, 0x24, 0x31, 0x4b, 0x90, 0x0c, 0x54, 0x08, 0x15, 0x82, 0x12, 0xc6, 0x40, 0x45, 0x12, 0x21, 0x30,
    0x61, 0x5c, 0x50, 0x0a, 0x97, 0x43, 0x12, 0xc7, 0x04, 0x78, 0x01, 0x2a, 0xe8, 0x05, 0xc4, 0x0e, 0x37, 0x04, 0x0e,
    0x19, 0x4c, 0x37, 0xbc, 0xc2, 0x13, 0xdc, 0x10, 0x04, 0x2a, 0xac, 0x00, 0x02, 0xc3, 0x0d, 0xcb, 0x2d, 0x80, 0xc1,
    0x2c, 0x43, 0x82, 0x04, 0x03, 0x15, 0x89, 0x76, 0x18, 0xc8, 0x18, 0x82, 0x2d, 0xb4, 0xc2, 0x18, 0x82, 0x2d, 0xb8,
    0xc2, 0x88, 0x81, 0xd1, 0x80, 0x20, 0x18, 0x34, 0xf5, 0x20, 0xd4, 0xc2, 0x88, 0x81, 0xd1, 0x80, 0x20, 0x18, 0x34,
    0xf6, 0x20, 0xd8, 0xc2, 0x05, 0xc2, 0x0e, 0x37, 0x04, 0xb7, 0x40, 0x06, 0xb3, 0x0c, 0xca, 0x12, 0x24, 0x21, 0x40,
    0x12, 0x02, 0x9c, 0x10, 0x54, 0x06, 0x49, 0xcc, 0x12, 0x30, 0x03, 0x15, 0x42, 0xb5, 0xd8, 0x45, 0x32, 0x50, 0x91,
    0x44, 0x8b, 0x5f, 0x24, 0x17, 0xf0, 0xc2, 0xe5, 0x90, 0xc4, 0x31, 0x01, 0x5e, 0xf0, 0x0b, 0x7a, 0x01, 0xb1, 0xc3,
    0x0d, 0x81, 0x43, 0x06, 0xd3, 0x0d, 0xe6, 0xf0, 0x04, 0x37, 0x04, 0x81, 0xca, 0x38, 0x80, 0xc0, 0x70, 0xc3, 0xe2,
    0x0e, 0x60, 0x30, 0xcb, 0xc0, 0x2c, 0xc1, 0x40, 0x45, 0xa2, 0x29, 0xc6, 0x32, 0x86, 0xd0, 0x0e, 0xe3, 0x30, 0x86,
    0xd0, 0x0e, 0xe4, 0x30, 0x62, 0x60, 0x34, 0x20, 0x08, 0x06, 0x0d, 0x4b, 0x08, 0xec, 0x30, 0x62, 0x60, 0x34, 0x20,
    0x08, 0x06, 0x4d, 0x4b, 0x08, 0xed, 0x70, 0x81, 0xb0, 0xc3, 0x0d, 0x81, 0x3b, 0x90, 0xc1, 0x2c, 0x43, 0xe3, 0x04,
    0x49, 0x08, 0x90, 0x84, 0x00, 0x27, 0x04, 0x95, 0x41, 0x12, 0xb3, 0x04, 0xcf, 0x40, 0x85, 0x50, 0x39, 0xe4, 0xc1,
    0x0c, 0x54, 0x24, 0x91, 0xc3, 0x1e, 0xcc, 0x05, 0xf3, 0x70, 0x39, 0x24, 0x71, 0x4c, 0x80, 0x17, 0xd8, 0x83, 0x5e,
    0x40, 0xec, 0x70, 0x43, 0xe0, 0x90, 0xc1, 0x74, 0x43, 0x3f, 0x3c, 0xc1, 0x0d, 0x41, 0xa0, 0xa2, 0x0f, 0x20, 0x30,
    0xdc, 0xb0, 0x94, 0x04, 0x18, 0xcc, 0x32, 0x3c, 0x4e, 0x30, 0x50, 0x91, 0x68, 0x8d, 0xe1, 0x8c, 0x21, 0x90, 0x44,
    0x3e, 0x8c, 0x21, 0x90, 0x84, 0x3e, 0x8c, 0x18, 0x18, 0x0d, 0x08, 0x82, 0x41, 0x33, 0x16, 0xc2, 0x48, 0x8c, 0x18,
    0x18, 0x0d, 0x08, 0x82, 0x41, 0x43, 0x16, 0x02, 0x49, 0x5c, 0x20, 0xec, 0x70, 0x43, 0x50, 0x12, 0x64, 0x30, 0xcb,
    0x00, 0x45, 0x41, 0x12, 0x02, 0x24, 0x21, 0xc0, 0x09, 0x41, 0x65, 0x90, 0xc4, 0x2c, 0x81, 0x34, 0x50, 0x21, 0x54,
    0x91, 0x8c, 0x3c, 0x03, 0x15, 0x49, 0x14, 0xe9, 0xc8, 0x73, 0x81, 0x4a, 0x5c, 0x0e, 0x49, 0x1c, 0x13, 0xe0, 0x05,
    0x2d, 0xa1, 0x17, 0x10, 0x3b, 0xdc, 0x10, 0x38, 0x64, 0x30, 0xdd, 0x40, 0x13, 0x4f, 0x70, 0x43, 0x10, 0xa8, 0xc4,
    0x04, 0x08, 0x0c, 0x37, 0x2c, 0x3c, 0x01, 0x06, 0xb3, 0x0c, 0x52, 0x14, 0x0c, 0x54, 0x24, 0x1a, 0x64, 0x44, 0x63,
    0x08, 0x3b, 0xf1, 0x12, 0x63, 0x08, 0x3b, 0x01, 0x13, 0x23, 0x06, 0x46, 0x03, 0x82, 0x60, 0xd0, 0xe8, 0x85, 0xa0,
    0x13, 0x23, 0x06, 0x46, 0x03, 0x82, 0x60, 0xd0, 0xec, 0x85, 0xb0, 0x13, 0x17, 0x08, 0x3b, 0xdc, 0x10, 0xf0, 0x04,
    0x19, 0xcc, 0x32, 0x4c, 0x54, 0x90, 0x84, 0x00, 0x49, 0x08, 0x70, 0x42, 0x50, 0x19, 0x24, 0x31, 0x4b, 0x50, 0x0d,
    0x54, 0x08, 0x15, 0x05, 0x2a, 0xd2, 0x40, 0x45, 0x12, 0x51, 0xa8, 0x22, 0x5d, 0x10, 0x16, 0x97, 0x43, 0x12, 0xc7,
    0x04, 0x78, 0x01, 0x59, 0xe8, 0x05, 0xc4, 0x0e, 0x37, 0x04, 0x0e, 0x19, 0x4c, 0x37, 0xac, 0xc5, 0x13, 0xdc, 0x10,
    0x04, 0x2a, 0x68, 0x01, 0x02, 0xc3, 0x0d, 0xcb, 0x5c, 0x80, 0xc1, 0x2c, 0x43, 0x45, 0x05, 0x03, 0x15, 0x89, 0x36,
    0x19, 0xd4, 0x18, 0x82, 0x5c, 0x94, 0xc5, 0x18, 0x82, 0x5c, 0x98, 0xc5, 0x88, 0x81, 0xd1, 0x80, 0x20, 0x18, 0x34,
    0xb1, 0x21, 0xc4, 0xc5, 0x88, 0x81, 0xd1, 0x80, 0x20, 0x18, 0x34, 0xb2, 0x21, 0xc8, 0xc5, 0x05, 0xc2, 0x0e, 0x37,
    0x04, 0x73, 0x41, 0x06, 0xb3, 0x0c, 0xd6, 0x15, 0x24, 0x21, 0x40, 0x12, 0x02, 0x9c, 0x10, 0x54, 0x06, 0x49, 0xcc,
    0x12, 0x60, 0x03, 0x15, 0x42, 0x75, 0xb9, 0x4b, 0x35, 0x50, 0x91, 0x44, 0x97, 0xbd, 0x54, 0x17, 0xe0, 0xc5, 0xe5,
    0x90, 0xc4, 0x31, 0x01, 0x5e, 0xb0, 0x17, 0x7a, 0x01, 0xb1, 0xc3, 0x0d, 0x81, 0x43, 0x06, 0xd3, 0x0d, 0xa2, 0xf1,
    0x04, 0x37, 0x04, 0x81, 0xca, 0x5f, 0x80, 0xc0, 0x70, 0xc3, 0xa2, 0x1a, 0x60, 0x30, 0xcb, 0x80, 0x5d, 0xc1, 0x40,
    0x45, 0xa2, 0x59, 0xc6, 0x35, 0xdc, 0x80, 0x17, 0xa7, 0x81, 0x06, 0x87, 0x1a, 0x63, 0x11, 0xd3, 0x0d, 0x01, 0x59,
    0x08, 0x73, 0x0c, 0x7e, 0x11, 0xa8, 0xc6, 0x70, 0x43, 0x59, 0xac, 0x06, 0x1a, 0x1c, 0x6b, 0xc0, 0x44, 0x4c, 0x37,
    0x04, 0x31, 0x21, 0xcc, 0x31, 0x10, 0x81, 0x6a, 0x0c, 0x37, 0xc8, 0xc4, 0x6b, 0xa0, 0xc1, 0xc1, 0x46, 0x3f, 0xc4,
    0x74, 0x43, 0xe0, 0x0f, 0xc2, 0x1c, 0x83, 0x69, 0x04, 0xb2, 0x31, 0xdc, 0xf0, 0x0f, 0xb3, 0x81, 0x06, 0x47, 0x1b,
    0xea, 0x10, 0xd3, 0x0d, 0xc1, 0x3a, 0x08, 0x73, 0x0c, 0x44, 0x20, 0x1b, 0x83, 0x0c, 0x49, 0xa0, 0x1a, 0xc3, 0x0d,
    0xed, 0x80, 0x1b, 0x68, 0x70, 0xb9, 0x81, 0x0b, 0x31, 0xdd, 0x10, 0xe4, 0x82, 0x30, 0xc7, 0xf0, 0x1a, 0xc1, 0x6e,
    0x0c, 0x37, 0xe8, 0x02, 0x6f, 0xa0, 0xc1, 0xf5, 0x46, 0x29, 0xc4, 0x74, 0x43, 0x60, 0x0a, 0xc2, 0x1c, 0x03, 0x11,
    0xec, 0xc6, 0x70, 0xc3, 0x29, 0x80, 0x07, 0x1a, 0x5c, 0x78, 0xc8, 0x41, 0x4c, 0x37, 0x04, 0x73, 0x20, 0xcc, 0x31,
    0xdc, 0x46, 0x30, 0x1e, 0x47, 0x1e, 0x5e, 0x0c, 0x37, 0xd4, 0x41, 0x79, 0xa0, 0xc1, 0x74, 0x83, 0x00, 0x06, 0xc1,
    0x1c, 0x03, 0x11, 0x8c, 0xc7, 0x20, 0x43, 0x12, 0xec, 0xc6, 0x20, 0x83, 0x14, 0xec, 0xc6, 0x06, 0xe1, 0x40, 0x00,
    0xb7, 0x02, 0x00, 0x00, 0x87, 0xa1, 0xfd, 0xff, 0x13, 0x11, 0x82, 0xc3, 0x3c, 0xc8, 0x42, 0x0c, 0xbf, 0xc4, 0x38,
    0x03, 0xee, 0x13, 0x17, 0x32, 0xf5, 0xbc, 0xb5, 0x07, 0x4c, 0x12, 0x15, 0xd4, 0xba, 0x8f, 0xf8, 0x88, 0x6d, 0xfb,
    0x08, 0x6e, 0xfb, 0x08, 0x6f, 0x5f, 0x42, 0xf7, 0xff, 0x4f, 0x44, 0x08, 0x0e, 0xf3, 0x20, 0x0b, 0x31, 0xfc, 0x12,
    0xe3, 0x0c, 0x3e, 0x71, 0x21, 0x93, 0x8f, 0xd8, 0xba, 0x8f, 0x98, 0x7a, 0xc0, 0x25, 0x30, 0x4f, 0x4d, 0xfb, 0x8d,
    0x33, 0xf9, 0x88, 0x8f, 0xd4, 0xbd, 0x8f, 0xdc, 0xbd, 0x8f, 0xec, 0xbd, 0x91, 0x07, 0x4c, 0xab, 0x4f, 0xe3, 0xb4,
    0x8f, 0xf8, 0x48, 0x7d, 0xfb, 0xc8, 0x7d, 0xfb, 0xc8, 0x7e, 0x9b, 0x72, 0x80, 0x13, 0x11, 0x8c, 0x8f, 0xf8, 0x88,
    0x8f, 0xf4, 0x3e, 0x82, 0xf7, 0xe6, 0x28, 0x70, 0x4d, 0x4e, 0xe0, 0x38, 0x8b, 0xdf, 0x38, 0x93, 0xee, 0x23, 0xf6,
    0xee, 0x23, 0x39, 0xed, 0x23, 0xbd, 0x6e, 0xe8, 0x01, 0x12, 0xd0, 0x0c, 0xbd, 0x8f, 0xf8, 0x48, 0xbd, 0xfb, 0xc8,
    0xbd, 0xfb, 0xc8, 0xbe, 0x9b, 0x7b, 0x80, 0x25, 0x30, 0xcf, 0xee, 0x37, 0xce, 0xe4, 0x23, 0x3e, 0x62, 0xdf, 0x3e,
    0x82, 0xdf, 0x3e, 0xc2, 0xdf, 0xa6, 0x1f, 0xc0, 0x08, 0x4e, 0x33, 0xf8, 0x88, 0x8f, 0xe0, 0xbc, 0x8f, 0x58, 0x6f,
    0xc0, 0x23, 0x51, 0x81, 0x8f, 0xf8, 0x88, 0x4d, 0xfb, 0x88, 0x8f, 0xe0, 0xb4, 0x25, 0x0a, 0x54, 0x93, 0x13, 0x38,
    0xce, 0xe2, 0x37, 0xce, 0xa4, 0xfb, 0x88, 0x8f, 0xe0, 0xba, 0x8f, 0xf4, 0xb6, 0xd9, 0x07, 0x30, 0x82, 0xd3, 0x0c,
    0x3e, 0x62, 0xf3, 0x3e, 0xe2, 0x23, 0xd6, 0x28, 0xf0, 0x48, 0x54, 0xe0, 0x23, 0xb6, 0xee, 0x23, 0x78, 0xef, 0x23,
    0x7d, 0x6e, 0x90, 0x01, 0xcf, 0xea, 0xd7, 0x3e, 0xe2, 0x23, 0x76, 0xed, 0x23, 0x78, 0xed, 0x23, 0x57, 0x40, 0x59,
    0x07, 0xb2, 0x10, 0x7e, 0xe0, 0x0c, 0x98, 0x8f, 0xf8, 0x88, 0x8d, 0xfb, 0x88, 0x8f, 0xd8, 0x6f, 0x40, 0x24, 0x51,
    0x41, 0xad, 0xfb, 0x88, 0x8f, 0xd8, 0xb6, 0x8f, 0xf8, 0x08, 0x6e, 0x9b, 0x75, 0x40, 0x24, 0x51, 0x41, 0xad, 0xfb,
    0x88, 0x8f, 0xf8, 0x88, 0x6d, 0xfb, 0x88, 0x6e, 0x5b, 0x7e, 0xc0, 0x22, 0x51, 0x81, 0x8f, 0xf8, 0x08, 0xbe, 0xfb,
    0x88, 0x59, 0x39, 0x82, 0xd3, 0x54, 0xb6, 0x8f, 0xf8, 0x08, 0xef, 0x23, 0x3e, 0x62, 0x92, 0x01, 0x94, 0xc0, 0x3c,
    0xbb, 0xdf, 0x38, 0x93, 0x8f, 0xf8, 0x88, 0x7d, 0xfb, 0x08, 0x7e, 0xfb, 0x88, 0x01, 0x07, 0x50, 0x02, 0xf3, 0xec,
    0x7e, 0xe3, 0x4c, 0x3e, 0xe2, 0x23, 0xf6, 0xed, 0x23, 0x3e, 0x82, 0xdf, 0x27, 0xc1, 0xfd, 0xff, 0x13, 0x11, 0x82,
    0xc3, 0x3c, 0xc8, 0x42, 0x0c, 0xbf, 0xc4, 0x38, 0x83, 0xed, 0x13, 0x17, 0x32, 0xf9, 0x08, 0xae, 0x5b, 0x70, 0xc0,
    0xb3, 0xfa, 0xb6, 0x8f, 0xf8, 0x88, 0x9d, 0xfb, 0x88, 0x8f, 0xe0, 0xb9, 0xfd, 0x34, 0x82, 0xd3, 0x54, 0xb6, 0x8f,
    0xf8, 0x88, 0x8f, 0xf8, 0x88, 0x15, 0x06, 0x38, 0x11, 0xc1, 0xf8, 0x88, 0x8f, 0xf4, 0x3e, 0x62, 0xf7, 0x3e, 0x62,
    0xa5, 0x01, 0x93, 0xc0, 0x3c, 0x35, 0xed, 0x37, 0xce, 0xe4, 0x23, 0x3e, 0xe2, 0x23, 0x3e, 0x52, 0xf7, 0x36, 0x1b,
    0xe0, 0x44, 0x04, 0xe3, 0x23, 0x3e, 0xd2, 0xfb, 0x88, 0x8f, 0xd8, 0xbd, 0x05, 0x35, 0x82, 0xd3, 0x54, 0xba, 0x8f,
    0xf8, 0x88, 0x8f, 0xf8, 0xc8, 0x05, 0x3c, 0x48, 0xe1, 0x4f, 0x07, 0xd1, 0xf8, 0x88, 0x8f, 0xf8, 0x88, 0x8f, 0x1c,
    0x41, 0x84, 0x14, 0xfe, 0x74, 0x10, 0x8d, 0x8f, 0xf8, 0x48, 0x5d, 0xfb, 0x88, 0x8f, 0x98, 0x50, 0x23, 0xfa, 0x34,
    0x5e, 0xfb, 0x88, 0x8f, 0xf8, 0x88, 0x8f, 0x18, 0x97, 0x24, 0x1d, 0x91, 0xcf, 0x00, 0x92, 0xe2, 0x23, 0x3e, 0x52,
    0xe7, 0x3e, 0xe2, 0x23, 0xb6, 0xd5, 0x48, 0xc7, 0xe2, 0x23, 0x3e, 0x52, 0xe3, 0x3e, 0xe2, 0x23, 0xf6, 0xf6, 0x08,
    0x4e, 0x53, 0xe9, 0x3e, 0xe2, 0x23, 0x3e, 0x52, 0xd3, 0x3e, 0x62, 0xa3, 0x01, 0x0e, 0xd0, 0x0c, 0xbd, 0x8f, 0xf8,
    0x88, 0x8f, 0xf8, 0x48, 0xbd, 0x5b, 0x6d, 0x40, 0x24, 0xfa, 0x34, 0x5e, 0xfb, 0x88, 0x8f, 0xd4, 0xb6, 0x8f, 0xf8,
    0xc8, 0x6d, 0x1f, 0x40, 0x41, 0x34, 0x53, 0x84, 0x99, 0x0f, 0x23, 0x38, 0x4d, 0xe5, 0x23, 0x3e, 0xe2, 0x23, 0x3e,
    0x62, 0x9f, 0x01, 0xcf, 0xea, 0xd3, 0x38, 0xed, 0x23, 0x3e, 0xe2, 0x23, 0x3e, 0x52, 0xdf, 0xe6, 0x18, 0x50, 0x09,
    0xcc, 0x53, 0xd3, 0x7e, 0xe3, 0x4c, 0x3e, 0xe2, 0x23, 0x75, 0xef, 0x23, 0x77, 0xef, 0x23, 0x16, 0xd6, 0x48, 0x54,
    0xe0, 0x23, 0x3e, 0x62, 0xd3, 0x3e, 0xe2, 0x23, 0x76, 0xc5, 0x44, 0x04, 0xe3, 0x23, 0x3e, 0xd2, 0xfb, 0x88, 0x8f,
    0x18, 0x62, 0x40, 0xb4, 0xfa, 0x34, 0x4e, 0xfb, 0x88, 0x8f, 0xd4, 0xb7, 0x8f, 0xdc, 0xb7, 0x8f, 0x18, 0x63, 0x00,
    0x04, 0x34, 0x43, 0xef, 0x23, 0x3e, 0x52, 0xef, 0x3e, 0x72, 0xef, 0x3e, 0x62, 0x83, 0x02, 0x8c, 0xe0, 0x34, 0x83,
    0x8f, 0xf8, 0x88, 0x8f, 0xf0, 0xbc, 0x81, 0x06, 0x34, 0xd2, 0xb1, 0xf8, 0x88, 0x8f, 0xf8, 0x88, 0x8f, 0xd4, 0xb8,
    0x81, 0x07, 0x48, 0x82, 0xd3, 0x54, 0xb6, 0x8f, 0xf8, 0x08, 0xef, 0x23, 0x36, 0xef, 0x23, 0x3a, 0x6f, 0x40, 0x4b,
    0x44, 0x30, 0x3e, 0xe2, 0x23, 0x3e, 0xe2, 0x23, 0x47, 0x61, 0x59, 0x07, 0xb2, 0x10, 0x7e, 0xe0, 0x0c, 0x98, 0x8f,
    0xf8, 0x88, 0x8f, 0xd8, 0xb8, 0x8f, 0xe8, 0xb8, 0x29, 0x0a, 0x34, 0x12, 0x15, 0xf8, 0x88, 0x8f, 0xe0, 0xbb, 0x8f,
    0xf4, 0xb7, 0xa5, 0x07, 0x40, 0x4e, 0xe4, 0x23, 0x3e, 0x52, 0xf3, 0x3e, 0x72, 0xf3, 0x3e, 0xb2, 0xf3, 0x86, 0x12,
    0x74, 0x86, 0x1b, 0x40, 0x49, 0x47, 0xe4, 0x33, 0x80, 0xa4, 0xf8, 0x88, 0x8f, 0xd4, 0xb9, 0x8f, 0xf8, 0xc8, 0x9d,
    0xdf, 0x05, 0x66, 0x1d, 0xc8, 0x42, 0xf8, 0x81, 0x33, 0x60, 0x3e, 0xe2, 0x23, 0x36, 0xee, 0x23, 0x38, 0xee, 0x23,
    0x3c, 0x6e, 0x8f, 0x02, 0x90, 0xe0, 0x34, 0x83, 0x8f, 0xd8, 0xbc, 0x8f, 0xe4, 0xb5, 0x8f, 0xf4, 0xbb, 0x3d, 0x06,
    0x3c, 0x12, 0x15, 0xf8, 0x88, 0x8f, 0xd8, 0xb4, 0x8f, 0xe0, 0xb4, 0x8f, 0xd8, 0x49, 0x70, 0x5a, 0x13, 0x24, 0x30,
    0xcf, 0xee, 0x37, 0xce, 0xe4, 0x23, 0x3e, 0xe2, 0x23, 0x3e, 0x62, 0xb1, 0x01, 0x8f, 0xe0, 0x34, 0x95, 0x8f, 0xf8,
    0xc8, 0xee, 0x23, 0x3e, 0x62, 0xef, 0x16, 0x1e, 0x00, 0x45, 0x04, 0xe3, 0x23, 0x3e, 0xd2, 0xfb, 0x88, 0xdd, 0xfb,
    0x88, 0xde, 0x1f, 0x02, 0x65, 0x1d, 0xc8, 0x42, 0xf8, 0x81, 0x33, 0x60, 0x3e, 0xe2, 0x23, 0x3e, 0x62, 0xe3, 0x3e,
    0x62, 0xf5, 0x01, 0x8b, 0x44, 0x05, 0x3e, 0x62, 0xeb, 0x3e, 0xe2, 0x23, 0x76, 0x28, 0xe0, 0x08, 0x4e, 0x33, 0xf8,
    0x88, 0xcd, 0xfb, 0x88, 0x8f, 0xf4, 0xf5, 0x31, 0x60, 0xff, 0xff, 0x44, 0x84, 0xe0, 0x30, 0x0f, 0xb2, 0x10, 0xc3,
    0x2f, 0x31, 0xce, 0x80, 0xfb, 0xc4, 0x85, 0x4c, 0x86, 0x1d, 0xf0, 0xac, 0xbe, 0xed, 0x23, 0x3e, 0xe2, 0x23, 0x76,
    0xee, 0x23, 0x7a, 0x6e, 0x45, 0x90, 0x74, 0x44, 0x3e, 0x03, 0x48, 0x8a, 0x8f, 0xf8, 0x88, 0x8f, 0xf8, 0x88, 0x91,
    0x06, 0x30, 0x4e, 0xe4, 0x23, 0x3e, 0xe2, 0x23, 0x3e, 0x52, 0xf3, 0xf6, 0xc5, 0x38, 0x91, 0x8f, 0xf8, 0x48, 0xcd,
    0xfb, 0x88, 0x8f, 0x18, 0x5e, 0x23, 0x51, 0x81, 0x8f, 0xf8, 0x88, 0x8f, 0xd8, 0xb4, 0x8f, 0x58, 0x55, 0x23, 0x38,
    0x4d, 0xe5, 0x23, 0x3e, 0xb2, 0xfb, 0x88, 0x8f, 0xdc, 0x41, 0x84, 0x14, 0xfe, 0x74, 0x10, 0x8d, 0x8f, 0xf8, 0x88,
    0x8f, 0xd4, 0xb5, 0x8f, 0xd8, 0x9c, 0x24, 0x1d, 0x91, 0xcf, 0x00, 0x92, 0xe2, 0x23, 0x3e, 0xe2, 0x23, 0x75, 0xee,
    0x23, 0x07, 0x31, 0x21, 0x85, 0x3f, 0x1d, 0x44, 0xe3, 0x23, 0x3e, 0x52, 0xd7, 0x3e, 0xe2, 0x23, 0x77, 0x6d, 0xcb,
    0x01, 0x91, 0xe0, 0x34, 0x95, 0xee, 0x23, 0x3e, 0xe2, 0x23, 0x35, 0xed, 0x23, 0x39, 0x6d, 0x75, 0x0e, 0xd0, 0x0c,
    0xbd, 0x8f, 0xf8, 0x88, 0x8f, 0xd4, 0xbb, 0x8f, 0x98, 0x62, 0x00, 0x25, 0x1d, 0x91, 0xcf, 0x00, 0x92, 0xe2, 0x23,
    0x3e, 0x52, 0xe7, 0x3e, 0x72, 0xe7, 0x3e, 0x62, 0xa8, 0x01, 0x8f, 0x44, 0x05, 0xb5, 0xee, 0x23, 0x3e, 0xe2, 0x23,
    0x3e, 0x62, 0xdb, 0xc6, 0x1c, 0x10, 0x89, 0x3e, 0x8d, 0xd7, 0x3e, 0xe2, 0x23, 0x3e, 0x52, 0xdb, 0x3e, 0x92, 0xdb,
    0x16, 0xf7, 0xac, 0x3e, 0x8d, 0xd3, 0x3e, 0xe2, 0x23, 0x3e, 0x52, 0xdf, 0x3e, 0x62, 0xd3, 0x01, 0x95, 0xc0, 0x3c,
    0x35, 0xed, 0x37, 0xce, 0xe4, 0x23, 0x3e, 0xe2, 0x23, 0x75, 0xef, 0x23, 0x79, 0x6f, 0xd2, 0x01, 0x8e, 0x13, 0xf9,
    0x88, 0x8f, 0xf8, 0x48, 0xcd, 0xfb, 0x48, 0xce, 0x1b, 0x99, 0x24, 0x30, 0xcf, 0xee, 0x37, 0xce, 0xe4, 0x23, 0x3e,
    0x62, 0xdf, 0x3e, 0xe2, 0x23, 0x96, 0x1a, 0x20, 0x09, 0xcc, 0xb3, 0xfb, 0x8d, 0x33, 0xf9, 0x88, 0x8f, 0xf8, 0x88,
    0x8f, 0xd8, 0xb7, 0x71, 0x06, 0x30, 0x11, 0xc1, 0xf8, 0x88, 0x8f, 0xf8, 0x88, 0x8f, 0xf4, 0x66, 0x1b, 0x10, 0xad,
    0x3e, 0x8d, 0xd3, 0x3e, 0xe2, 0x23, 0xf5, 0xed, 0x23, 0x3e, 0x72, 0xdf, 0xa6, 0x1b, 0x00, 0x01, 0xcd, 0xd0, 0xfb,
    0x88, 0x8f, 0xd4, 0xbb, 0x8f, 0xf8, 0xc8, 0xbd, 0x5b, 0x6e, 0xc0, 0x23, 0x1d, 0x91, 0x8f, 0xf8, 0x48, 0xad, 0xfb,
    0x88, 0x8f, 0xdc, 0xba, 0x35, 0x07, 0x44, 0xab, 0x4f, 0xe3, 0xb4, 0x8f, 0xf8, 0x88, 0x8f, 0xd4, 0xb7, 0x8f, 0xe4,
    0xb7, 0xc5, 0x07, 0x24, 0x12, 0x15, 0xf8, 0x88, 0x8f, 0xf8, 0x88, 0x45, 0x07, 0x40, 0x40, 0x33, 0xf4, 0x3e, 0xe2,
    0x23, 0x3e, 0x52, 0xef, 0x3e, 0x92, 0xef, 0xf6, 0x1d, 0x10, 0x09, 0x4e, 0x53, 0xf9, 0x88, 0x8f, 0xec, 0x3e, 0x62,
    0xef, 0x3e, 0xa2, 0xef, 0x16, 0x28, 0x30, 0x4d, 0x4e, 0xe0, 0x38, 0x8b, 0xdf, 0x38, 0x93, 0xee, 0x23, 0x3e, 0xe2,
    0x23, 0xbc, 0x6e, 0xfe, 0x01, 0x8e, 0xe0, 0x34, 0x83, 0x8f, 0xd8, 0xbc, 0x8f, 0xe4, 0xb5, 0x8f, 0x58, 0x7f, 0x40,
    0x23, 0x51, 0x81, 0x8f, 0xd8, 0xba, 0x8f, 0xe0, 0xbd, 0x8f, 0x9c, 0x45, 0x85, 0x14, 0xfe, 0x74, 0x10, 0x8d, 0x8f,
    0xf8, 0x48, 0x5d, 0xfb, 0xc8, 0x5d, 0xfb, 0xc8, 0x5e, 0x9b, 0xd2, 0x22, 0x51, 0x81, 0x8f, 0xf8, 0x88, 0x8f, 0xf8,
    0x88, 0x11, 0x06, 0x40, 0x82, 0xd3, 0x54, 0xb6, 0x8f, 0xf8, 0x08, 0xef, 0x23, 0x36, 0xef, 0x23, 0xc6, 0xd6, 0x08,
    0x4e, 0x53, 0xf9, 0x88, 0x8f, 0xf8, 0xc8, 0xee, 0x23, 0x26, 0x1f, 0xa0, 0x08, 0x4e, 0x33, 0xf8, 0x88, 0x8f, 0xf8,
    0x88, 0xbd, 0x07, 0x44, 0xab, 0x6f, 0xfb, 0x88, 0x8f, 0xd8, 0xb9, 0x8f, 0xe0, 0xb9, 0x8f, 0xf0, 0xb9, 0x9d, 0x07,
    0x44, 0xd2, 0x11, 0xf9, 0x88, 0x8f, 0xd4, 0xba, 0x8f, 0xdc, 0xba, 0x8f, 0xec, 0xba, 0x31, 0x35, 0x12, 0x15, 0xd4,
    0xba, 0x8f, 0xf8, 0x88, 0x8f, 0xf8, 0x88, 0x51, 0x07, 0x3c, 0x12, 0x15, 0xf8, 0x88, 0x8f, 0xf8, 0x88, 0x4d, 0xfb,
    0x88, 0x4e, 0x9b, 0x6f, 0xc0, 0xb3, 0xfa, 0xb5, 0x8f, 0xf8, 0x88, 0x5d, 0xfb, 0x88, 0x8f, 0xe0, 0xf5, 0x39, 0x50,
    0xd6, 0x81, 0x2c, 0x84, 0x1f, 0x38, 0x03, 0xe6, 0x23, 0x3e, 0xe2, 0x23, 0x3e, 0x62, 0xe3, 0x37, 0xb0, 0xfd, 0xff,
    0x13, 0x11, 0x82, 0xc3, 0x3c, 0xc8, 0x42, 0x0c, 0xbf, 0xc4, 0x38, 0x83, 0x4f, 0x5c, 0xc8, 0xe4, 0x23, 0x3e, 0x62,
    0x49, 0x91, 0xc0, 0x3c, 0x35, 0xed, 0x37, 0xce, 0xe4, 0x23, 0x3e, 0xe2, 0x23, 0x3e, 0x62, 0x48, 0x8a, 0x13, 0xf9,
    0x88, 0x8f, 0xf8, 0x88, 0x8f, 0xd8, 0x64, 0xc0, 0xb3, 0xfa, 0xb6, 0x8f, 0xf8, 0x88, 0x9d, 0xfb, 0x08, 0x9e, 0xfb,
    0x88, 0x09, 0x0a, 0x2c, 0x12, 0x15, 0xf8, 0x88, 0x8f, 0xf8, 0x08, 0xbf, 0x9b, 0xa1, 0x40, 0x23, 0x51, 0x81, 0x8f,
    0xd8, 0xba, 0x8f, 0xf8, 0x48, 0x4f, 0x5b, 0xa1, 0x40, 0x35, 0x39, 0x81, 0xe3, 0x2c, 0x7e, 0xe3, 0x4c, 0xba, 0x8f,
    0xd8, 0xbb, 0x8f, 0xf8, 0x08, 0xdf, 0x1b, 0xd8, 0x24, 0x30, 0x4f, 0x4d, 0xfb, 0x8d, 0x33, 0xf9, 0x88, 0x8f, 0xd4,
    0xbd, 0x8f, 0xf8, 0x88, 0x1d, 0x31, 0x40, 0x33, 0xf4, 0x3e, 0xe2, 0x23, 0x3e, 0xe2, 0x23, 0x16, 0x1a, 0x20, 0x49,
    0x47, 0xe4, 0x33, 0x80, 0xa4, 0xf8, 0x88, 0x8f, 0xf8, 0x88, 0x8f, 0xd4, 0xb9, 0x61, 0x3d, 0x82, 0xd3, 0x54, 0xba,
    0x8f, 0xf8, 0x48, 0x4d, 0xfb, 0x88, 0x8f, 0x18, 0xdc, 0x23, 0xfa, 0x34, 0x5e, 0xfb, 0x88, 0x8f, 0xf8, 0x48, 0x6d,
    0xfb, 0x88, 0x19, 0x06, 0x44, 0x82, 0xd3, 0x54, 0xba, 0x8f, 0xf8, 0x48, 0x4d, 0xfb, 0xc8, 0x4d, 0xfb, 0xc8, 0x35,
    0x44, 0x48, 0xe1, 0x4f, 0x07, 0xd1, 0xf8, 0x88, 0x8f, 0xf8, 0x88, 0x8f, 0xd4, 0xb5, 0x65, 0x3d, 0xa2, 0x4f, 0xe3,
    0xb5, 0x8f, 0xf8, 0x48, 0x6d, 0xfb, 0x88, 0x8f, 0x98, 0x66, 0x40, 0x23, 0x38, 0x4d, 0xe5, 0x23, 0x3e, 0xe2, 0x23,
    0x3e, 0xb2, 0xdb, 0x50, 0xb3, 0xfa, 0x34, 0x4e, 0xfb, 0x88, 0x8f, 0xf8, 0x88, 0x8f, 0x9c, 0x80, 0x64, 0x1d, 0xc8,
    0x42, 0xf8, 0x81, 0x33, 0x60, 0x3e, 0xe2, 0x23, 0x3e, 0xe2, 0x23, 0xa6, 0xf7, 0x48, 0x54, 0x50, 0xeb, 0x3e, 0xe2,
    0x23, 0x3e, 0x62, 0xdb, 0x3e, 0x62, 0x5d, 0x8d, 0x74, 0x44, 0x3e, 0xe2, 0x23, 0xb5, 0xee, 0x23, 0x3e, 0x62, 0x5a,
    0xcf, 0xea, 0xd3, 0x38, 0xed, 0x23, 0x3e, 0x52, 0xdf, 0x3e, 0xe2, 0x23, 0xe6, 0x19, 0xf0, 0x88, 0x3e, 0x8d, 0xd7,
    0x3e, 0xe2, 0x23, 0x3e, 0xe2, 0x23, 0xb5, 0x6d, 0x5e, 0x0e, 0xd0, 0x0c, 0xbd, 0x8f, 0xf8, 0x48, 0xbd, 0xfb, 0x88,
    0x8f, 0x58, 0x63, 0x80, 0xe3, 0x44, 0x3e, 0xe2, 0x23, 0x35, 0xef, 0x23, 0x37, 0xef, 0x23, 0xa7, 0x30, 0x21, 0x85,
    0x3f, 0x1d, 0x44, 0xe3, 0x23, 0x3e, 0x52, 0xd7, 0x3e, 0x72, 0xd7, 0x3e, 0x62, 0xcf, 0x01, 0x94, 0x74, 0x44, 0x3e,
    0x03, 0x48, 0x8a, 0x8f, 0xf8, 0x88, 0x8f, 0xd4, 0xb9, 0x8f, 0xe4, 0xb9, 0x89, 0x35, 0xab, 0x5f, 0xfb, 0x88, 0x8f,
    0xd8, 0xb5, 0x8f, 0xf8, 0x88, 0xd1, 0x06, 0x44, 0x82, 0xd3, 0x54, 0xba, 0x8f, 0xf8, 0x48, 0x4d, 0xfb, 0x88, 0x8f,
    0xdc, 0xb4, 0x41, 0x07, 0x3c, 0xd2, 0x11, 0xf9, 0x88, 0x8f, 0xf8, 0x48, 0xad, 0xfb, 0x48, 0xae, 0x9b, 0x5c, 0x23,
    0x1d, 0x8b, 0x8f, 0xf8, 0x88, 0x8f, 0xd4, 0xb8, 0x8f, 0x58, 0x67, 0xc0, 0x23, 0x38, 0x4d, 0xa5, 0xfb, 0x88, 0x8f,
    0xf8, 0x88, 0x8f, 0xd4, 0xb4, 0xd1, 0x35, 0xd2, 0x11, 0xf9, 0x88, 0x8f, 0xf8, 0x48, 0xad, 0xfb, 0x88, 0xed, 0x06,
    0x38, 0x4e, 0xe4, 0x23, 0x3e, 0x52, 0xf3, 0x3e, 0xe2, 0x23, 0x37, 0x6f, 0xec, 0x01, 0xd1, 0xea, 0xd7, 0x3e, 0xe2,
    0x23, 0x76, 0xed, 0x23, 0x78, 0xed, 0x23, 0x7c, 0x7d, 0x0f, 0xdd, 0xff, 0x3f, 0x11, 0x21, 0x38, 0xcc, 0x83, 0x2c,
    0xc4, 0xf0, 0x4b, 0x8c, 0x33, 0xf8, 0xc4, 0x85, 0x4c, 0x3e, 0xe2, 0x23, 0xb6, 0x6e, 0xc8, 0x01, 0x8f, 0xe0, 0x34,
    0x95, 0x8f, 0xf8, 0x88, 0x8f, 0xec, 0x3e, 0x82, 0xef, 0x66, 0x1a, 0xd0, 0x48, 0x54, 0xe0, 0x23, 0x3e, 0xe2, 0x23,
    0x3e, 0x62, 0xd3, 0x96, 0xd7, 0xac, 0x7e, 0xed, 0x23, 0x3e, 0xe2, 0x23, 0x76, 0xed, 0x23, 0x26, 0x1b, 0x00, 0x09,
    0x4e, 0x53, 0xd9, 0x3e, 0xe2, 0x23, 0xbc, 0x8f, 0xf8, 0x88, 0xcd, 0x1b, 0x7d, 0xc0, 0x34, 0x39, 0x81, 0xe3, 0x2c,
    0x7e, 0xe3, 0x4c, 0xba, 0x8f, 0xd8, 0xbb, 0x8f, 0xf8, 0x88, 0xe1, 0x07, 0x4c, 0x93, 0x13, 0x38, 0xce, 0xe2, 0x37,
    0xce, 0xa4, 0xfb, 0x88, 0x8f, 0xe0, 0xba, 0x8f, 0x5c, 0x84, 0x65, 0x1d, 0xc8, 0x42, 0xf8, 0x81, 0x33, 0x60, 0x3e,
    0xe2, 0x23, 0x36, 0xee, 0x23, 0x3e, 0x82, 0xe3, 0x57, 0xf1, 0xfd, 0xff, 0x13, 0x11, 0x82, 0xc3, 0x3c, 0xc8, 0x42,
    0x0c, 0xbf, 0xc4, 0x38, 0x83, 0x4f, 0x5c, 0xc8, 0xe4, 0x23, 0xb6, 0xee, 0x23, 0xba, 0x6e, 0x87, 0x01, 0x91, 0xe8,
    0xd3, 0x78, 0xed, 0x23, 0x3e, 0x52, 0xdb, 0x3e, 0x72, 0xdb, 0x3e, 0x62, 0x4b, 0xcb, 0xea, 0xd7, 0x3e, 0xe2, 0x23,
    0x3e, 0xe2, 0x23, 0xe6, 0xb4, 0xac, 0xbe, 0xed, 0x23, 0x3e, 0xe2, 0x23, 0x3e, 0x62, 0xf0, 0x01, 0xd1, 0xe4, 0x04,
    0x8e, 0xb3, 0xf8, 0x8d, 0x33, 0xe9, 0x3e, 0xe2, 0x23, 0x3e, 0x62, 0xeb, 0x01, 0x91, 0x44, 0x05, 0x3e, 0xe2, 0x23,
    0x36, 0xed, 0x23, 0x38, 0xed, 0x23, 0x3c, 0x6d, 0x8b, 0x02, 0x8e, 0xe0, 0x34, 0x83, 0x8f, 0xf8, 0x08, 0xce, 0xfb,
    0x48, 0x8f, 0xdb, 0x60, 0xc0, 0x23, 0x38, 0x4d, 0xe5, 0x23, 0x3e, 0xb2, 0xfb, 0x88, 0xbd, 0xfb, 0x88, 0xf1, 0x07,
    0x54, 0x93, 0x13, 0x38, 0xce, 0xe2, 0x37, 0xce, 0xa4, 0xfb, 0x88, 0xbd, 0xfb, 0x48, 0x4e, 0xfb, 0x88, 0x89, 0x06,
    0x34, 0xd2, 0x11, 0xf9, 0x88, 0x8f, 0xf8, 0x88, 0x8f, 0xd4, 0xba, 0x39, 0x07, 0x3c, 0xd2, 0xb1, 0xf8, 0x88, 0x8f,
    0xf8, 0x48, 0x8d, 0xfb, 0x48, 0x8e, 0x5b, 0x64, 0x40, 0x24, 0x51, 0x41, 0xad, 0xfb, 0x88, 0x8f, 0xd8, 0xb6, 0x8f,
    0xe0, 0xb6, 0x8f, 0x58, 0x75, 0xc0, 0xb3, 0xfa, 0xb5, 0x8f, 0xf8, 0x88, 0x8f, 0xd8, 0xb5, 0x8f, 0xe8, 0xb5, 0xb9,
    0x31, 0x11, 0xc1, 0xf8, 0x88, 0x8f, 0xf8, 0x48, 0xef, 0x23, 0xb6, 0x19, 0xe0, 0x08, 0x4e, 0x53, 0xd9, 0x3e, 0xe2,
    0x23, 0x3e, 0xe2, 0x23, 0xbc, 0x9d, 0x06, 0x34, 0xab, 0x5f, 0xfb, 0x88, 0x8f, 0xf8, 0x88, 0x8f, 0xd8, 0xb5, 0x5d,
    0x07, 0x50, 0x02, 0xf3, 0xec, 0x7e, 0xe3, 0x4c, 0x3e, 0xe2, 0x23, 0x3e, 0x62, 0xdf, 0x3e, 0xa2, 0xdf, 0x46, 0xb4,
    0x48, 0xc7, 0xe2, 0x23, 0x3e, 0xe2, 0x23, 0x3e, 0x62, 0x76, 0x8c, 0x13, 0xf9, 0x88, 0x8f, 0xf8, 0x48, 0xcd, 0xfb,
    0x88, 0xdd, 0x4d, 0x02, 0xf3, 0xd4, 0xb4, 0xdf, 0x38, 0x93, 0x8f, 0xf8, 0x88, 0x8f, 0xd4, 0xbd, 0x8f, 0x58, 0x72,
    0x00, 0x24, 0x38, 0x4d, 0x65, 0xfb, 0x88, 0x8f, 0xf8, 0x08, 0xef, 0x23, 0x38, 0x6f, 0x46, 0x8b, 0x74, 0x44, 0x3e,
    0xe2, 0x23, 0x3e, 0xe2, 0x23, 0x96, 0x18, 0xf0, 0x48, 0xc7, 0xe2, 0x23, 0x3e, 0x52, 0xe3, 0x3e, 0x72, 0xe3, 0x3e,
    0x62, 0xb7, 0x01, 0x8f, 0x74, 0x2c, 0x3e, 0xe2, 0x23, 0x35, 0xee, 0x23, 0x3e, 0x72, 0xe3, 0x36, 0xf6, 0x48, 0x54,
    0x50, 0xeb, 0x3e, 0xe2, 0x23, 0xb6, 0xed, 0x23, 0x3e, 0x62, 0xbc, 0x01, 0x95, 0xc0, 0x3c, 0x35, 0xed, 0x37, 0xce,
    0xe4, 0x23, 0x3e, 0x52, 0xf7, 0x3e, 0xe2, 0x23, 0x77, 0x7f, 0x13, 0x13, 0x52, 0xf8, 0xd3, 0x41, 0x34, 0x3e, 0xe2,
    0x23, 0x3e, 0x52, 0xd7, 0x3e, 0x92, 0xd7, 0x26, 0x1e, 0x30, 0x09, 0x4e, 0x53, 0xe9, 0x3e, 0xe2, 0x23, 0x35, 0xed,
    0x23, 0x37, 0xed, 0x23, 0x3b, 0x6d, 0x65, 0xcd, 0xea, 0xdb, 0x3e, 0xe2, 0x23, 0x76, 0xee, 0x23, 0x3e, 0x72, 0x06,
    0xda, 0xff, 0x3f, 0x11, 0x21, 0x38, 0xcc, 0x83, 0x2c, 0xc4, 0xf0, 0x4b, 0x8c, 0x33, 0xd8, 0x3e, 0x71, 0x21, 0x93,
    0x8f, 0xd8, 0x9e, 0x24, 0x30, 0xcf, 0xee, 0x37, 0xce, 0xe4, 0x23, 0x3e, 0xe2, 0x23, 0xf6, 0xed, 0x23, 0xc6, 0xd7,
    0xac, 0xbe, 0xed, 0x23, 0x3e, 0xe2, 0x23, 0x76, 0xee, 0x23, 0xb6, 0x18, 0xf0, 0x48, 0x47, 0xe4, 0x23, 0x3e, 0x52,
    0xeb, 0x3e, 0x72, 0xeb, 0x3e, 0x62, 0xe3, 0x01, 0x93, 0xe8, 0xd3, 0x78, 0xed, 0x23, 0x3e, 0x52, 0xdb, 0x3e, 0x72,
    0xdb, 0x3e, 0xb2, 0xdb, 0xa6, 0x1a, 0xd0, 0xac, 0xbe, 0xed, 0x23, 0x3e, 0xe2, 0x23, 0x3e, 0x62, 0xe7, 0xd6, 0xe6,
    0x08, 0x4e, 0x53, 0xd9, 0x3e, 0xe2, 0x23, 0x3e, 0xc2, 0xfb, 0x88, 0x95, 0x07, 0x44, 0xd2, 0xb1, 0xf8, 0x88, 0x8f,
    0xd4, 0xb8, 0x8f, 0xdc, 0xb8, 0x8f, 0xec, 0xb8, 0x99, 0x07, 0x58, 0xd2, 0x11, 0xf9, 0x0c, 0x20, 0x29, 0x3e, 0xe2,
    0x23, 0x75, 0xee, 0x23, 0x77, 0xee, 0x23, 0x7b, 0x7e, 0x0b, 0x96, 0x75, 0x20, 0x0b, 0xe1, 0x07, 0xce, 0x80, 0xf9,
    0x88, 0x8f, 0xd8, 0xb8, 0x8f, 0xe0, 0xb8, 0x8f, 0x00, 0x00, 0x01, 0x31, 0x00, 0x00, 0x0a, 0x00, 0x00, 0x00, 0x5b,
    0x06, 0x4c, 0x3a, 0xb6, 0x0c, 0x72, 0x20, 0x1d, 0x5b, 0x06, 0x56, 0x90, 0x8e, 0x2d, 0x83, 0x39, 0x48, 0xc7, 0x96,
    0x01, 0x24, 0xa4, 0x63, 0xcb, 0xa0, 0x13, 0xd2, 0xb1, 0x65, 0xa0, 0x0b, 0xe9, 0xd8, 0x32, 0xb8, 0x86, 0x74, 0x00,
    0x00, 0x00, 0x00, 0x00, 0x00, 0x61, 0x20, 0x00, 0x00, 0xc2, 0x08, 0x00, 0x00, 0x13, 0x04, 0x71, 0x10, 0x0b, 0x04,
    0x00, 0x00, 0x14, 0x00, 0x00, 0x00, 0x94, 0x8c, 0x00, 0x10, 0x33, 0x02, 0x40, 0x49, 0x01, 0x02, 0x02, 0x02, 0x82,
    0x90, 0x50, 0x7e, 0x94, 0x94, 0x00, 0x09, 0x35, 0x40, 0x49, 0x11, 0x94, 0x41, 0x21, 0x94, 0x42, 0x31, 0x94, 0x43,
    0x41, 0x94, 0x44, 0x51, 0x94, 0x45, 0x61, 0x94, 0x46, 0x71, 0x94, 0x07, 0x45, 0x33, 0x00, 0x44, 0x8e, 0x45, 0x00,
    0x81, 0x30, 0x50, 0x39, 0x16, 0x02, 0x04, 0xc2, 0x40, 0x14, 0xc6, 0x41, 0xe6, 0x58, 0x10, 0x10, 0x08, 0x03, 0x51,
    0x18, 0x07, 0x92, 0x28, 0x0b, 0xd3, 0x38, 0x0f, 0x00, 0x00, 0x63, 0x08, 0x1a, 0x36, 0x86, 0xa0, 0x65, 0x23, 0x06,
    0x46, 0x03, 0x82, 0x60, 0xd0, 0xe4, 0x81, 0x90, 0x8d, 0x18, 0x18, 0x0d, 0x08, 0x82, 0x41, 0xa3, 0x07, 0x82, 0x76,
    0x81, 0xb0, 0xc3, 0x0d, 0xc1, 0x46, 0x06, 0xb3, 0x0c, 0x81, 0x10, 0x24, 0x21, 0x40, 0x12, 0x02, 0x9c, 0x10, 0x54,
    0x06, 0x49, 0xcc, 0x12, 0x0c, 0x03, 0x15, 0x42, 0x25, 0xf8, 0x01, 0x30, 0x50, 0x91, 0x44, 0x82, 0x29, 0x00, 0x17,
    0x80, 0xc1, 0xe5, 0x90, 0xc4, 0x31, 0x01, 0x5e, 0x30, 0x06, 0x7a, 0x01, 0xb1, 0xc3, 0x0d, 0x81, 0x43, 0x06, 0xd3,
    0x0d, 0x6a, 0xf0, 0x04, 0x37, 0x04, 0x81, 0xca, 0x19, 0x80, 0xc0, 0x70, 0xc3, 0x22, 0x07, 0x60, 0x30, 0xcb, 0x30,
    0x08, 0xc1, 0x40, 0x45, 0xa2, 0x05, 0x86, 0x30, 0x86, 0x10, 0x07, 0x6b, 0x30, 0x86, 0x10, 0x07, 0x6c, 0x30, 0x62,
    0x60, 0x34, 0x20, 0x08, 0x06, 0x0d, 0x2c, 0x08, 0x70, 0x30, 0x62, 0x60, 0x34, 0x20, 0x08, 0x06, 0x4d, 0x2c, 0x08,
    0x71, 0x70, 0x81, 0xb0, 0xc3, 0x0d, 0x81, 0x1c, 0x90, 0xc1, 0x2c, 0x03, 0x51, 0x04, 0x49, 0x08, 0x90, 0x84, 0x00,
    0x27, 0x04, 0x95, 0x41, 0x12, 0xb3, 0x04, 0xc6, 0x40, 0x85, 0x50, 0x15, 0xec, 0x30, 0x0c, 0x54, 0x24, 0x51, 0x41,
    0x0f, 0xc3, 0x05, 0x77, 0x70, 0x39, 0x24, 0x71, 0x4c, 0x80, 0x17, 0xe8, 0x81, 0x5e, 0x40, 0xec, 0x70, 0x43, 0xe0,
    0x90, 0xc1, 0x74, 0x43, 0x28, 0x3c, 0xc1, 0x0d, 0x41, 0xa0, 0xe2, 0x07, 0x20, 0x30, 0xdc, 0xb0, 0xa4, 0x02, 0x18,
    0xcc, 0x32, 0x18, 0x45, 0x30, 0x50, 0x91, 0x68, 0x84, 0x51, 0x8c, 0x21, 0xa0, 0x02, 0x28, 0x8c, 0x21, 0xa0, 0x42,
    0x28, 0x8c, 0x18, 0x18, 0x0d, 0x08, 0x82, 0x41, 0x73, 0x0e, 0xc2, 0x29, 0x8c, 0x18, 0x18, 0x0d, 0x08, 0x82, 0x41,
    0x83, 0x0e, 0x02, 0x2a, 0x5c, 0x20, 0xec, 0x70, 0x43, 0x90, 0x0a, 0x64, 0x30, 0xcb, 0x70, 0x20, 0x41, 0x12, 0x02,
    0x24, 0x21, 0xc0, 0x09, 0x41, 0x65, 0x90, 0xc4, 0x2c, 0x41, 0x32, 0x50, 0x21, 0x54, 0x88, 0x4e, 0x18, 0x03, 0x15,
    0x49, 0x84, 0x88, 0x85, 0x71, 0x81, 0x2b, 0x5c, 0x0e, 0x49, 0x1c, 0x13, 0xe0, 0x05, 0xb1, 0xa0, 0x17, 0x10, 0x3b,
    0xdc, 0x10, 0x38, 0x64, 0x30, 0xdd, 0x80, 0x0b, 0x4f, 0x70, 0x43, 0x10, 0xa8, 0xd4, 0x02, 0x08, 0x0c, 0x37, 0x2c,
    0xe0, 0x00, 0x06, 0xb3, 0x0c, 0x09, 0x12, 0x0c, 0x54, 0x24, 0xda, 0x61, 0x20, 0x63, 0x08, 0xbf, 0x60, 0x0b, 0x63,
    0x08, 0xbf, 0x70, 0x0b, 0x23, 0x06, 0x46, 0x03, 0x82, 0x60, 0xd0, 0xf8, 0x83, 0xe0, 0x0b, 0x23, 0x06, 0x46, 0x03,
    0x82, 0x60, 0xd0, 0xfc, 0x83, 0xf0, 0x0b, 0x17, 0x08, 0x3b, 0xdc, 0x10, 0x80, 0x03, 0x19, 0xcc, 0x32, 0x28, 0x4b,
    0x90, 0x84, 0x00, 0x49, 0x08, 0x70, 0x42, 0x50, 0x19, 0x24, 0x31, 0x4b, 0xc0, 0x0c, 0x54, 0x08, 0xd5, 0x82, 0x1a,
    0xc9, 0x40, 0x45, 0x12, 0x2d, 0xb0, 0x91, 0x5c, 0x50, 0x0e, 0x97, 0x43, 0x12, 0xc7, 0x04, 0x78, 0x01, 0x3a, 0xe8,
    0x05, 0xc4, 0x0e, 0x37, 0x04, 0x0e, 0x19, 0x4c, 0x37, 0xbc, 0xc3, 0x13, 0xdc, 0x10, 0x04, 0x2a, 0xec, 0x00, 0x02,
    0xc3, 0x0d, 0xcb, 0x3d, 0x80, 0xc1, 0x2c, 0x03, 0xb3, 0x04, 0x03, 0x15, 0x89, 0xa6, 0x18, 0xcb, 0x18, 0x82, 0x3d,
    0xb0, 0xc3, 0x18, 0x82, 0x3d, 0xb4, 0xc3, 0x88, 0x81, 0xd1, 0x80, 0x20, 0x18, 0x34, 0x35, 0x21, 0xd4, 0xc3, 0x88,
    0x81, 0xd1, 0x80, 0x20, 0x18, 0x34, 0x36, 0x21, 0xd8, 0xc3, 0x05, 0xc2, 0x0e, 0x37, 0x04, 0xf7, 0x40, 0x06, 0xb3,
    0x0c, 0x8d, 0x13, 0x24, 0x21, 0x40, 0x12, 0x02, 0x9c, 0x10, 0x54, 0x06, 0x49, 0xcc, 0x12, 0x3c, 0x03, 0x15, 0x42,
    0xe5, 0xd8, 0x07, 0x33, 0x50, 0x91, 0x44, 0x8e, 0x7f, 0x30, 0x17, 0xf0, 0xc3, 0xe5, 0x90, 0xc4, 0x31, 0x01, 0x5e,
    0xf0, 0x0f, 0x7a, 0x01, 0xb1, 0xc3, 0x0d, 0x81, 0x43, 0x06, 0xd3, 0x0d, 0x26, 0xf1, 0x04, 0x37, 0x04, 0x81, 0xca,
    0x48, 0x80, 0xc0, 0x70, 0xc3, 0xe2, 0x12, 0x60, 0x30, 0xcb, 0xf0, 0x38, 0xc1, 0x40, 0x45, 0xa2, 0x35, 0x86, 0x33,
    0x86, 0xd0, 0x12, 0x22, 0x31, 0x86, 0xd0, 0x12, 0x23, 0x31, 0x62, 0x60, 0x34, 0x20, 0x08, 0x06, 0x0d, 0x5b, 0x08,
    0x2c, 0x31, 0x62, 0x60, 0x34, 0x20, 0x08, 0x06, 0x4d, 0x5b, 0x08, 0x2d, 0x71, 0x81, 0xb0, 0xc3, 0x0d, 0x81, 0x4b,
    0x90, 0xc1, 0x2c, 0x03, 0x14, 0x05, 0x49, 0x08, 0x90, 0x84, 0x00, 0x27, 0x04, 0x95, 0x41, 0x12, 0xb3, 0x04, 0xd2,
    0x40, 0x85, 0x50, 0x45, 0x64, 0xf2, 0x0c, 0x54, 0x24, 0x51, 0xc4, 0x26, 0xcf, 0x05, 0x33, 0x71, 0x39, 0x24, 0x71,
    0x4c, 0x80, 0x17, 0xd8, 0x84, 0x5e, 0x40, 0xec, 0x70, 0x43, 0xe0, 0x90, 0xc1, 0x74, 0x43, 0x4f, 0x3c, 0xc1, 0x0d,
    0x41, 0xa0, 0xa2, 0x13, 0x20, 0x30, 0xdc, 0xb0, 0x94, 0x05, 0x18, 0xcc, 0x32, 0x48, 0x51, 0x30, 0x50, 0x91, 0x68,
    0x90, 0x11, 0x8d, 0x21, 0x90, 0x05, 0x4e, 0x8c, 0x21, 0x90, 0x45, 0x4e, 0x8c, 0x18, 0x18, 0x0d, 0x08, 0x82, 0x41,
    0x33, 0x1a, 0xc2, 0x58, 0x8c, 0x18, 0x18, 0x0d, 0x08, 0x82, 0x41, 0x43, 0x1a, 0x02, 0x59, 0x5c, 0x20, 0xec, 0x70,
    0x43, 0x50, 0x16, 0x64, 0x30, 0xcb, 0x30, 0x51, 0x41, 0x12, 0x02, 0x24, 0x21, 0xc0, 0x09, 0x41, 0x65, 0x90, 0xc4,
    0x2c, 0x41, 0x35, 0x50, 0x21, 0x54, 0x94, 0xac, 0x48, 0x03, 0x15, 0x49, 0x44, 0xe9, 0x8a, 0x74, 0x81, 0x5a, 0x5c,
    0x0e, 0x49, 0x1c, 0x13, 0xe0, 0x05, 0x6d, 0xa1, 0x17, 0x10, 0x3b, 0xdc, 0x10, 0x38, 0x64, 0x30, 0xdd, 0x40, 0x17,
    0x4f, 0x70, 0x43, 0x10, 0xa8, 0xc4, 0x05, 0x08, 0x0c, 0x37, 0x2c, 0x7c, 0x01, 0x06, 0xb3, 0x0c, 0x15, 0x15, 0x0c,
    0x54, 0x24, 0xda, 0x64, 0x50, 0x63, 0x08, 0x7b, 0xe1, 0x16, 0x63, 0x08, 0x7b, 0xf1, 0x16, 0x23, 0x06, 0x46, 0x03,
    0x82, 0x60, 0xd0, 0xe8, 0x86, 0xa0, 0x17, 0x23, 0x06, 0x46, 0x03, 0x82, 0x60, 0xd0, 0xec, 0x86, 0xb0, 0x17, 0x17,
    0x08, 0x3b, 0xdc, 0x10, 0xf0, 0x05, 0x19, 0xcc, 0x32, 0x58, 0x57, 0x90, 0x84, 0x00, 0x49, 0x08, 0x70, 0x42, 0x50,
    0x19, 0x24, 0x31, 0x4b, 0x80, 0x0d, 0x54, 0x08, 0xd5, 0x05, 0x32, 0xd5, 0x40, 0x45, 0x12, 0x5d, 0x28, 0x53, 0x5d,
    0x10, 0x1a, 0x97, 0x43, 0x12, 0xc7, 0x04, 0x78, 0x01, 0x69, 0xe8, 0x05, 0xc4, 0x0e, 0x37, 0x04, 0x0e, 0x19, 0x4c,
    0x37, 0xac, 0xc6, 0x13, 0xdc, 0x10, 0x04, 0x2a, 0xa8, 0x01, 0x02, 0xc3, 0x0d, 0xcb, 0x6c, 0x80, 0xc1, 0x2c, 0x03,
    0x76, 0x05, 0x03, 0x15, 0x89, 0x66, 0x19, 0xd7, 0x18, 0x82, 0x6c, 0x90, 0xc6, 0x18, 0x82, 0x6c, 0x94, 0xc6, 0x88,
    0x81, 0xd1, 0x80, 0x20, 0x18, 0x34, 0xf1, 0x21, 0xc4, 0xc6, 0x88, 0x81, 0xd1, 0x80, 0x20, 0x18, 0x34, 0xf2, 0x21,
    0xc8, 0xc6, 0x05, 0xc2, 0x0e, 0x37, 0x04, 0xb3, 0x41, 0x06, 0xb3, 0x0c, 0x99, 0x16, 0x24, 0x21, 0x40, 0x12, 0x02,
    0x9c, 0x10, 0x54, 0x06, 0x49, 0xcc, 0x12, 0x6c, 0x03, 0x15, 0x42, 0xa5, 0xb9, 0x0d, 0x36, 0x50, 0x91, 0x44, 0x9a,
    0xdd, 0x60, 0x17, 0xe0, 0xc6, 0xe5, 0x90, 0xc4, 0x31, 0x01, 0x5e, 0xb0, 0x1b, 0x7a, 0x01, 0xb1, 0xc3, 0x0d, 0x81,
    0x43, 0x06, 0xd3, 0x0d, 0xe2, 0xf1, 0x04, 0x37, 0x04, 0x81, 0xca, 0x6f, 0x80, 0xc0, 0x70, 0xc3, 0xa2, 0x1e, 0x60,
    0x30, 0xcb, 0xb0, 0x69, 0xc1, 0x40, 0x45, 0xa2, 0x65, 0x86, 0x36, 0x86, 0x90, 0x1e, 0xba, 0x31, 0x86, 0x90, 0x1e,
    0xbb, 0x31, 0x62, 0x60, 0x34, 0x20, 0x08, 0x06, 0x0d, 0x8a, 0x08, 0xe8, 0x31, 0x62, 0x60, 0x34, 0x20, 0x08, 0x06,
    0x4d, 0x8a, 0x08, 0xe9, 0x71, 0x81, 0xb0, 0xc3, 0x0d, 0x81, 0x7a, 0x90, 0xc1, 0x2c, 0x03, 0xd7, 0x05, 0x49, 0x08,
    0x90, 0x84, 0x00, 0x27, 0x04, 0x95, 0x41, 0x12, 0xb3, 0x04, 0xde, 0x40, 0x85, 0x50, 0x75, 0xbc, 0xb3, 0x0d, 0x54,
    0x24, 0x51, 0x47, 0x3e, 0xdb, 0x05, 0xef, 0x71, 0x39, 0x24, 0x71, 0x4c, 0x80, 0x17, 0xc8, 0x87, 0x5e, 0x40, 0xec,
    0x70, 0x43, 0xe0, 0x90, 0xc1, 0x74, 0x43, 0x7e, 0x3c, 0xc1, 0x0d, 0x41, 0xa0, 0x62, 0x1f, 0x20, 0x30, 0xdc, 0xb0,
    0x84, 0x08, 0x18, 0xcc, 0x32, 0x78, 0x5d, 0x30, 0x50, 0x91, 0x68, 0x9c, 0xd1, 0x8d, 0x21, 0x80, 0x08, 0x7c, 0x8c,
    0x21, 0x80, 0x48, 0x7c, 0x8c, 0x18, 0x18, 0x0d, 0x08, 0x82, 0x41, 0xf3, 0x23, 0xc2, 0x7f, 0x8c, 0x18, 0x18, 0x0d,
    0x08, 0x82, 0x41, 0x03, 0x26, 0x02, 0x88, 0x5c, 0x20, 0xec, 0x70, 0x43, 0x10, 0x22, 0x64, 0x30, 0xcb, 0xf0, 0x81,
    0x41, 0x90, 0x84, 0x00, 0x49, 0x08, 0x70, 0x42, 0x50, 0x19, 0x24, 0x31, 0x4b, 0x10, 0x06, 0x03, 0x15, 0x42, 0x05,
    0x06, 0x2a, 0xe4, 0x0d, 0x54, 0x24, 0x11, 0x18, 0xc8, 0x90, 0x77, 0x81, 0x89, 0x5c, 0x0e, 0x49, 0x1c, 0x13, 0xe0,
    0x05, 0x29, 0xa2, 0x17, 0x10, 0x3b, 0xdc, 0x10, 0x38, 0x64, 0x30, 0xdd, 0x00, 0x23, 0x4f, 0x70, 0x43, 0x10, 0xa8,
    0xb4, 0x08, 0x08, 0x0c, 0x37, 0x2c, 0x38, 0x02, 0x06, 0xb3, 0x0c, 0x61, 0x00, 0x06, 0xc1, 0x40, 0x45, 0xa2, 0x7d,
    0x06, 0x18, 0x8c, 0x21, 0xdc, 0x88, 0x89, 0x8c, 0x21, 0xdc, 0xc8, 0x89, 0x8c, 0x18, 0x18, 0x0d, 0x08, 0x82, 0x41,
    0x63, 0x27, 0x82, 0x8d, 0x8c, 0x18, 0x18, 0x0d, 0x08, 0x82, 0x41, 0x73, 0x27, 0xc2, 0x8d, 0x5c, 0x20, 0xec, 0x70,
    0x43, 0x80, 0x23, 0x64, 0x30, 0xcb, 0x20, 0x06, 0x63, 0x10, 0x24, 0x21, 0x40, 0x12, 0x02, 0x9c, 0x10, 0x54, 0x06,
    0x49, 0xcc, 0x12, 0x90, 0xc1, 0x40, 0x85, 0x50, 0x8d, 0x01, 0x1e, 0x85, 0xc1, 0x40, 0x45, 0x12, 0x8d, 0x01, 0x28,
    0x85, 0xc1, 0x05, 0x3d, 0x72, 0x39, 0x24, 0x71, 0x4c, 0x80, 0x17, 0x80, 0x89, 0x5e, 0x40, 0xec, 0x70, 0x43, 0xe0,
    0x90, 0xc1, 0x74, 0xc3, 0x99, 0x3c, 0xc1, 0x0d, 0x41, 0xa0, 0x42, 0x26, 0x20, 0x30, 0xdc, 0xb0, 0xbc, 0x09, 0x18,
    0xcc, 0x32, 0x90, 0xc1, 0x18, 0x04, 0x03, 0x15, 0x89, 0x26, 0x06, 0xc6, 0x18, 0x8c, 0x21, 0xb8, 0x09, 0x8f, 0x8c,
    0x21, 0xb8, 0x49, 0x8f, 0x8c, 0x18, 0x18, 0x0d, 0x08, 0x82, 0x41, 0xd3, 0x2a, 0x42, 0x9b, 0x8c, 0x18, 0x18, 0x0d,
    0x08, 0x82, 0x41, 0xe3, 0x2a, 0x82, 0x9b, 0x5c, 0x20, 0xec, 0x70, 0x43, 0xf0, 0x26, 0x64, 0x30, 0xcb, 0x50, 0x06,
    0x66, 0x10, 0x24, 0x21, 0x40, 0x12, 0x02, 0x9c, 0x10, 0x54, 0x06, 0x49, 0xcc, 0x12, 0x9c, 0xc1, 0x40, 0x85, 0x50,
    0x99, 0x81, 0x39, 0x91, 0xc1, 0x40, 0x45, 0x12, 0x99, 0x81, 0x3b, 0x91, 0xc1, 0x05, 0x74, 0x72, 0x39, 0x24, 0x71,
    0x4c, 0x80, 0x17, 0xdc, 0x89, 0x5e, 0x40, 0xec, 0x70, 0x43, 0xe0, 0x90, 0xc1, 0x74, 0x83, 0x9f, 0x3c, 0xc1, 0x0d,
    0x41, 0xa0, 0xb2, 0x27, 0x20, 0x30, 0xdc, 0xb0, 0x98, 0x0a, 0x18, 0xcc, 0x32, 0x9c, 0x81, 0x19, 0x04, 0x03, 0x15,
    0x89, 0x56, 0x06, 0x86, 0x19, 0x8c, 0x21, 0x94, 0x8a, 0x9c, 0x8c, 0x21, 0x94, 0xca, 0x9c, 0x8c, 0x18, 0x18, 0x0d,
    0x08, 0x82, 0x41, 0x43, 0x2e, 0x02, 0xa9, 0x8c, 0x18, 0x18, 0x0d, 0x08, 0x82, 0x41, 0x53, 0x2e, 0x42, 0xa9, 0x5c,
    0x20, 0xec, 0x70, 0x43, 0x60, 0x2a, 0x64, 0x30, 0xcb, 0x80, 0x06, 0x69, 0x10, 0x24, 0x21, 0x40, 0x12, 0x02, 0x9c,
    0x10, 0x54, 0x06, 0x49, 0xcc, 0x12, 0xa8, 0xc1, 0x40, 0x85, 0x50, 0xa5, 0x01, 0x4d, 0x9d, 0xc1, 0x40, 0x45, 0x12,
    0xa5, 0x01, 0x4f, 0x9d, 0xc1, 0x05, 0xab, 0x72, 0x39, 0x24, 0x71, 0x4c, 0x80, 0x17, 0xb8, 0x8a, 0x5e, 0x40, 0xec,
    0x70, 0x43, 0xe0, 0x90, 0xc1, 0x74, 0x43, 0xad, 0x3c, 0xc1, 0x0d, 0x41, 0xa0, 0x22, 0x2b, 0x20, 0x30, 0xdc, 0xb0,
    0xf4, 0x0a, 0x18, 0xcc, 0x32, 0xa8, 0x41, 0x1a, 0x04, 0x03, 0x15, 0x89, 0x86, 0x06, 0x46, 0x1a, 0x8c, 0x21, 0xf0,
    0x0a, 0xaa, 0x8c, 0x21, 0xf0, 0x4a, 0xaa, 0x8c, 0x18, 0x18, 0x0d, 0x08, 0x82, 0x41, 0xb3, 0x2f, 0xc2, 0xae, 0x8c,
    0x18, 0x18, 0x0d, 0x08, 0x82, 0x41, 0xc3, 0x2f, 0x02, 0xaf, 0x5c, 0x20, 0xec, 0x70, 0x43, 0xd0, 0x2b, 0x64, 0x30,
    0xcb, 0xb0, 0x06, 0x6c, 0x10, 0x24, 0x21, 0x40, 0x12, 0x02, 0x9c, 0x10, 0x54, 0x06, 0x49, 0xcc, 0x12, 0xb4, 0xc1,
    0x40, 0x85, 0x50, 0xb1, 0x81, 0x68, 0xa9, 0xc1, 0x40, 0x45, 0x12, 0xb1, 0x81, 0x6a, 0xa9, 0xc1, 0x05, 0xe2, 0x72,
    0x39, 0x24, 0x71, 0x4c, 0x80, 0x17, 0x94, 0x8b, 0x5e, 0x40, 0xec, 0x70, 0x43, 0xe0, 0x90, 0xc1, 0x74, 0x03, 0xbb,
    0x3c, 0xc1, 0x0d, 0x41, 0xa0, 0x92, 0x2e, 0x20, 0x30, 0xdc, 0xb0, 0xd0, 0x0b, 0x18, 0xcc, 0x32, 0xb4, 0x01, 0x1b,
    0x04, 0x03, 0x15, 0x89, 0xb6, 0x06, 0x06, 0x1b, 0x8c, 0x21, 0xcc, 0x8b, 0xaf, 0x8c, 0x21, 0xcc, 0xcb, 0xaf, 0x8c,
    0x18, 0x18, 0x0d, 0x08, 0x82, 0x41, 0x23, 0x33, 0x82, 0xbc, 0x8c, 0x18, 0x18, 0x0d, 0x08, 0x82, 0x41, 0x33, 0x33,
    0xc2, 0xbc, 0x5c, 0x20, 0xec, 0x70, 0x43, 0x40, 0x2f, 0x64, 0x30, 0xcb, 0xe0, 0x06, 0x6f, 0x10, 0x24, 0x21, 0x40,
    0x12, 0x02, 0x9c, 0x10, 0x54, 0x06, 0x49, 0xcc, 0x12, 0xc0, 0xc1, 0x40, 0x85, 0x50, 0xbd, 0x01, 0x7c, 0xb5, 0xc1,
    0x40, 0x45, 0x12, 0xbd, 0x01, 0x7e, 0xb5, 0xc1, 0x05, 0xf9, 0x72, 0x39, 0x24, 0x71, 0x4c, 0x80, 0x17, 0xf0, 0x8b,
    0x5e, 0x40, 0xec, 0x70, 0x43, 0xe0, 0x90, 0xc1, 0x74, 0xc3, 0xc8, 0x3c, 0xc1, 0x0d, 0x41, 0xa0, 0x02, 0x32, 0x20,
    0x30, 0xdc, 0xb0, 0xac, 0x0c, 0x18, 0xcc, 0x32, 0xc0, 0xc1, 0x1b, 0x04, 0x03, 0x15, 0x89, 0xe6, 0x06, 0xc6, 0x1b,
    0x0c, 0x37, 0xc0, 0x0b, 0xca, 0xa0, 0xc1, 0xa5, 0xcc, 0xae, 0xc4, 0x74, 0x43, 0xc0, 0x2b, 0xc2, 0x1c, 0xc3, 0xbd,
    0x04, 0x2b, 0x33, 0xdc, 0xd0, 0x2b, 0x2c, 0x83, 0x06, 0xd7, 0x32, 0xa8, 0x12, 0xd3, 0x0d, 0x41, 0xaa, 0x08, 0x73,
    0x0c, 0x44, 0xb0, 0x32, 0xc3, 0x0d, 0xaa, 0x02, 0x33, 0x68, 0x70, 0x31, 0x53, 0x27, 0x31, 0xdd, 0x10, 0xd8, 0x89,
    0x30, 0xc7, 0xf0, 0x2f, 0xc1, 0xcc, 0x0c, 0x37, 0xdc, 0x09, 0xcd, 0xa0, 0xc1, 0xd5, 0x8c, 0x98, 0xc4, 0x74, 0x43,
    0x30, 0x26, 0xc2, 0x1c, 0x03, 0x11, 0xcc, 0xcc, 0x20, 0x43, 0x12, 0x8c, 0xcc, 0x70, 0x43, 0x99, 0xe4, 0x0c, 0x1a,
    0x9c, 0xce, 0xc0, 0x48, 0x4c, 0x37, 0x04, 0x31, 0x22, 0xcc, 0x31, 0xa0, 0x4c, 0xc0, 0x33, 0xc3, 0x0d, 0x32, 0xd2,
    0x33, 0x68, 0x70, 0x3e, 0xd3, 0x1f, 0x31, 0xdd, 0x10, 0xf8, 0x87, 0x30, 0xc7, 0x40, 0x04, 0x3c, 0x33, 0xdc, 0xf0,
    0x1f, 0x61, 0x83, 0x06, 0x27, 0x36, 0xea, 0x11, 0xd3, 0x0d, 0xc1, 0x7a, 0x08, 0x73, 0x0c, 0x30, 0x13, 0x90, 0xcd,
    0x70, 0x03, 0x7b, 0x94, 0x0d, 0x1a, 0x9c, 0xd9, 0xdc, 0x46, 0x4c, 0x37, 0x04, 0xb8, 0x21, 0xcc, 0x31, 0x10, 0x01,
    0xd9, 0x0c, 0x32, 0x24, 0x01, 0xcd, 0x0c, 0x32, 0x48, 0x01, 0xcd, 0x0c, 0x37, 0xec, 0xc6, 0xda, 0xa0, 0xc1, 0xb1,
    0x8d, 0x69, 0xc4, 0x74, 0x43, 0x70, 0x1a, 0xc2, 0x1c, 0x83, 0xce, 0x04, 0x6e, 0x33, 0xdc, 0x80, 0x1a, 0x6f, 0x83,
    0x06, 0x07, 0x37, 0x73, 0x11, 0xd3, 0x0d, 0x01, 0x5d, 0x08, 0x73, 0x0c, 0x44, 0xe0, 0x36, 0xc3, 0x0d, 0x75, 0x31,
    0x37, 0x68, 0x70, 0x74, 0x03, 0x16, 0x31, 0xdd, 0x10, 0x84, 0x85, 0x30, 0xc7, 0x20, 0x36, 0x81, 0xdd, 0x0c, 0x37,
    0x88, 0xc5, 0xdd, 0xa0, 0xc1, 0xe1, 0x4d, 0x4b, 0xc4, 0x74, 0x43, 0xe0, 0x12, 0xc2, 0x1c, 0x03, 0x11, 0xd8, 0xcd,
    0x20, 0x43, 0x12, 0x98, 0xcd, 0x70, 0x03, 0x4c, 0xf0, 0x0d, 0x1a, 0x5c, 0xdf, 0xec, 0x43, 0x4c, 0x37, 0x04, 0xfc,
    0x20, 0xcc, 0x31, 0xac, 0x4d, 0xf0, 0x37, 0xc3, 0x0d, 0xfd, 0x00, 0x3a, 0x68, 0x70, 0xa1, 0x83, 0x0e, 0x31, 0xdd,
    0x10, 0xa4, 0x83, 0x30, 0xc7, 0x40, 0x04, 0x7f, 0x33, 0xdc, 0xa0, 0x0e, 0xa4, 0x83, 0x06, 0x57, 0x3a, 0xb5, 0x10,
    0xd3, 0x0d, 0x81, 0x2d, 0x08, 0x73, 0x0c, 0x73, 0x13, 0x9c, 0xce, 0xa1, 0x4e, 0x28, 0xc4, 0x70, 0x03, 0x2e, 0xa4,
    0x0e, 0x1a, 0x4c, 0x37, 0x08, 0xa3, 0x10, 0xcc, 0x31, 0x10, 0xc1, 0xe9, 0x0c, 0x32, 0x24, 0xc1, 0xdd, 0x0c, 0x32,
    0x48, 0xc1, 0xdd, 0x0c, 0x32, 0x90, 0x41, 0x70, 0x37, 0x1b, 0x84, 0x03, 0x01, 0x00, 0x58, 0x06, 0x00, 0x00, 0xc6,
    0x47, 0x49, 0x47, 0xe4, 0x33, 0x80, 0xa4, 0xf8, 0x88, 0x8f, 0xf8, 0x48, 0x9d, 0xfb, 0x88, 0x8f, 0x18, 0x94, 0x03,
    0x34, 0x43, 0xef, 0x23, 0x3e, 0xe2, 0x23, 0x3e, 0xe2, 0x23, 0xf6, 0x18, 0x30, 0x09, 0x4e, 0x53, 0xe9, 0x3e, 0xe2,
    0x23, 0x35, 0xed, 0x23, 0x37, 0xed, 0x23, 0x3e, 0x62, 0x99, 0x02, 0x93, 0xe0, 0x34, 0x95, 0xee, 0x23, 0x3e, 0x52,
    0xd3, 0x3e, 0xe2, 0x23, 0x3e, 0x72, 0xd3, 0xc7, 0x51, 0x21, 0x85, 0x3f, 0x1d, 0x44, 0xe3, 0x23, 0x3e, 0x52, 0xd7,
    0x3e, 0xe2, 0x23, 0x3e, 0x72, 0xd7, 0xc6, 0xf4, 0xac, 0x3e, 0x8d, 0xd3, 0x3e, 0xe2, 0x23, 0x3e, 0xe2, 0x23, 0x3e,
    0x62, 0x6b, 0xcf, 0xea, 0xd7, 0x3e, 0xe2, 0x23, 0x76, 0xed, 0x23, 0x3e, 0xe2, 0x23, 0x76, 0x19, 0x70, 0x09, 0xcc,
    0x53, 0xd3, 0x7e, 0xe3, 0x4c, 0x3e, 0xe2, 0x23, 0x75, 0xef, 0x23, 0x77, 0xef, 0x23, 0x3e, 0x62, 0xeb, 0x01, 0x95,
    0xe0, 0x34, 0x95, 0xee, 0x23, 0x3e, 0x52, 0xd3, 0x3e, 0x72, 0xd3, 0x3e, 0xb2, 0xd3, 0x3e, 0x62, 0x63, 0xd1, 0xea,
    0xd3, 0x38, 0xed, 0x23, 0x3e, 0x52, 0xdf, 0x3e, 0xe2, 0x23, 0x3e, 0x62, 0xd1, 0x01, 0x91, 0xe0, 0x34, 0x95, 0x8f,
    0xf8, 0x88, 0x8f, 0xec, 0x3e, 0x82, 0xef, 0x3e, 0x62, 0xb0, 0x01, 0xcf, 0xea, 0xd7, 0x3e, 0xe2, 0x23, 0x3e, 0xe2,
    0x23, 0x76, 0xed, 0x23, 0x46, 0x18, 0x40, 0x09, 0xcc, 0xb3, 0xfb, 0x8d, 0x33, 0xf9, 0x88, 0x8f, 0xf8, 0x88, 0x7d,
    0xfb, 0x88, 0x8f, 0x58, 0xb9, 0x00, 0xe4, 0x44, 0x3e, 0xe2, 0x23, 0x3e, 0xe2, 0x23, 0x35, 0xef, 0x23, 0x3d, 0x6f,
    0xc2, 0x01, 0x91, 0x74, 0x44, 0x3e, 0xe2, 0x23, 0xb5, 0xee, 0x23, 0x3e, 0x72, 0xeb, 0x3e, 0x62, 0xf4, 0x01, 0x93,
    0x44, 0x05, 0x3e, 0xe2, 0x23, 0x36, 0xed, 0x23, 0x38, 0xed, 0x23, 0x3c, 0xed, 0x23, 0x16, 0x3a, 0x70, 0x09, 0x4e,
    0x53, 0xd9, 0x3e, 0xe2, 0x23, 0xbc, 0x8f, 0xd8, 0xbc, 0x8f, 0xe8, 0xbc, 0x8f, 0xd4, 0x38, 0x6f, 0x80, 0x02, 0x90,
    0xe0, 0x34, 0x95, 0xed, 0x23, 0x3e, 0xe2, 0x23, 0x3e, 0xe2, 0x23, 0xbc, 0xb9, 0x0a, 0x48, 0x82, 0xd3, 0x54, 0xb6,
    0x8f, 0xf8, 0x88, 0x8f, 0xf0, 0x3e, 0xe2, 0x23, 0x38, 0x6f, 0xd1, 0x02, 0xd3, 0xea, 0xd7, 0x3e, 0xe2, 0x23, 0x76,
    0xed, 0x23, 0x78, 0xed, 0x23, 0x3e, 0xc2, 0xd7, 0xb7, 0x80, 0x59, 0x07, 0xb2, 0x10, 0x7e, 0xe0, 0x0c, 0x98, 0x8f,
    0xf8, 0x88, 0x8d, 0xfb, 0x08, 0x8e, 0xfb, 0x88, 0x8f, 0x18, 0xb1, 0xc0, 0x24, 0x38, 0x4d, 0xe5, 0x23, 0x3e, 0xb2,
    0xfb, 0x88, 0xbd, 0xfb, 0x88, 0x8f, 0xe8, 0xfb, 0x81, 0x60, 0xd6, 0x81, 0x2c, 0x84, 0x1f, 0x38, 0x03, 0xe6, 0x23,
    0x3e, 0xe2, 0x23, 0x36, 0xee, 0x23, 0x3e, 0xa2, 0xe3, 0x76, 0x2b, 0x00, 0x39, 0x91, 0x8f, 0xf8, 0x88, 0x8f, 0xd4,
    0xbc, 0x8f, 0xf8, 0x48, 0xce, 0x1b, 0xb2, 0x40, 0x25, 0xfa, 0x34, 0x5e, 0xfb, 0x88, 0x8f, 0xd4, 0xb6, 0x8f, 0xdc,
    0xb6, 0x8f, 0xf8, 0xc8, 0x6e, 0x1f, 0x0a, 0x86, 0x14, 0xfe, 0x74, 0x10, 0x8d, 0x8f, 0xf8, 0x48, 0x5d, 0xfb, 0x88,
    0x8f, 0xdc, 0xb5, 0x8f, 0xd4, 0x75, 0x6d, 0x9a, 0x02, 0x93, 0xe8, 0xd3, 0x78, 0xed, 0x23, 0x3e, 0x52, 0xdb, 0x3e,
    0xe2, 0x23, 0x3e, 0x72, 0xdb, 0x46, 0x3a, 0x80, 0x89, 0x3e, 0x8d, 0xd7, 0x3e, 0xe2, 0x23, 0xb5, 0xed, 0x23, 0xb7,
    0xed, 0x23, 0xbb, 0xed, 0x23, 0x75, 0x6e, 0xdb, 0xb1, 0x40, 0x25, 0x38, 0x4d, 0xa5, 0xfb, 0x88, 0x8f, 0xd4, 0xb4,
    0x8f, 0xdc, 0xb4, 0x8f, 0xf8, 0xc8, 0x4e, 0x5b, 0xdd, 0x23, 0x38, 0x4d, 0xe5, 0x23, 0x3e, 0xe2, 0x23, 0xbb, 0x8f,
    0xf8, 0x88, 0xcd, 0x0e, 0x30, 0x82, 0xd3, 0x0c, 0x3e, 0xe2, 0x23, 0x3e, 0xe2, 0x23, 0x46, 0x2d, 0x30, 0xad, 0xbe,
    0xed, 0x23, 0x3e, 0x62, 0xe7, 0x3e, 0x82, 0xe7, 0x3e, 0xe2, 0x23, 0x7c, 0x6e, 0x55, 0x8f, 0x44, 0x05, 0xb5, 0xee,
    0x23, 0x3e, 0xe2, 0x23, 0x3e, 0xe2, 0x23, 0xf6, 0x3b, 0x00, 0x09, 0x4e, 0x33, 0xf8, 0x88, 0xcd, 0xfb, 0x48, 0x5e,
    0xfb, 0x88, 0x8f, 0x18, 0xe5, 0x80, 0x26, 0x30, 0x4f, 0x4d, 0xfb, 0x8d, 0x33, 0xf9, 0x88, 0x8f, 0xf8, 0x48, 0xdd,
    0xfb, 0x48, 0xde, 0xfb, 0x48, 0x7d, 0xf7, 0x66, 0x25, 0x09, 0xcc, 0xb3, 0xfb, 0x8d, 0x33, 0xf9, 0x88, 0x8f, 0xf8,
    0x88, 0x8f, 0xf8, 0x88, 0xe9, 0x06, 0x44, 0x82, 0xd3, 0x54, 0x3e, 0xe2, 0x23, 0xbb, 0x8f, 0xf8, 0x88, 0xbd, 0xfb,
    0x88, 0x1d, 0x07, 0x44, 0xab, 0x5f, 0xfb, 0x88, 0x8f, 0xd8, 0xb5, 0x8f, 0xf8, 0x08, 0x5e, 0xfb, 0x88, 0x21, 0x07,
    0x4c, 0x12, 0x15, 0xd4, 0xba, 0x8f, 0xf8, 0x88, 0x6d, 0xfb, 0x88, 0x8f, 0xe0, 0xb6, 0x8f, 0x58, 0xfc, 0x00, 0x25,
    0x51, 0x81, 0x8f, 0xd8, 0xba, 0x8f, 0xe0, 0xbd, 0x8f, 0xf4, 0xb9, 0x8f, 0xd4, 0xfc, 0x6e, 0xad, 0x03, 0xd6, 0xea,
    0xd7, 0x3e, 0xe2, 0x23, 0x76, 0xed, 0x23, 0x78, 0xed, 0x23, 0x7c, 0xed, 0x23, 0xb5, 0x5e, 0x9b, 0xeb, 0x00, 0x26,
    0x51, 0x41, 0xad, 0xfb, 0x88, 0x8f, 0xd8, 0xb6, 0x8f, 0xe0, 0xb6, 0x8f, 0xf0, 0xb6, 0x8f, 0xd4, 0xba, 0x6d, 0xcb,
    0x03, 0x8f, 0x44, 0x05, 0x3e, 0xe2, 0x23, 0xf8, 0xee, 0x23, 0xfd, 0xed, 0x23, 0x27, 0xe1, 0xfd, 0xff, 0x13, 0x11,
    0x82, 0xc3, 0x3c, 0xc8, 0x42, 0x0c, 0xbf, 0xc4, 0x38, 0x83, 0xed, 0x13, 0x17, 0x32, 0xf9, 0x08, 0xae, 0xfb, 0x88,
    0xe1, 0x0b, 0x50, 0xd2, 0xb1, 0xf8, 0x88, 0x8f, 0xd4, 0xb8, 0x8f, 0xf8, 0xc8, 0x8d, 0xfb, 0x48, 0x5d, 0xe3, 0x86,
    0xe6, 0x38, 0x91, 0x8f, 0xf8, 0x48, 0xcd, 0xfb, 0x88, 0x8f, 0xf8, 0x88, 0x2d, 0x0a, 0x3c, 0x12, 0x15, 0xf8, 0x88,
    0x8f, 0xf8, 0x88, 0x8f, 0xf8, 0x88, 0x4d, 0x9b, 0x69, 0x40, 0x24, 0x38, 0x4d, 0xa5, 0xfb, 0x88, 0x8f, 0xf8, 0x88,
    0x8f, 0xd4, 0xb4, 0x8f, 0xdc, 0xc1, 0x84, 0x14, 0xfe, 0x74, 0x10, 0x8d, 0x8f, 0xf8, 0x88, 0x8f, 0xd4, 0xb5, 0x8f,
    0xf8, 0xc8, 0x5d, 0x68, 0xd6, 0x81, 0x2c, 0x84, 0x1f, 0x38, 0x03, 0xe6, 0x23, 0x3e, 0x62, 0xe3, 0x3e, 0x82, 0xe3,
    0x3e, 0xc2, 0xe3, 0x3e, 0x62, 0xaa, 0x01, 0x94, 0x74, 0x44, 0x3e, 0x03, 0x48, 0x8a, 0x8f, 0xf8, 0x88, 0x8f, 0xf8,
    0x48, 0x9d, 0xfb, 0x88, 0xa1, 0x04, 0xdd, 0x85, 0x84, 0xc1, 0xff, 0x3f, 0x11, 0x21, 0x38, 0xcc, 0x83, 0x2c, 0xc4,
    0xf0, 0x4b, 0x8c, 0x33, 0xf8, 0xc4, 0x85, 0x4c, 0x3e, 0x62, 0xeb, 0x3e, 0xe2, 0x23, 0xba, 0x6e, 0x88, 0x02, 0x10,
    0xd0, 0x0c, 0xbd, 0x8f, 0xf8, 0x88, 0x8f, 0xf8, 0x88, 0x8f, 0xd4, 0xbb, 0x0d, 0x06, 0x44, 0x12, 0x15, 0xd4, 0xba,
    0x8f, 0xf8, 0x88, 0x8f, 0xd8, 0xb6, 0x8f, 0xf8, 0x88, 0x59, 0x06, 0x40, 0x4e, 0xe4, 0x23, 0x3e, 0x52, 0xf3, 0x3e,
    0x72, 0xf3, 0x3e, 0xe2, 0x23, 0xc6, 0x3d, 0x80, 0x4d, 0x4e, 0xe0, 0x38, 0x8b, 0xdf, 0x38, 0x93, 0xee, 0x23, 0x3e,
    0x82, 0xeb, 0x3e, 0xe2, 0x23, 0xf5, 0x6e, 0x1b, 0xa1, 0x40, 0xb4, 0xfa, 0x34, 0x4e, 0xfb, 0x88, 0x8f, 0xf8, 0x88,
    0x8f, 0xf8, 0x48, 0x7d, 0xdb, 0x49, 0x70, 0xda, 0x70, 0x80, 0x04, 0x34, 0x43, 0xef, 0x23, 0x3e, 0x52, 0xef, 0x3e,
    0xe2, 0x23, 0xf7, 0xee, 0x23, 0x76, 0x1d, 0x10, 0x49, 0xc7, 0xe2, 0x23, 0x3e, 0xe2, 0x23, 0x35, 0xee, 0x23, 0x39,
    0xee, 0x23, 0x66, 0x07, 0x09, 0x4e, 0x53, 0xd9, 0x3e, 0xe2, 0x23, 0x3e, 0xc2, 0xfb, 0x88, 0x8f, 0xd8, 0xb2, 0x00,
    0x26, 0x1d, 0x91, 0xcf, 0x00, 0x92, 0xe2, 0x23, 0x3e, 0x52, 0xe7, 0x3e, 0x72, 0xe7, 0x3e, 0xe2, 0x23, 0x7b, 0x6e,
    0xe9, 0x03, 0xda, 0xe4, 0x04, 0x8e, 0xb3, 0xf8, 0x8d, 0x33, 0xe9, 0x3e, 0x62, 0xef, 0x3e, 0xe2, 0x23, 0x7c, 0xef,
    0x23, 0x35, 0x5f, 0xdb, 0xb8, 0x40, 0x24, 0x1d, 0x91, 0x8f, 0xf8, 0x88, 0x8f, 0xf8, 0x48, 0xad, 0xfb, 0x48, 0xaf,
    0x1b, 0xa8, 0x00, 0xe4, 0x44, 0x3e, 0xe2, 0x23, 0x35, 0xef, 0x23, 0x3e, 0xe2, 0x23, 0x37, 0x6f, 0xd4, 0x03, 0xd6,
    0xe4, 0x04, 0x8e, 0xb3, 0xf8, 0x8d, 0x33, 0xe9, 0x3e, 0xe2, 0x23, 0x3e, 0xe2, 0x23, 0xb5, 0xae, 0xdf, 0xc6, 0xf7,
    0xff, 0x4f, 0x44, 0x08, 0x0e, 0xf3, 0x20, 0x0b, 0x31, 0xfc, 0x12, 0xe3, 0x0c, 0x3e, 0x71, 0x21, 0x93, 0x8f, 0xf8,
    0x88, 0x8f, 0xd8, 0xba, 0x31, 0x0e, 0x58, 0x82, 0xd3, 0x54, 0xba, 0x8f, 0xf8, 0x88, 0x8f, 0xd4, 0xb4, 0x8f, 0xe4,
    0xb4, 0x8f, 0xd4, 0x37, 0x6d, 0x53, 0x8d, 0x44, 0x05, 0x3e, 0xe2, 0x23, 0x3e, 0xe2, 0x23, 0x3e, 0x62, 0x8d, 0x01,
    0x92, 0xe0, 0x34, 0x95, 0xed, 0x23, 0x3e, 0xc2, 0xfb, 0x88, 0xcd, 0xfb, 0x88, 0x8f, 0x58, 0x7c, 0x00, 0x05, 0x34,
    0x43, 0xef, 0x23, 0x3e, 0x52, 0xef, 0x3e, 0x72, 0xef, 0x3e, 0xb2, 0xef, 0x3e, 0x62, 0xff, 0x01, 0x8f, 0xe0, 0x34,
    0x95, 0x8f, 0xf8, 0x88, 0x8f, 0xf8, 0x88, 0x8f, 0xec, 0x26, 0x2f, 0x40, 0x09, 0x4e, 0x53, 0xf9, 0x88, 0x8f, 0xec,
    0x3e, 0xe2, 0x23, 0xf6, 0xee, 0x23, 0x35, 0xbd, 0x9b, 0x71, 0x40, 0x24, 0x51, 0x81, 0x8f, 0xf8, 0x88, 0x4d, 0xfb,
    0x88, 0x8f, 0xe0, 0xb4, 0x8f, 0x58, 0xf5, 0x80, 0x23, 0x51, 0x81, 0x8f, 0xf8, 0x88, 0x8f, 0xf8, 0x48, 0xad, 0xef,
    0xd6, 0x1d, 0x10, 0x49, 0x54, 0xe0, 0x23, 0x3e, 0xe2, 0x23, 0x36, 0xed, 0x23, 0x3a, 0xed, 0x23, 0x16, 0x3b, 0x30,
    0x4d, 0x4e, 0xe0, 0x38, 0x8b, 0xdf, 0x38, 0x93, 0xee, 0x23, 0x3e, 0xe2, 0x23, 0x3e, 0x62, 0xd9, 0x03, 0x90, 0x44,
    0x05, 0x3e, 0x62, 0xeb, 0x3e, 0xe2, 0x23, 0x3e, 0x52, 0xef, 0xb4, 0xa9, 0x07, 0x48, 0x11, 0xc1, 0xf8, 0x88, 0x8f,
    0xf4, 0x3e, 0x62, 0xf7, 0x3e, 0xa2, 0xf7, 0x3e, 0x62, 0xc6, 0x02, 0x52, 0x44, 0x30, 0x3e, 0xe2, 0x23, 0xbd, 0x8f,
    0xd8, 0xbd, 0x8f, 0xf8, 0x88, 0xde, 0x1b, 0xa9, 0xc0, 0x24, 0x51, 0x41, 0xad, 0xfb, 0x88, 0x8f, 0xd8, 0xb6, 0x8f,
    0xf8, 0x88, 0x8f, 0xe0, 0xb6, 0xdd, 0x39, 0x11, 0xc1, 0xf8, 0x88, 0x8f, 0xf8, 0x48, 0xef, 0x23, 0x3e, 0x62, 0xa6,
    0x02, 0xd1, 0xea, 0xdb, 0x3e, 0xe2, 0x23, 0x76, 0xee, 0x23, 0x3e, 0xe2, 0x23, 0x78, 0x6e, 0xf4, 0x02, 0x53, 0x44,
    0x30, 0x3e, 0xe2, 0x23, 0xbd, 0x8f, 0xf8, 0x88, 0xdd, 0xfb, 0x48, 0x4d, 0xf7, 0x86, 0xf4, 0x08, 0x4e, 0x53, 0xd9,
    0x3e, 0xe2, 0x23, 0x3e, 0xe2, 0x23, 0x3e, 0x62, 0x8e, 0x01, 0x50, 0x44, 0x30, 0x3e, 0xe2, 0x23, 0xbd, 0x8f, 0xd8,
    0xbd, 0x8f, 0xf8, 0x88, 0x61, 0x0a, 0x40, 0x11, 0xc1, 0xf8, 0x88, 0x8f, 0xf4, 0x3e, 0xe2, 0x23, 0x3e, 0x62, 0xf7,
    0x17, 0x10, 0x21, 0x85, 0x3f, 0x1d, 0x44, 0xe3, 0x23, 0x3e, 0xe2, 0x23, 0x3e, 0xe2, 0x23, 0xf6, 0xd4, 0x48, 0x47,
    0xe4, 0x23, 0x3e, 0xe2, 0x23, 0x3e, 0xe2, 0x23, 0x66, 0x28, 0x40, 0x49, 0x47, 0xe4, 0x33, 0x80, 0xa4, 0xf8, 0x88,
    0x8f, 0xf8, 0x88, 0x8f, 0xf8, 0x48, 0x9d, 0x1b, 0xd9, 0x23, 0x1d, 0x8b, 0x8f, 0xf8, 0x48, 0x8d, 0xfb, 0x88, 0x8f,
    0xf8, 0x88, 0x01, 0x0e, 0x58, 0x12, 0x15, 0xd4, 0xba, 0x8f, 0xf8, 0x88, 0x6d, 0xfb, 0x88, 0x8f, 0xe0, 0xb6, 0x8f,
    0xd4, 0xb6, 0x6d, 0xdd, 0x02, 0x50, 0x44, 0x30, 0x3e, 0xe2, 0x23, 0x3e, 0xe2, 0x23, 0xbd, 0x8f, 0xf0, 0xfd, 0x29,
    0x54, 0x48, 0xe1, 0x4f, 0x07, 0xd1, 0xf8, 0x88, 0x8f, 0xd4, 0xb5, 0x8f, 0xdc, 0xb5, 0x8f, 0xf8, 0x88, 0x3d, 0x0e,
    0x50, 0xd2, 0xb1, 0xf8, 0x88, 0x8f, 0xf8, 0x48, 0x8d, 0xfb, 0x48, 0x8e, 0xfb, 0x48, 0x7d, 0xe3, 0xc6, 0x1a, 0x00,
    0x01, 0xcd, 0xd0, 0xfb, 0x88, 0x8f, 0xf8, 0x88, 0x8f, 0xd4, 0xbb, 0x8f, 0x58, 0xa7, 0x80, 0x25, 0x1d, 0x91, 0xcf,
    0x00, 0x92, 0xe2, 0x23, 0x3e, 0x52, 0xe7, 0x3e, 0xe2, 0x23, 0x3e, 0x72, 0xe7, 0xa6, 0xf6, 0x48, 0x54, 0xe0, 0x23,
    0x3e, 0x62, 0xd3, 0x3e, 0xe2, 0x23, 0x3e, 0x62, 0x96, 0x03, 0xd4, 0xea, 0xd7, 0x3e, 0xe2, 0x23, 0x3e, 0x62, 0xd7,
    0x3e, 0xa2, 0xd7, 0x3e, 0x52, 0xe3, 0xb5, 0xa5, 0x07, 0x50, 0x82, 0xd3, 0x54, 0xb6, 0x8f, 0xf8, 0x08, 0xef, 0x23,
    0x36, 0xef, 0x23, 0x3a, 0xef, 0x23, 0xe6, 0xf6, 0xac, 0xbe, 0xed, 0x23, 0x3e, 0x62, 0xe7, 0x3e, 0xe2, 0x23, 0x3e,
    0x62, 0x85, 0x01, 0xcf, 0xea, 0xdb, 0x3e, 0xe2, 0x23, 0x3e, 0x62, 0xe7, 0x3e, 0xe2, 0x23, 0x26, 0x1b, 0x40, 0x09,
    0xcc, 0xb3, 0xfb, 0x8d, 0x33, 0xf9, 0x88, 0x8f, 0xf8, 0x88, 0x8f, 0xd8, 0xb7, 0x8f, 0xd8, 0x6c, 0xc0, 0xb3, 0xfa,
    0xb6, 0x8f, 0xf8, 0x88, 0x8f, 0xf8, 0x88, 0x9d, 0xfb, 0x88, 0x51, 0x06, 0x44, 0xd2, 0x11, 0xf9, 0x88, 0x8f, 0xd4,
    0xba, 0x8f, 0xdc, 0xba, 0x8f, 0xf8, 0x88, 0xb1, 0x07, 0x54, 0xa2, 0x4f, 0xe3, 0xb5, 0x8f, 0xf8, 0x48, 0x6d, 0xfb,
    0xc8, 0x6d, 0xfb, 0xc8, 0x6e, 0xfb, 0x88, 0x3d, 0x0a, 0x3c, 0xab, 0x6f, 0xfb, 0x88, 0x8f, 0xf8, 0x88, 0x8f, 0xf8,
    0x88, 0x9d, 0x9b, 0xac, 0xc0, 0xb4, 0xfa, 0x34, 0x4e, 0xfb, 0x88, 0x8f, 0xf8, 0x48, 0x7d, 0xfb, 0x88, 0x8f, 0xe4,
    0xb7, 0x95, 0x0f, 0x60, 0x93, 0x13, 0x38, 0xce, 0xe2, 0x37, 0xce, 0xa4, 0xfb, 0x88, 0x8f, 0xf8, 0x08, 0xaf, 0xfb,
    0x48, 0xbd, 0xf3, 0x56, 0x1f, 0x30, 0xad, 0x7e, 0xed, 0x23, 0x3e, 0x62, 0xd7, 0x3e, 0x82, 0xd7, 0x3e, 0xc2, 0xd7,
    0x3e, 0x62, 0xfe, 0x02, 0x94, 0x44, 0x05, 0x3e, 0xe2, 0x23, 0x36, 0xed, 0x23, 0x3e, 0x82, 0xd3, 0x3e, 0x52, 0xdb,
    0xb4, 0x25, 0x35, 0x11, 0xc1, 0xf8, 0x88, 0x8f, 0xf8, 0x88, 0x8f, 0xf8, 0x88, 0xd5, 0x0e, 0x54, 0x93, 0x13, 0x38,
    0xce, 0xe2, 0x37, 0xce, 0xa4, 0xfb, 0x88, 0xbd, 0xfb, 0x88, 0x8f, 0xf8, 0xc8, 0x3d, 0x7c, 0xff, 0xff, 0x44, 0x84,
    0xe0, 0x30, 0x0f, 0xb2, 0x10, 0xc3, 0x2f, 0x31, 0xce, 0xe0, 0x13, 0x17, 0x32, 0xf9, 0x88, 0x8f, 0xd8, 0xba, 0x8f,
    0x58, 0xb2, 0x40, 0xb5, 0xfa, 0x34, 0x4e, 0xfb, 0x88, 0x8f, 0xd4, 0xb7, 0x8f, 0xdc, 0xb7, 0x8f, 0xf8, 0xc8, 0x7e,
    0xdf, 0x4b, 0x67, 0x1d, 0xc8, 0x42, 0xf8, 0x81, 0x33, 0x60, 0x3e, 0xe2, 0x23, 0x36, 0xee, 0x23, 0x38, 0xee, 0x23,
    0x3c, 0xee, 0x23, 0xb5, 0x8e, 0xdb, 0xe9, 0xc0, 0x26, 0x1d, 0x91, 0xcf, 0x00, 0x92, 0xe2, 0x23, 0x3e, 0x52, 0xe7,
    0x3e, 0x72, 0xe7, 0x3e, 0xb2, 0xe7, 0x3e, 0x52, 0xe7, 0xb9, 0x35, 0x0b, 0x50, 0x40, 0x33, 0xf4, 0x3e, 0xe2, 0x23,
    0xf5, 0xee, 0x23, 0xf7, 0xee, 0x23, 0x3e, 0xb2, 0xef, 0x36, 0x2d, 0x80, 0x09, 0xcc, 0xb3, 0xfb, 0x8d, 0x33, 0xf9,
    0x88, 0x8f, 0xd8, 0xb7, 0x8f, 0xe0, 0xb7, 0x8f, 0xf8, 0x08, 0x7f, 0x9b, 0xfc, 0x00, 0x37, 0x39, 0x81, 0xe3, 0x2c,
    0x7e, 0xe3, 0x4c, 0xba, 0x8f, 0xd8, 0xbb, 0x8f, 0xe4, 0xb4, 0x8f, 0xf4, 0xba, 0x8f, 0xd4, 0x3c, 0x6f, 0xea, 0x02,
    0x97, 0xc0, 0x3c, 0xbb, 0xdf, 0x38, 0x93, 0x8f, 0xf8, 0x88, 0x8f, 0xf8, 0x88, 0x7d, 0xfb, 0x48, 0x4d, 0xdf, 0x76,
    0xd5, 0xac, 0xbe, 0xed, 0x23, 0x3e, 0xe2, 0x23, 0x3e, 0xe2, 0x23, 0x96, 0x2b, 0x10, 0x49, 0x54, 0xe0, 0x23, 0x3e,
    0xe2, 0x23, 0x36, 0xed, 0x23, 0x3e, 0xa2, 0xd3, 0x76, 0x2f, 0x60, 0xad, 0x3e, 0x8d, 0xd3, 0x3e, 0xe2, 0x23, 0xf5,
    0xed, 0x23, 0x3e, 0x72, 0xdf, 0x3e, 0x52, 0xd7, 0xb7, 0x31, 0x06, 0x44, 0x82, 0xd3, 0x54, 0x3e, 0xe2, 0x23, 0xbb,
    0x8f, 0xd8, 0xbb, 0x8f, 0xf8, 0x88, 0x4d, 0x0e, 0x4c, 0x4e, 0xe4, 0x23, 0x3e, 0xe2, 0x23, 0x35, 0xef, 0x23, 0x39,
    0xef, 0x23, 0xf5, 0xcd, 0x9b, 0xe9, 0x80, 0x25, 0x1d, 0x8b, 0x8f, 0xf8, 0x48, 0x8d, 0xfb, 0xc8, 0x8d, 0xfb, 0xc8,
    0x8e, 0xfb, 0x48, 0x9d, 0xe3, 0x36, 0x2a, 0x10, 0xad, 0x7e, 0xed, 0x23, 0x3e, 0x62, 0xd7, 0x3e, 0xe2, 0x23, 0x3e,
    0x82, 0xd7, 0xb6, 0x2d, 0x10, 0x09, 0x4e, 0x53, 0xf9, 0x88, 0x8f, 0xf8, 0x88, 0x8f, 0xec, 0x3e, 0xc2, 0xef, 0xa6,
    0x3d, 0x10, 0x09, 0x4e, 0x33, 0xf8, 0x88, 0xcd, 0xfb, 0x88, 0x8f, 0xf8, 0x48, 0xbd, 0xd7, 0x26, 0x3b, 0xb0, 0x48,
    0x54, 0xe0, 0x23, 0x3e, 0xe2, 0x23, 0x3e, 0x62, 0xbc, 0x02, 0x96, 0xc0, 0x3c, 0xbb, 0xdf, 0x38, 0x93, 0x8f, 0xf8,
    0x88, 0x8f, 0xd8, 0xb7, 0x8f, 0xf8, 0x88, 0x7e, 0x5b, 0xaf, 0x40, 0xb4, 0xfa, 0xb6, 0x8f, 0xf8, 0x88, 0x8f, 0xd8,
    0xb9, 0x8f, 0xf8, 0x88, 0x9e, 0xdb, 0xea, 0x00, 0x27, 0x30, 0x4f, 0x4d, 0xfb, 0x8d, 0x33, 0xf9, 0x88, 0x8f, 0xd4,
    0xbd, 0x8f, 0xdc, 0xbd, 0x8f, 0xec, 0xbd, 0x8f, 0xd4, 0x79, 0x6f, 0xc6, 0x03, 0xd7, 0xe4, 0x04, 0x8e, 0xb3, 0xf8,
    0x8d, 0x33, 0xe9, 0x3e, 0x62, 0xef, 0x3e, 0xe2, 0x23, 0x7c, 0xef, 0x23, 0xe6, 0x3e, 0x20, 0x49, 0x54, 0xe0, 0x23,
    0x3e, 0x82, 0xef, 0x3e, 0xd2, 0xdf, 0x3e, 0x52, 0xf3, 0xb9, 0x85, 0x0f, 0x48, 0x12, 0x15, 0xf8, 0x88, 0xad, 0xfb,
    0x08, 0xde, 0xfb, 0x88, 0x8f, 0xd4, 0xbb, 0x6e, 0x80, 0x01, 0x95, 0xc0, 0x3c, 0x35, 0xed, 0x37, 0xce, 0xe4, 0x23,
    0x3e, 0xe2, 0x23, 0x75, 0xef, 0x23, 0x3e, 0x62, 0x89, 0x02, 0x8e, 0x13, 0xf9, 0x88, 0x8f, 0xf8, 0x88, 0x8f, 0xf8,
    0x48, 0xcd, 0x5b, 0xbe, 0x40, 0x26, 0x1d, 0x91, 0xcf, 0x00, 0x92, 0xe2, 0x23, 0x3e, 0x52, 0xe7, 0x3e, 0xe2, 0x23,
    0x77, 0xee, 0x23, 0x75, 0x9d, 0x1b, 0x5e, 0x24, 0x38, 0x4d, 0xa5, 0xfb, 0x88, 0x8f, 0xf8, 0x48, 0x4d, 0xfb, 0x88,
    0x8f, 0x5c, 0xc6, 0x84, 0x14, 0xfe, 0x74, 0x10, 0x8d, 0x8f, 0xf8, 0x88, 0x8f, 0xf8, 0x88, 0x8f, 0xd4, 0xb5, 0x89,
    0x45, 0xa2, 0x4f, 0xe3, 0xb5, 0x8f, 0xf8, 0x48, 0x6d, 0xfb, 0x88, 0x8f, 0xf8, 0x88, 0x9d, 0x06, 0x44, 0xa2, 0x4f,
    0xe3, 0xb5, 0x8f, 0xf8, 0x88, 0x8f, 0xf8, 0x48, 0x6d, 0xfb, 0x88, 0x41, 0x0e, 0x64, 0xd2, 0x11, 0xf9, 0x0c, 0x20,
    0x29, 0x3e, 0xe2, 0x23, 0x3e, 0x52, 0xe7, 0x3e, 0x92, 0xe7, 0x3e, 0x52, 0xdf, 0xf9, 0xb5, 0x90, 0xc1, 0xff, 0x3f,
    0x11, 0x21, 0x38, 0xcc, 0x83, 0x2c, 0xc4, 0xf0, 0x4b, 0x8c, 0x33, 0xf8, 0xc4, 0x85, 0x4c, 0x3e, 0x62, 0xeb, 0x3e,
    0xa2, 0xeb, 0x3e, 0x52, 0xe3, 0xba, 0xf9, 0x41, 0x40, 0x33, 0xf4, 0x3e, 0xe2, 0x23, 0x3e, 0x52, 0xef, 0x3e, 0xe2,
    0x23, 0x16, 0x1c, 0x60, 0x49, 0x47, 0xe4, 0x33, 0x80, 0xa4, 0xf8, 0x88, 0x8f, 0xd4, 0xb9, 0x8f, 0xf8, 0xc8, 0x9d,
    0xfb, 0x88, 0x15, 0x07, 0x5c, 0x02, 0xf3, 0xd4, 0xb4, 0xdf, 0x38, 0x93, 0x8f, 0xf8, 0x48, 0xdd, 0xfb, 0x88, 0x8f,
    0xdc, 0xbd, 0x8f, 0x58, 0xee, 0x40, 0x35, 0x39, 0x81, 0xe3, 0x2c, 0x7e, 0xe3, 0x4c, 0xba, 0x8f, 0xf8, 0x08, 0xae,
    0xfb, 0x88, 0x8f, 0x98, 0x5e, 0xb4, 0xfa, 0x34, 0x4e, 0xfb, 0x88, 0x8f, 0xf8, 0x48, 0x7d, 0xfb, 0x88, 0x8f, 0x18,
    0x77, 0xc0, 0x25, 0x30, 0x4f, 0x4d, 0xfb, 0x8d, 0x33, 0xf9, 0x88, 0x8f, 0xf8, 0x48, 0xdd, 0xfb, 0x48, 0xde, 0xfb,
    0x88, 0x7d, 0x0b, 0x4c, 0xa2, 0x4f, 0xe3, 0xb5, 0x8f, 0xf8, 0x88, 0x8f, 0xf8, 0x48, 0x6d, 0xfb, 0x48, 0x6f, 0x5b,
    0xb1, 0x00, 0x25, 0x38, 0x4d, 0x65, 0xfb, 0x88, 0x8f, 0xf0, 0x3e, 0x62, 0xf3, 0x3e, 0xe2, 0x23, 0x3a, 0x6f, 0xe1,
    0x02, 0x91, 0x74, 0x2c, 0x3e, 0xe2, 0x23, 0x3e, 0xe2, 0x23, 0x35, 0xee, 0x23, 0x3d, 0x6e, 0xe6, 0x02, 0x97, 0xc0,
    0x3c, 0x35, 0xed, 0x37, 0xce, 0xe4, 0x23, 0x3e, 0xe2, 0x23, 0x3e, 0x52, 0xf7, 0x3e, 0xd2, 0xf7, 0xe6, 0x1e, 0x30,
    0x49, 0xc7, 0xe2, 0x23, 0x3e, 0x52, 0xe3, 0x3e, 0x72, 0xe3, 0x3e, 0xb2, 0xe3, 0x3e, 0x62, 0xd9, 0x01, 0x91, 0x74,
    0x44, 0x3e, 0xe2, 0x23, 0x3e, 0x52, 0xeb, 0x3e, 0x92, 0xeb, 0x3e, 0x62, 0xd6, 0x01, 0xd3, 0xea, 0xd3, 0x38, 0xed,
    0x23, 0x3e, 0xe2, 0x23, 0xf5, 0xed, 0x23, 0xf9, 0xed, 0x23, 0xa6, 0x1d, 0x20, 0x01, 0xcd, 0xd0, 0xfb, 0x88, 0x8f,
    0xf8, 0x48, 0xbd, 0xfb, 0x48, 0xbe, 0xfb, 0xc8, 0x9d, 0x88, 0xc1, 0xff, 0x3f, 0x11, 0x21, 0x38, 0xcc, 0x83, 0x2c,
    0xc4, 0xf0, 0x4b, 0x8c, 0x33, 0xf8, 0xc4, 0x85, 0x4c, 0x3e, 0xe2, 0x23, 0xb6, 0xee, 0x23, 0x35, 0xad, 0x1f, 0x05,
    0x66, 0x1d, 0xc8, 0x42, 0xf8, 0x81, 0x33, 0x60, 0x3e, 0xe2, 0x23, 0x3e, 0x62, 0xe3, 0x3e, 0xa2, 0xe3, 0x3e, 0x72,
    0x09, 0xdf, 0xff, 0x3f, 0x11, 0x21, 0x38, 0xcc, 0x83, 0x2c, 0xc4, 0xf0, 0x4b, 0x8c, 0x33, 0xf8, 0xc4, 0x85, 0x4c,
    0x3e, 0x62, 0xeb, 0x3e, 0xe2, 0x23, 0xb6, 0x38, 0x30, 0x45, 0x04, 0xe3, 0x23, 0x3e, 0xe2, 0x23, 0xbd, 0x8f, 0xe0,
    0xbd, 0x8f, 0xd4, 0x76, 0x6f, 0xd2, 0x02, 0x95, 0x44, 0x05, 0xb5, 0xee, 0x23, 0x3e, 0x62, 0xdb, 0x3e, 0x82, 0xdb,
    0x3e, 0xe2, 0x23, 0xbc, 0x6d, 0xe9, 0x02, 0x94, 0x44, 0x05, 0xb5, 0xee, 0x23, 0x3e, 0xe2, 0x23, 0x3e, 0x62, 0xdb,
    0x3e, 0x52, 0xd3, 0xb6, 0x4d, 0x07, 0x40, 0x11, 0xc1, 0xf8, 0x88, 0x8f, 0xf8, 0x48, 0xef, 0x23, 0x78, 0xef, 0x23,
    0x76, 0x29, 0x20, 0x09, 0x4e, 0x53, 0xd9, 0x3e, 0xe2, 0x23, 0xbc, 0x8f, 0xf8, 0x88, 0x8f, 0xd8, 0xbc, 0x45, 0x0e,
    0x50, 0xd2, 0x11, 0xf9, 0x88, 0x8f, 0xf8, 0x48, 0xad, 0xfb, 0x48, 0xae, 0xfb, 0x48, 0x7d, 0xeb, 0xf6, 0x3e, 0x30,
    0x09, 0x4e, 0x33, 0xf8, 0x88, 0x8f, 0xe0, 0xbc, 0x8f, 0xf4, 0xb8, 0x8f, 0xd4, 0xbc, 0x6e, 0xbd, 0x03, 0xd7, 0xe4,
    0x04, 0x8e, 0xb3, 0xf8, 0x8d, 0x33, 0xe9, 0x3e, 0x62, 0xef, 0x3e, 0x92, 0xd3, 0x3e, 0xe2, 0x23, 0x47, 0xc2, 0xfd,
    0xff, 0x13, 0x11, 0x82, 0xc3, 0x3c, 0xc8, 0x42, 0x0c, 0xbf, 0xc4, 0x38, 0x03, 0xee, 0x13, 0x17, 0x32, 0xf9, 0x08,
    0xaf, 0xdb, 0xf3, 0x40, 0x24, 0x51, 0x81, 0x8f, 0xd8, 0xba, 0x8f, 0xe0, 0xbd, 0x8f, 0xf4, 0xb9, 0x8f, 0x98, 0xef,
    0xc0, 0x23, 0x51, 0x81, 0x8f, 0xd8, 0xba, 0x8f, 0xe0, 0xbd, 0x8f, 0xf8, 0x88, 0x05, 0x0e, 0x64, 0x02, 0xf3, 0xec,
    0x7e, 0xe3, 0x4c, 0x3e, 0xe2, 0x23, 0xf6, 0xed, 0x23, 0x3e, 0x82, 0xdf, 0x3e, 0x52, 0xdb, 0xb7, 0xe9, 0x0e, 0x34,
    0x12, 0x15, 0xf8, 0x88, 0x8f, 0xe0, 0xbb, 0x8f, 0xf8, 0x88, 0x95, 0x0e, 0x60, 0xab, 0x4f, 0xe3, 0xb4, 0x8f, 0xf8,
    0x48, 0x7d, 0xfb, 0xc8, 0x7d, 0xfb, 0xc8, 0x7e, 0xfb, 0x48, 0x9d, 0xdf, 0xa6, 0x1c, 0x10, 0xad, 0xbe, 0xed, 0x23,
    0x3e, 0x62, 0xe7, 0x3e, 0xe2, 0x23, 0x78, 0xee, 0x23, 0x76, 0x3c, 0xf0, 0x48, 0x54, 0xe0, 0x23, 0xb6, 0xee, 0x23,
    0x3e, 0xd2, 0xd3, 0x3e, 0x62, 0x4d, 0x8d, 0x74, 0x2c, 0x3e, 0xe2, 0x23, 0x3e, 0xe2, 0x23, 0x3e, 0x62, 0x7b, 0x8f,
    0x74, 0x2c, 0x3e, 0xe2, 0x23, 0x3e, 0x52, 0xe3, 0x3e, 0xe2, 0x23, 0xe6, 0xf5, 0x08, 0x4e, 0x53, 0xf9, 0x88, 0x8f,
    0xec, 0x3e, 0xe2, 0x23, 0x3e, 0x72, 0x04, 0x13, 0x52, 0xf8, 0xd3, 0x41, 0x34, 0x3e, 0xe2, 0x23, 0x75, 0xed, 0x23,
    0x3e, 0xe2, 0x23, 0xf6, 0x1a, 0xf0, 0x48, 0x54, 0xe0, 0x23, 0x3e, 0xe2, 0x23, 0x3e, 0x62, 0xd3, 0x3e, 0x62, 0xbd,
    0x01, 0x93, 0xe0, 0x34, 0x95, 0xee, 0x23, 0x3e, 0x52, 0xd3, 0x3e, 0xe2, 0x23, 0x37, 0xed, 0x23, 0x37, 0xa2, 0x59,
    0x07, 0xb2, 0x10, 0x7e, 0xe0, 0x0c, 0x98, 0x8f, 0xf8, 0x88, 0x8d, 0xfb, 0x08, 0x8e, 0xfb, 0x88, 0x8f, 0xf0, 0xb8,
    0x49, 0x06, 0x44, 0xd2, 0xb1, 0xf8, 0x88, 0x8f, 0xd4, 0xb8, 0x8f, 0xdc, 0xb8, 0x8f, 0xf8, 0x88, 0x99, 0x3d, 0xd2,
    0x11, 0xf9, 0x88, 0x8f, 0xd4, 0xba, 0x8f, 0xf8, 0x88, 0x8f, 0xd8, 0x19, 0x04, 0x34, 0x43, 0xef, 0x23, 0x3e, 0x52,
    0xef, 0x3e, 0xe2, 0x23, 0x3e, 0x62, 0x47, 0x8e, 0xe0, 0x34, 0x95, 0x8f, 0xf8, 0x88, 0x8f, 0xf8, 0x88, 0x8f, 0x58,
    0xdf, 0x23, 0x1d, 0x91, 0x8f, 0xf8, 0x88, 0x8f, 0xd4, 0xba, 0x8f, 0xf8, 0x88, 0x4d, 0x06, 0x58, 0xd2, 0x11, 0xf9,
    0x0c, 0x20, 0x29, 0x3e, 0xe2, 0x23, 0x75, 0xee, 0x23, 0x77, 0xee, 0x23, 0x3e, 0x62, 0xc0, 0x01, 0x91, 0x74, 0x2c,
    0x3e, 0xe2, 0x23, 0x35, 0xee, 0x23, 0x3e, 0x72, 0xe3, 0x3e, 0x62, 0x82, 0x01, 0xcf, 0xea, 0xd7, 0x3e, 0xe2, 0x23,
    0x3e, 0x62, 0xd7, 0x3e, 0xe2, 0x23, 0xe6, 0x28, 0x40, 0x09, 0xcc, 0xb3, 0xfb, 0x8d, 0x33, 0xf9, 0x88, 0x8f, 0xf8,
    0x88, 0x8f, 0xf8, 0x88, 0x7d, 0x5b, 0xf7, 0x00, 0x24, 0x51, 0x81, 0x8f, 0xf8, 0x08, 0xbe, 0xfb, 0x88, 0x8f, 0xd4,
    0xfb, 0x6d, 0xa5, 0x01, 0x4e, 0x44, 0x30, 0x3e, 0xe2, 0x23, 0x3e, 0xe2, 0x23, 0xbd, 0x8f, 0x58, 0x64, 0xc0, 0xb4,
    0xfa, 0x34, 0x4e, 0xfb, 0x88, 0x8f, 0xd4, 0xb7, 0x8f, 0xdc, 0xb7, 0x8f, 0xf8, 0x88, 0x55, 0x06, 0x48, 0x40, 0x33,
    0xf4, 0x3e, 0xe2, 0x23, 0xf5, 0xee, 0x23, 0xf7, 0xee, 0x23, 0x3e, 0x72, 0x22, 0x17, 0x52, 0xf8, 0xd3, 0x41, 0x34,
    0x3e, 0xe2, 0x23, 0x75, 0xed, 0x23, 0x77, 0xed, 0x23, 0x3e, 0xb2, 0xd7, 0x46, 0x2b, 0x60, 0x49, 0x47, 0xe4, 0x33,
    0x80, 0xa4, 0xf8, 0x88, 0x8f, 0xf8, 0x48, 0x9d, 0xfb, 0x88, 0x8f, 0xe4, 0xb9, 0x71, 0x0a, 0x44, 0xd2, 0xb1, 0xf8,
    0x88, 0x8f, 0xd4, 0xb8, 0x8f, 0xf8, 0x88, 0x8f, 0xdc, 0xb8, 0x41, 0x06, 0x4c, 0xa2, 0x4f, 0xe3, 0xb5, 0x8f, 0xf8,
    0x48, 0x6d, 0xfb, 0xc8, 0x6d, 0xfb, 0x88, 0x8f, 0x58, 0x6c, 0x40, 0x24, 0x51, 0x41, 0xad, 0xfb, 0x88, 0x8f, 0xf8,
    0x88, 0x8f, 0xd8, 0xb6, 0x8f, 0x58, 0xbd, 0x80, 0x25, 0x38, 0x4d, 0xa5, 0xfb, 0x88, 0x8f, 0xd4, 0xb4, 0x8f, 0xf8,
    0xc8, 0x4d, 0xfb, 0x48, 0x5d, 0xd3, 0x76, 0x3b, 0xe0, 0x08, 0x4e, 0x33, 0xf8, 0x88, 0xcd, 0xfb, 0x88, 0x8f, 0xf8,
    0x88, 0xb5, 0x0a, 0x44, 0x82, 0xd3, 0x54, 0x3e, 0xe2, 0x23, 0x3e, 0xb2, 0xfb, 0x88, 0x8f, 0xe0, 0xbb, 0xd9, 0x0b,
    0x58, 0xa2, 0x4f, 0xe3, 0xb5, 0x8f, 0xf8, 0x48, 0x6d, 0xfb, 0x88, 0x8f, 0xdc, 0xb6, 0x8f, 0xd4, 0xb5, 0x6d, 0xab,
    0x01, 0x8f, 0x74, 0x44, 0x3e, 0xe2, 0x23, 0x3e, 0xe2, 0x23, 0xb5, 0xee, 0x23, 0xa6, 0x2f, 0x40, 0x49, 0x47, 0xe4,
    0x23, 0x3e, 0x52, 0xeb, 0x3e, 0xe2, 0x23, 0xb7, 0xee, 0x23, 0x75, 0xad, 0xdf, 0x0a, 0x86, 0x14, 0xfe, 0x74, 0x10,
    0x8d, 0x8f, 0xf8, 0x88, 0x8f, 0xd4, 0xb5, 0x8f, 0xe4, 0xb5, 0x8f, 0xd4, 0x77, 0x6d, 0xb8, 0x02, 0x97, 0xc0, 0x3c,
    0x35, 0xed, 0x37, 0xce, 0xe4, 0x23, 0x3e, 0xe2, 0x23, 0x75, 0xef, 0x23, 0x3e, 0x92, 0xf7, 0x76, 0x28, 0xf0, 0x48,
    0x47, 0xe4, 0x23, 0x3e, 0xe2, 0x23, 0x3e, 0xe2, 0x23, 0xb5, 0x6e, 0xa2, 0x02, 0x91, 0x44, 0x05, 0x3e, 0xe2, 0x23,
    0x36, 0xed, 0x23, 0x3e, 0xe2, 0x23, 0x38, 0x6d, 0xfd, 0x02, 0x9a, 0xc0, 0x3c, 0x35, 0xed, 0x37, 0xce, 0xe4, 0x23,
    0x3e, 0x52, 0xf7, 0x3e, 0xe2, 0x23, 0x77, 0xef, 0x23, 0x75, 0xdd, 0x9b, 0xe3, 0x80, 0xb5, 0xfa, 0x34, 0x4e, 0xfb,
    0x88, 0x8f, 0xf8, 0x48, 0x7d, 0xfb, 0x48, 0x7e, 0xfb, 0x48, 0x7d, 0xdf, 0xc6, 0x28, 0xf0, 0xac, 0x7e, 0xed, 0x23,
    0x3e, 0xe2, 0x23, 0x3e, 0xe2, 0x23, 0x76, 0x7d, 0x29, 0x9b, 0x75, 0x20, 0x0b, 0xe1, 0x07, 0xce, 0x80, 0xf9, 0x88,
    0x8f, 0xd8, 0xb8, 0x8f, 0xf8, 0x08, 0x8e, 0xfb, 0x48, 0x6d, 0xe3, 0x57, 0x60, 0x59, 0x07, 0xb2, 0x10, 0x7e, 0xe0,
    0x0c, 0x98, 0x8f, 0xf8, 0x88, 0x8d, 0xfb, 0x88, 0x8f, 0xf8, 0x88, 0x49, 0x0e, 0x54, 0x40, 0x33, 0xf4, 0x3e, 0xe2,
    0x23, 0x3e, 0x52, 0xef, 0x3e, 0x92, 0xef, 0x3e, 0x52, 0xdf, 0xbb, 0x61, 0x0e, 0x64, 0x02, 0xf3, 0xec, 0x7e, 0xe3,
    0x4c, 0x3e, 0xe2, 0x23, 0x3e, 0x62, 0xdf, 0x3e, 0xa2, 0xdf, 0x3e, 0x52, 0xe3, 0xf7, 0xb1, 0x6c, 0xd6, 0x81, 0x2c,
    0x84, 0x1f, 0x38, 0x03, 0xe6, 0x23, 0x3e, 0xe2, 0x23, 0x36, 0xee, 0x23, 0x3a, 0xee, 0x23, 0x35, 0x8e, 0x1f, 0x40,
    0x41, 0x34, 0x53, 0x84, 0x19, 0x69, 0x00, 0x24, 0x38, 0x4d, 0x65, 0xfb, 0x88, 0x8f, 0xf8, 0x88, 0x8f, 0xf0, 0x3e,
    0x62, 0x51, 0x8c, 0x13, 0xf9, 0x88, 0x8f, 0xf8, 0x88, 0x8f, 0xf8, 0x88, 0x81, 0x0e, 0x58, 0x82, 0xd3, 0x54, 0x3e,
    0xe2, 0x23, 0xbb, 0x8f, 0xd8, 0xbb, 0x8f, 0xe8, 0xbb, 0x8f, 0xd4, 0xf8, 0x6e, 0xeb, 0x03, 0x93, 0xe0, 0x34, 0x83,
    0x8f, 0xd8, 0xbc, 0x8f, 0xf8, 0x48, 0x5f, 0xfb, 0x48, 0xcd, 0xdf, 0x06, 0x1e, 0x60, 0x09, 0xcc, 0xb3, 0xfb, 0x8d,
    0x33, 0xf9, 0x88, 0x8f, 0xf8, 0x88, 0x7d, 0xfb, 0x88, 0x7e, 0xfb, 0x88, 0xbd, 0x0e, 0x6c, 0x02, 0xf3, 0xec, 0x7e,
    0xe3, 0x4c, 0x3e, 0xe2, 0x23, 0xf6, 0xed, 0x23, 0xf8, 0xed, 0x23, 0xfc, 0xed, 0x23, 0xb5, 0x7e, 0x5b, 0x6b, 0x80,
    0xe3, 0x44, 0x3e, 0xe2, 0x23, 0x3e, 0xe2, 0x23, 0x35, 0xef, 0x23, 0xa6, 0x28, 0x50, 0x09, 0xcc, 0x53, 0xd3, 0x7e,
    0xe3, 0x4c, 0x3e, 0xe2, 0x23, 0x3e, 0xe2, 0x23, 0x3e, 0x52, 0xf7, 0x26, 0x1d, 0x20, 0x09, 0x4e, 0x53, 0xd9, 0x3e,
    0xe2, 0x23, 0x3e, 0xc2, 0xfb, 0x08, 0xce, 0xfb, 0x88, 0x85, 0x45, 0x82, 0xd3, 0x54, 0xba, 0x8f, 0xf8, 0x48, 0x4d,
    0xfb, 0x88, 0x8f, 0xf8, 0x88, 0x8d, 0x06, 0x3c, 0x82, 0xd3, 0x54, 0x3e, 0xe2, 0x23, 0x3e, 0xe2, 0x23, 0xbb, 0x8f,
    0x18, 0xbf, 0xc0, 0xe4, 0x44, 0x3e, 0xe2, 0x23, 0x35, 0xef, 0x23, 0x3e, 0x72, 0xf3, 0x3e, 0x52, 0xd7, 0xbc, 0x8d,
    0x0e, 0x60, 0x82, 0xd3, 0x54, 0xba, 0x8f, 0xf8, 0x48, 0x4d, 0xfb, 0xc8, 0x4d, 0xfb, 0xc8, 0x4e, 0xfb, 0x48, 0x9d,
    0xd3, 0x07, 0x51, 0x21, 0x85, 0x3f, 0x1d, 0x44, 0xe3, 0x23, 0x3e, 0x52, 0xd7, 0x3e, 0xe2, 0x23, 0x77, 0xed, 0x23,
    0x46, 0x1d, 0x30, 0x09, 0x4e, 0x53, 0xe9, 0x3e, 0xe2, 0x23, 0x3e, 0x52, 0xd3, 0x3e, 0x92, 0xd3, 0x3e, 0x72, 0x13,
    0x15, 0x52, 0xf8, 0xd3, 0x41, 0x34, 0x3e, 0xe2, 0x23, 0x3e, 0x52, 0xd7, 0x3e, 0x92, 0xd7, 0x3e, 0x72, 0x02, 0x94,
    0x75, 0x20, 0x0b, 0xe1, 0x07, 0xce, 0x80, 0xf9, 0x88, 0x8f, 0xf8, 0x88, 0x8f, 0xf8, 0x88, 0x55, 0x07, 0x4c, 0xa2,
    0x4f, 0xe3, 0xb5, 0x8f, 0xf8, 0x88, 0x8f, 0xd4, 0xb6, 0x8f, 0xe4, 0xb6, 0x8f, 0x58, 0xac, 0xc0, 0x24, 0xfa, 0x34,
    0x5e, 0xfb, 0x88, 0x8f, 0xf8, 0x48, 0x6d, 0xfb, 0x88, 0x8f, 0xe4, 0xb6, 0x11, 0x07, 0x40, 0x4e, 0xe4, 0x23, 0x3e,
    0x52, 0xf3, 0x3e, 0xe2, 0x23, 0x37, 0xef, 0x23, 0x57, 0x52, 0x21, 0x85, 0x3f, 0x1d, 0x44, 0xe3, 0x23, 0x3e, 0xe2,
    0x23, 0x3e, 0x52, 0xd7, 0x3e, 0xd2, 0xd7, 0x67, 0x71, 0x21, 0x85, 0x3f, 0x1d, 0x44, 0xe3, 0x23, 0x3e, 0x52, 0xd7,
    0x3e, 0x72, 0xd7, 0x3e, 0xb2, 0xd7, 0x3e, 0x62, 0x89, 0x03, 0x94, 0xe0, 0x34, 0x95, 0x8f, 0xf8, 0x88, 0x8f, 0xec,
    0x3e, 0x82, 0xef, 0x3e, 0x52, 0xdb, 0xbb, 0xfd, 0x06, 0x4c, 0xab, 0x4f, 0xe3, 0xb4, 0x8f, 0xf8, 0x48, 0x7d, 0xfb,
    0x88, 0x8f, 0xdc, 0xb7, 0x8f, 0xd8, 0xe5, 0x80, 0x25, 0x51, 0x41, 0xad, 0xfb, 0x88, 0x8f, 0xf8, 0x88, 0x6d, 0xfb,
    0x88, 0x6e, 0xfb, 0x48, 0x8d, 0xdb, 0x36, 0x2f, 0x50, 0x09, 0x4e, 0x53, 0xd9, 0x3e, 0xe2, 0x23, 0xbc, 0x8f, 0xf8,
    0x88, 0xcd, 0xfb, 0x48, 0x4d, 0xf3, 0x66, 0x3e, 0x00, 0x49, 0x54, 0xe0, 0x23, 0x3e, 0xe2, 0x23, 0xfc, 0xee, 0x23,
    0xf5, 0xde, 0x5b, 0x7b, 0x40, 0xb5, 0xfa, 0x34, 0x4e, 0xfb, 0x88, 0x8f, 0xd4, 0xb7, 0x8f, 0xdc, 0xb7, 0x8f, 0xec,
    0xb7, 0x8f, 0x18, 0x7c, 0xc0, 0x24, 0x1d, 0x91, 0x8f, 0xf8, 0x48, 0xad, 0xfb, 0xc8, 0xad, 0xfb, 0xc8, 0xae, 0xfb,
    0x88, 0xbd, 0x0a, 0x40, 0x11, 0xc1, 0xf8, 0x88, 0x8f, 0xf8, 0x48, 0xef, 0x23, 0x3e, 0x82, 0xf7, 0x07, 0xb3, 0xfd,
    0xff, 0x13, 0x11, 0x82, 0xc3, 0x3c, 0xc8, 0x42, 0x0c, 0xbf, 0xc4, 0x38, 0x03, 0xef, 0x13, 0x17, 0x32, 0xd5, 0x3d,
    0x6d, 0xdc, 0x02, 0x92, 0xe0, 0x34, 0x95, 0xed, 0x23, 0x3e, 0xe2, 0x23, 0x3e, 0xc2, 0xfb, 0x08, 0xcf, 0x1b, 0x55,
    0xb3, 0xfa, 0xb5, 0x8f, 0xf8, 0x88, 0x8f, 0xf8, 0x88, 0x8f, 0x1c, 0x82, 0x65, 0x1d, 0xc8, 0x42, 0xf8, 0x81, 0x33,
    0x60, 0x3e, 0xe2, 0x23, 0x3e, 0x62, 0xe3, 0x3e, 0xe2, 0x23, 0x66, 0x3b, 0xd0, 0x48, 0x54, 0xe0, 0x23, 0xb6, 0xee,
    0x23, 0x3e, 0xe2, 0x23, 0xb6, 0x2b, 0x30, 0x49, 0x54, 0x50, 0xeb, 0x3e, 0xe2, 0x23, 0x3e, 0x62, 0xdb, 0x3e, 0xe2,
    0x23, 0xba, 0x7d, 0x03, 0xdd, 0xff, 0x3f, 0x11, 0x21, 0x38, 0xcc, 0x83, 0x2c, 0xc4, 0xf0, 0x4b, 0x8c, 0x33, 0xf8,
    0xc4, 0x85, 0x4c, 0x3e, 0xe2, 0x23, 0x3e, 0x62, 0xea, 0x03, 0x92, 0x44, 0x05, 0x3e, 0x62, 0xeb, 0x3e, 0xe2, 0x23,
    0x3d, 0xed, 0x23, 0x35, 0x6f, 0xdb, 0x17, 0x24, 0x38, 0x4d, 0x65, 0xfb, 0x88, 0x8f, 0xf0, 0x3e, 0xe2, 0x23, 0x3e,
    0x62, 0x9c, 0x01, 0xd1, 0xea, 0xdb, 0x3e, 0xe2, 0x23, 0x76, 0xee, 0x23, 0x78, 0xee, 0x23, 0x3e, 0x72, 0x1e, 0xde,
    0xff, 0x3f, 0x11, 0x21, 0x38, 0xcc, 0x83, 0x2c, 0xc4, 0xf0, 0x4b, 0x8c, 0x33, 0xd8, 0x3e, 0x71, 0x21, 0x93, 0x8f,
    0xf8, 0x08, 0xae, 0xdb, 0xf0, 0x40, 0x23, 0x51, 0x81, 0x8f, 0xf8, 0x88, 0x8f, 0xf0, 0xbb, 0x8f, 0x18, 0xba, 0x80,
    0xb4, 0xfa, 0xb5, 0x8f, 0xf8, 0x88, 0x8f, 0xf8, 0x88, 0x5d, 0xfb, 0x48, 0x4d, 0xd7, 0xe6, 0x24, 0x49, 0x47, 0xe4,
    0x33, 0x80, 0xa4, 0xf8, 0x88, 0x8f, 0xf8, 0x88, 0x8f, 0xf8, 0x88, 0xf1, 0x06, 0x40, 0x11, 0xc1, 0xf8, 0x88, 0x8f,
    0xf4, 0x3e, 0xe2, 0x23, 0x76, 0xef, 0x23, 0x96, 0x3a, 0x70, 0x01, 0xcd, 0xd0, 0xfb, 0x88, 0x8f, 0xd4, 0xbb, 0x8f,
    0xdc, 0xbb, 0x8f, 0xec, 0xbb, 0x8f, 0xd4, 0xf9, 0x6e, 0x69, 0x95, 0xc0, 0x3c, 0x35, 0xed, 0x37, 0xce, 0xe4, 0x23,
    0x3e, 0x52, 0xf7, 0x3e, 0xe2, 0x23, 0x3e, 0x62, 0x4b, 0x8f, 0xe8, 0xd3, 0x78, 0xed, 0x23, 0x3e, 0xe2, 0x23, 0x3e,
    0xe2, 0x23, 0x96, 0x1a, 0xf0, 0x48, 0xc7, 0xe2, 0x23, 0x3e, 0xe2, 0x23, 0x3e, 0x52, 0xe3, 0x3e, 0x72, 0x0d, 0x13,
    0x52, 0xf8, 0xd3, 0x41, 0x34, 0x3e, 0xe2, 0x23, 0x3e, 0xe2, 0x23, 0x75, 0xed, 0x23, 0xa6, 0xf4, 0x08, 0x4e, 0x53,
    0xe9, 0x3e, 0xe2, 0x23, 0x3e, 0xe2, 0x23, 0x3e, 0x72, 0x15, 0x61, 0xf0, 0xff, 0x4f, 0x44, 0x08, 0x0e, 0xf3, 0x20,
    0x0b, 0x31, 0xfc, 0x12, 0xe3, 0x0c, 0x3e, 0x71, 0x21, 0x93, 0x8f, 0xd8, 0xba, 0x8f, 0xe8, 0xba, 0x8f, 0x98, 0x6f,
    0xc0, 0x24, 0xfa, 0x34, 0x5e, 0xfb, 0x88, 0x8f, 0xd4, 0xb6, 0x8f, 0xf8, 0xc8, 0x6d, 0xfb, 0x88, 0xb1, 0x45, 0x12,
    0x15, 0xd4, 0xba, 0x8f, 0xf8, 0x88, 0x6d, 0xfb, 0x88, 0x8f, 0xf8, 0x88, 0x85, 0x0a, 0x5c, 0x02, 0xf3, 0xd4, 0xb4,
    0xdf, 0x38, 0x93, 0x8f, 0xf8, 0x48, 0xdd, 0xfb, 0x88, 0x8f, 0xf8, 0xc8, 0xdd, 0xdb, 0x76, 0x00, 0xe4, 0x44, 0x3e,
    0xe2, 0x23, 0x3e, 0x52, 0xf3, 0x3e, 0x92, 0xf3, 0x3e, 0x62, 0xa8, 0x01, 0xd1, 0xea, 0xd3, 0x38, 0xed, 0x23, 0x3e,
    0xe2, 0x23, 0x3e, 0x52, 0xdf, 0x3e, 0x72, 0x06, 0xdc, 0xff, 0x3f, 0x11, 0x21, 0x38, 0xcc, 0x83, 0x2c, 0xc4, 0xf0,
    0x4b, 0x8c, 0x33, 0xd8, 0x3e, 0x71, 0x21, 0x93, 0x8f, 0xf8, 0xc8, 0x7d, 0x54, 0x48, 0xe1, 0x4f, 0x07, 0xd1, 0xf8,
    0x88, 0x8f, 0xf8, 0x48, 0x5d, 0xfb, 0x88, 0x8f, 0xe4, 0xb5, 0xb5, 0x51, 0x02, 0xf3, 0xec, 0x7e, 0xe3, 0x4c, 0x3e,
    0xe2, 0x23, 0xf6, 0xed, 0x23, 0x3e, 0xe2, 0x23, 0xa7, 0x12, 0x06, 0xff, 0xff, 0x44, 0x84, 0xe0, 0x30, 0x0f, 0xb2,
    0x10, 0xc3, 0x2f, 0x31, 0xce, 0x60, 0xfb, 0xc4, 0x85, 0x4c, 0x3e, 0x82, 0xeb, 0x3e, 0x52, 0xdb, 0xba, 0x79, 0x0a,
    0x44, 0xd2, 0x11, 0xf9, 0x88, 0x8f, 0xd4, 0xba, 0x8f, 0xf8, 0x88, 0x8f, 0xdc, 0xba, 0x6d, 0x0a, 0x4c, 0xab, 0x4f,
    0xe3, 0xb4, 0x8f, 0xf8, 0x48, 0x7d, 0xfb, 0x88, 0x8f, 0xf8, 0xc8, 0x7d, 0xdb, 0xa7, 0x80, 0x04, 0x34, 0x43, 0xef,
    0x23, 0x3e, 0x52, 0xef, 0x3e, 0xe2, 0x23, 0x3e, 0x72, 0xef, 0x66, 0x2b, 0x20, 0x01, 0xcd, 0xd0, 0xfb, 0x88, 0x8f,
    0xf8, 0x48, 0xbd, 0xfb, 0x88, 0x8f, 0xe4, 0xbb, 0xbd, 0x07, 0x60, 0xd2, 0x11, 0xf9, 0x0c, 0x20, 0x29, 0x3e, 0xe2,
    0x23, 0x75, 0xee, 0x23, 0x77, 0xee, 0x23, 0x7b, 0xee, 0x23, 0xd6, 0x3e, 0xa0, 0x4d, 0x4e, 0xe0, 0x38, 0x8b, 0xdf,
    0x38, 0x93, 0xee, 0x23, 0x3e, 0x82, 0xeb, 0x3e, 0xd2, 0xdb, 0x3e, 0x52, 0xf3, 0xb8, 0xa1, 0x07, 0x4c, 0x82, 0xd3,
    0x54, 0x3e, 0xe2, 0x23, 0xbb, 0x8f, 0xd8, 0xbb, 0x8f, 0xe8, 0xbb, 0x8f, 0x98, 0x7c, 0x80, 0xe4, 0x44, 0x3e, 0xe2,
    0x23, 0x35, 0xef, 0x23, 0x37, 0xef, 0x23, 0x3b, 0xef, 0x23, 0x66, 0x1f, 0x50, 0x49, 0x54, 0x50, 0xeb, 0x3e, 0xe2,
    0x23, 0xb6, 0xed, 0x23, 0xb8, 0xed, 0x23, 0xbc, 0xed, 0x23, 0xd7, 0x81, 0x59, 0x07, 0xb2, 0x10, 0x7e, 0xe0, 0x0c,
    0x98, 0x8f, 0xf8, 0x88, 0x8d, 0xfb, 0x88, 0x8f, 0xf8, 0x08, 0x8e, 0x9b, 0xb3, 0x80, 0xe4, 0x44, 0x3e, 0xe2, 0x23,
    0x35, 0xef, 0x23, 0x37, 0xef, 0x23, 0x3e, 0xb2, 0xf3, 0x56, 0x39, 0x40, 0x49, 0x54, 0xe0, 0x23, 0x3e, 0xe2, 0x23,
    0x36, 0xed, 0x23, 0x3a, 0xed, 0x23, 0x35, 0x4e, 0xdb, 0xb3, 0x40, 0x26, 0x30, 0x4f, 0x4d, 0xfb, 0x8d, 0x33, 0xf9,
    0x88, 0x8f, 0xd4, 0xbd, 0x8f, 0xdc, 0xbd, 0x8f, 0xf8, 0xc8, 0xde, 0xdb, 0x6e, 0x80, 0x24, 0x38, 0x4d, 0x65, 0xfb,
    0x88, 0x8f, 0xf0, 0x3e, 0xe2, 0x23, 0x36, 0xef, 0x23, 0x86, 0x3d, 0x80, 0x4d, 0x4e, 0xe0, 0x38, 0x8b, 0xdf, 0x38,
    0x93, 0xee, 0x23, 0xf6, 0xee, 0x23, 0x3e, 0xe2, 0x23, 0xb5, 0xde, 0x1b, 0xf3, 0x00, 0x24, 0x38, 0xcd, 0xe0, 0x23,
    0x3e, 0x82, 0xf3, 0x3e, 0xd2, 0xe3, 0x3e, 0x62, 0xf7, 0x01, 0x98, 0xc0, 0x3c, 0xbb, 0xdf, 0x38, 0x93, 0x8f, 0xf8,
    0x88, 0x7d, 0xfb, 0x08, 0x7e, 0xfb, 0x08, 0x7f, 0xfb, 0x88, 0xed, 0x0e, 0x38, 0x82, 0xd3, 0x0c, 0x3e, 0xe2, 0x23,
    0x38, 0xef, 0x23, 0x3e, 0x62, 0xf8, 0x01, 0xd3, 0xea, 0xdb, 0x3e, 0xe2, 0x23, 0x76, 0xee, 0x23, 0x78, 0xee, 0x23,
    0x7c, 0xee, 0x23, 0x86, 0x19, 0x10, 0x49, 0x54, 0xe0, 0x23, 0x3e, 0x62, 0xd3, 0x3e, 0x82, 0xd3, 0x3e, 0xe2, 0x23,
    0x26, 0x3a, 0x50, 0x45, 0x04, 0xe3, 0x23, 0x3e, 0xd2, 0xfb, 0x88, 0xdd, 0xfb, 0x88, 0xde, 0xfb, 0x48, 0x8d, 0xf7,
    0xe7, 0xa2, 0x21, 0x85, 0x3f, 0x1d, 0x44, 0xe3, 0x23, 0x3e, 0x52, 0xd7, 0x3e, 0x72, 0xd7, 0x3e, 0xb2, 0xd7, 0x3e,
    0x52, 0xe7, 0xb5, 0x9d, 0x0b, 0x48, 0x12, 0x15, 0xf8, 0x88, 0x8f, 0xf8, 0x88, 0x8f, 0xd8, 0xb4, 0x8f, 0xd4, 0x34,
    0x6d, 0x96, 0x02, 0x91, 0xe0, 0x34, 0x95, 0x8f, 0xf8, 0xc8, 0xee, 0x23, 0x3e, 0xe2, 0x23, 0xf6, 0x6e, 0xfb, 0x02,
    0x15, 0xd0, 0x0c, 0xbd, 0x8f, 0xf8, 0x48, 0xbd, 0xfb, 0x88, 0x8f, 0xdc, 0xbb, 0x8f, 0xd4, 0xf5, 0x6e, 0x99, 0x01,
    0xd1, 0xea, 0xd7, 0x3e, 0xe2, 0x23, 0x76, 0xed, 0x23, 0x78, 0xed, 0x23, 0x3e, 0x72, 0x0e, 0x96, 0x75, 0x20, 0x0b,
    0xe1, 0x07, 0xce, 0x80, 0xf9, 0x88, 0x8f, 0xf8, 0x88, 0x8f, 0xd8, 0xb8, 0x8f, 0xd8, 0xf9, 0x40, 0x24, 0x38, 0xcd,
    0xe0, 0x23, 0x3e, 0xe2, 0x23, 0x3c, 0xef, 0x23, 0x35, 0x4f, 0xdb, 0x77, 0xc0, 0x24, 0x51, 0x41, 0xad, 0xfb, 0x88,
    0x8f, 0xf8, 0x88, 0x6d, 0xfb, 0x88, 0x6e, 0xfb, 0x88, 0x05, 0x0a, 0x38, 0x11, 0xc1, 0xf8, 0x88, 0x8f, 0xf8, 0x88,
    0x8f, 0xf8, 0x48, 0x6f, 0x99, 0x03, 0xd4, 0xea, 0xdb, 0x3e, 0xe2, 0x23, 0x3e, 0x62, 0xe7, 0x3e, 0xa2, 0xe7, 0x3e,
    0x52, 0xe3, 0xb9, 0xa9, 0x0e, 0x54, 0x4e, 0xe4, 0x23, 0x3e, 0x52, 0xf3, 0x3e, 0x72, 0xf3, 0x3e, 0xb2, 0xf3, 0x3e,
    0x52, 0xe7, 0xfc, 0x31, 0x68, 0xff, 0xff, 0x44, 0x84, 0xe0, 0x30, 0x0f, 0xb2, 0x10, 0xc3, 0x2f, 0x31, 0xce, 0x80,
    0xfb, 0xc4, 0x85, 0x4c, 0x3e, 0x62, 0xe1, 0x01, 0xd1, 0xea, 0xdb, 0x3e, 0xe2, 0x23, 0x3e, 0x62, 0xe7, 0x3e, 0xa2,
    0xe7, 0x3e, 0x62, 0xa8, 0x03, 0x96, 0x74, 0x44, 0x3e, 0xe2, 0x23, 0xb5, 0xee, 0x23, 0xb7, 0xee, 0x23, 0xbb, 0xee,
    0x23, 0x75, 0xae, 0x9b, 0xf0, 0x40, 0x35, 0x39, 0x81, 0xe3, 0x2c, 0x7e, 0xe3, 0x4c, 0xba, 0x8f, 0xf8, 0x88, 0x8f,
    0xf0, 0xba, 0x8f, 0xd8, 0x9f, 0xe3, 0x44, 0x3e, 0xe2, 0x23, 0x3e, 0x52, 0xf3, 0x3e, 0xe2, 0x23, 0x16, 0x18, 0xf0,
    0x48, 0x54, 0xe0, 0x23, 0x3e, 0xe2, 0x23, 0x36, 0xed, 0x23, 0x3e, 0x62, 0x65, 0x94, 0x74, 0x44, 0x3e, 0x03, 0x48,
    0x8a, 0x8f, 0xf8, 0x48, 0x9d, 0xfb, 0x88, 0x8f, 0xf8, 0x88, 0x09, 0x0a, 0x44, 0x82, 0xd3, 0x54, 0xba, 0x8f, 0xf8,
    0x88, 0x8f, 0xf8, 0x88, 0x8f, 0xd4, 0xb4, 0xe5, 0x45, 0xa2, 0x4f, 0xe3, 0xb5, 0x8f, 0xf8, 0x88, 0x8f, 0xd4, 0xb6,
    0x8f, 0xf8, 0x88, 0x0d, 0x0a, 0x44, 0xa2, 0x4f, 0xe3, 0xb5, 0x8f, 0xf8, 0x88, 0x8f, 0xf8, 0x88, 0x8f, 0xd4, 0xf6,
    0x99, 0x64, 0xd6, 0x81, 0x2c, 0x84, 0x1f, 0x38, 0x03, 0xe6, 0x23, 0x3e, 0xe2, 0x23, 0x3e, 0x62, 0xe3, 0x3e, 0x52,
    0xd3, 0xb8, 0xc1, 0x0a, 0x4c, 0x82, 0xd3, 0x54, 0xba, 0x8f, 0xf8, 0x88, 0x8f, 0xd4, 0xb4, 0x8f, 0xf8, 0x48, 0x4e,
    0xdb, 0xbf, 0x00, 0xb5, 0xfa, 0xb5, 0x8f, 0xf8, 0x88, 0x5d, 0xfb, 0x88, 0x8f, 0xe0, 0xb5, 0x8f, 0xd4, 0x76, 0x6d,
    0x8d, 0x02, 0x91, 0x44, 0x05, 0xb5, 0xee, 0x23, 0x3e, 0xe2, 0x23, 0x3e, 0xe2, 0x23, 0xb6, 0x6d, 0xb3, 0x02, 0x91,
    0x74, 0x2c, 0x3e, 0xe2, 0x23, 0x3e, 0x52, 0xe3, 0x3e, 0xe2, 0x23, 0x39, 0x6e, 0xd8, 0x01, 0x96, 0x74, 0x44, 0x3e,
    0x03, 0x48, 0x8a, 0x8f, 0xf8, 0x88, 0x8f, 0xd4, 0xb9, 0x8f, 0xe4, 0xb9, 0x8f, 0x18, 0xb4, 0xc0, 0x24, 0x51, 0x81,
    0x8f, 0xf8, 0x88, 0x4d, 0xfb, 0x08, 0x4e, 0xfb, 0x88, 0x8f, 0xf0, 0xb4, 0x79, 0x0b, 0x4c, 0x82, 0xd3, 0x54, 0xba,
    0x8f, 0xf8, 0x88, 0x8f, 0xf8, 0x48, 0x4d, 0xfb, 0x48, 0x4f, 0x9b, 0xb8, 0x80, 0x25, 0x1d, 0x91, 0xcf, 0x00, 0x92,
    0xe2, 0x23, 0x3e, 0xe2, 0x23, 0x3e, 0x52, 0xe7, 0x3e, 0xd2, 0xe7, 0x26, 0x3e, 0x30, 0x09, 0x4e, 0x33, 0xf8, 0x88,
    0xcd, 0xfb, 0x48, 0x5e, 0xfb, 0x88, 0x8f, 0xd4, 0xfb, 0x6e, 0x60, 0x4e, 0x44, 0x30, 0x3e, 0xe2, 0x23, 0xbd, 0x8f,
    0xf8, 0x88, 0x8f, 0x98, 0xb2, 0xc0, 0x24, 0x1d, 0x8b, 0x8f, 0xf8, 0x48, 0x8d, 0xfb, 0xc8, 0x8d, 0xfb, 0x88, 0x8f,
    0xec, 0xb8, 0xd5, 0x0a, 0x44, 0xd2, 0x11, 0xf9, 0x88, 0x8f, 0xf8, 0x48, 0xad, 0xfb, 0x88, 0x8f, 0xe4, 0xba, 0x11,
    0x0f, 0x38, 0x82, 0xd3, 0x0c, 0x3e, 0xe2, 0x23, 0x3e, 0xc2, 0xf3, 0x3e, 0x62, 0xc8, 0x03, 0x90, 0xe0, 0x34, 0x83,
    0x8f, 0xd8, 0xbc, 0x8f, 0xf8, 0x48, 0x5f, 0xfb, 0x88, 0x29, 0x0f, 0x5c, 0x93, 0x13, 0x38, 0xce, 0xe2, 0x37, 0xce,
    0xa4, 0xfb, 0x88, 0x8f, 0xe0, 0xba, 0x8f, 0xf4, 0xb6, 0x8f, 0x5c, 0x04, 0x66, 0x1d, 0xc8, 0x42, 0xf8, 0x81, 0x33,
    0x60, 0x3e, 0xe2, 0x23, 0x36, 0xee, 0x23, 0x3e, 0x82, 0xe3, 0x3e, 0x62, 0xe0, 0x02, 0xd3, 0xea, 0xd3, 0x38, 0xed,
    0x23, 0x3e, 0xe2, 0x23, 0x3e, 0x52, 0xdf, 0x3e, 0xd2, 0xdf, 0x46, 0x2e, 0x20, 0x01, 0xcd, 0xd0, 0xfb, 0x88, 0x8f,
    0xf8, 0x88, 0x8f, 0xd4, 0xbb, 0x8f, 0xf4, 0xbb, 0xcd, 0x07, 0x64, 0x02, 0xf3, 0xd4, 0xb4, 0xdf, 0x38, 0x93, 0x8f,
    0xf8, 0x48, 0xdd, 0xfb, 0xc8, 0xdd, 0xfb, 0xc8, 0xde, 0xfb, 0x88, 0x81, 0x0f, 0x68, 0x93, 0x13, 0x38, 0xce, 0xe2,
    0x37, 0xce, 0xa4, 0xfb, 0x88, 0xbd, 0xfb, 0x48, 0x4e, 0xfb, 0x88, 0x8f, 0xd4, 0x7b, 0x6e, 0xd6, 0x03, 0x8f, 0xe0,
    0x34, 0x83, 0x8f, 0xf8, 0x88, 0x8f, 0xf8, 0x48, 0xad, 0xf3, 0xc6, 0x2c, 0x30, 0x49, 0x47, 0xe4, 0x23, 0x3e, 0x52,
    0xeb, 0x3e, 0x72, 0xeb, 0x3e, 0xe2, 0x23, 0xbb, 0x6e, 0xac, 0x03, 0x96, 0x44, 0x05, 0x3e, 0xe2, 0x23, 0x36, 0xed,
    0x23, 0x38, 0xed, 0x23, 0x3c, 0xed, 0x23, 0xb5, 0x4e, 0x5b, 0xe3, 0x80, 0x25, 0xfa, 0x34, 0x5e, 0xfb, 0x88, 0x8f,
    0xf8, 0x48, 0x6d, 0xfb, 0x48, 0x6e, 0xfb, 0x48, 0x7d, 0xdb, 0xe6, 0x3c, 0x90, 0x4d, 0x4e, 0xe0, 0x38, 0x8b, 0xdf,
    0x38, 0x93, 0xee, 0x23, 0xf6, 0xee, 0x23, 0x39, 0xed, 0x23, 0xbd, 0xee, 0x23, 0x06, 0x3d, 0x20, 0x09, 0x4e, 0x33,
    0xf8, 0x88, 0xcd, 0xfb, 0x48, 0x5e, 0xfb, 0x48, 0xbf, 0xfb, 0x88, 0xad, 0x0b, 0x48, 0xab, 0x6f, 0xfb, 0x88, 0x8f,
    0xf8, 0x88, 0x8f, 0xd8, 0xb9, 0x8f, 0xd4, 0x74, 0x7e, 0x18, 0xd8, 0xff, 0x3f, 0x11, 0x21, 0x38, 0xcc, 0x83, 0x2c,
    0xc4, 0xf0, 0x4b, 0x8c, 0x33, 0xf0, 0x3e, 0x71, 0x21, 0x93, 0xcd, 0x0f, 0x54, 0x82, 0xd3, 0x0c, 0x3e, 0x62, 0xf3,
    0x3e, 0x92, 0xd7, 0x3e, 0xd2, 0xef, 0x3e, 0x52, 0xf3, 0xbd, 0x79, 0x0f, 0x44, 0x82, 0xd3, 0x0c, 0x3e, 0xe2, 0x23,
    0x38, 0xef, 0x23, 0x3e, 0x52, 0xef, 0xb8, 0x09, 0x0e, 0x50, 0xab, 0x6f, 0xfb, 0x88, 0x8f, 0xd8, 0xb9, 0x8f, 0xf8,
    0x08, 0x9e, 0xfb, 0x48, 0x6d, 0xe7, 0xa6, 0x19, 0x30, 0x49, 0x54, 0x50, 0xeb, 0x3e, 0xe2, 0x23, 0xb6, 0xed, 0x23,
    0xb8, 0xed, 0x23, 0x3e, 0x62, 0xde, 0x01, 0xd1, 0xea, 0xd7, 0x3e, 0xe2, 0x23, 0x3e, 0x62, 0xd7, 0x3e, 0xa2, 0xd7,
    0x3e, 0x72, 0x1a, 0x96, 0x75, 0x20, 0x0b, 0xe1, 0x07, 0xce, 0x80, 0xf9, 0x88, 0x8f, 0xf8, 0x88, 0x8f, 0xf8, 0x88,
    0x8d, 0x9b, 0xd4, 0x24, 0x30, 0x4f, 0x4d, 0xfb, 0x8d, 0x33, 0xf9, 0x88, 0x8f, 0xf8, 0x88, 0x8f, 0xf8, 0x88, 0xe9,
    0x0a, 0x44, 0xab, 0x5f, 0xfb, 0x88, 0x8f, 0xf8, 0x88, 0x5d, 0xfb, 0x88, 0x8f, 0xe8, 0xb5, 0x6d, 0x06, 0x58, 0x02,
    0xf3, 0xec, 0x7e, 0xe3, 0x4c, 0x3e, 0xe2, 0x23, 0xf6, 0xed, 0x23, 0xf8, 0xed, 0x23, 0x3e, 0x62, 0xc9, 0x01, 0x96,
    0xc0, 0x3c, 0xbb, 0xdf, 0x38, 0x93, 0x8f, 0xf8, 0x88, 0x7d, 0xfb, 0x88, 0x8f, 0xe0, 0xb7, 0x8f, 0x58, 0xa9, 0x80,
    0x25, 0x30, 0xcf, 0xee, 0x37, 0xce, 0xe4, 0x23, 0x3e, 0x62, 0xdf, 0x3e, 0xe2, 0x23, 0x3e, 0x82, 0xdf, 0xa6, 0x38,
    0x50, 0x09, 0x4e, 0x53, 0xd9, 0x3e, 0xe2, 0x23, 0x3e, 0xc2, 0xfb, 0x08, 0xce, 0xfb, 0x48, 0x6d, 0xf3, 0xe6, 0x1a,
    0x50, 0x09, 0xcc, 0x53, 0xd3, 0x7e, 0xe3, 0x4c, 0x3e, 0xe2, 0x23, 0x3e, 0xe2, 0x23, 0x75, 0xef, 0x23, 0x06, 0x3b,
    0x60, 0xad, 0xbe, 0xed, 0x23, 0x3e, 0x62, 0xe7, 0x3e, 0x82, 0xe7, 0x3e, 0xc2, 0xe7, 0x3e, 0x52, 0xeb, 0xb9, 0x15,
    0x0a, 0x3c, 0xd2, 0xb1, 0xf8, 0x88, 0x8f, 0xf8, 0x88, 0x8f, 0xf8, 0x48, 0x8d, 0x03, 0x00, 0x00, 0x01, 0x31, 0x00,
    0x00, 0x14, 0x00, 0x00, 0x00, 0x5b, 0x06, 0x4c, 0x3a, 0xb6, 0x0c, 0x72, 0x20, 0x1d, 0x5b, 0x06, 0x56, 0x90, 0x8e,
    0x2d, 0x83, 0x39, 0x48, 0xc7, 0x96, 0x01, 0x24, 0xa4, 0x63, 0xcb, 0xa0, 0x13, 0xd2, 0xb1, 0x65, 0xa0, 0x0b, 0xe9,
    0xd8, 0x32, 0xb8, 0x86, 0x74, 0x6c, 0x19, 0xd0, 0x43, 0x3a, 0xb6, 0x0c, 0x22, 0x22, 0x1d, 0x5b, 0x06, 0x1e, 0x91,
    0x8e, 0x2d, 0x83, 0x9d, 0x48, 0xc7, 0x96, 0x01, 0x56, 0xa4, 0x63, 0xcb, 0xa0, 0x2e, 0xd2, 0xb1, 0x65, 0x20, 0x19,
    0xe9, 0xd8, 0x32, 0xf8, 0x8c, 0x74, 0x00, 0x00, 0x00, 0x00, 0x00, 0x00, 0x00, 0x71, 0x20, 0x00, 0x00, 0x1c, 0x00,
    0x00, 0x00, 0x32, 0x0e, 0x10, 0x22, 0x84, 0x00, 0xb3, 0x07, 0x58, 0xf0, 0x9f, 0x80, 0x06, 0xb8, 0x0b, 0x78, 0xa0,
    0xce, 0x80, 0x08, 0xc7, 0x0e, 0x98, 0x90, 0x09, 0x81, 0x0b, 0xa8, 0x10, 0xc8, 0x60, 0x18, 0x81, 0x0d, 0xce, 0x12,
    0xe8, 0x60, 0x4f, 0x81, 0x0f, 0xb1, 0x18, 0x08, 0x51, 0x09, 0x82, 0x11, 0xd5, 0x31, 0x28, 0x81, 0x2a, 0x83, 0x13,
    0xd4, 0x33, 0x48, 0x11, 0x5d, 0x83, 0x15, 0xc9, 0x38, 0x68, 0x41, 0xf9, 0x83, 0x17, 0xf5, 0x4d, 0x88, 0x31, 0xee,
    0x84, 0x19, 0xd2, 0x50, 0xa8, 0x91, 0x3b, 0x85, 0x1b, 0xd0, 0x57, 0xc8, 0xf1, 0x0f, 0x86, 0x1d, 0xfd, 0x75, 0xe8,
    0xe1, 0x6d, 0x87, 0x1f, 0xaa, 0x78, 0x08, 0xa2, 0xad, 0x87, 0x21, 0x9e, 0x7e, 0x28, 0xb2, 0x68, 0x18, 0x00, 0x00,
    0x00, 0x00, 0x00, 0x00, 0x65, 0x0c, 0x00, 0x00, 0xeb, 0x00, 0x00, 0x00, 0x12, 0x03, 0x94, 0x60, 0x07, 0x00, 0x00,
    0x00, 0x03, 0x00, 0x00, 0x00, 0xe6, 0x02, 0x00, 0x00, 0x06, 0x00, 0x00, 0x00, 0x4c, 0x00, 0x00, 0x00, 0x01, 0x00,
    0x00, 0x00, 0x58, 0x00, 0x00, 0x00, 0x00, 0x00, 0x00, 0x00, 0x58, 0x00, 0x00, 0x00, 0x23, 0x00, 0x00, 0x00, 0xa0,
    0x03, 0x00, 0x00, 0x00, 0x00, 0x00, 0x00, 0xec, 0x02, 0x00, 0x00, 0x16, 0x00, 0x00, 0x00, 0x02, 0x03, 0x00, 0x00,
    0x09, 0x00, 0x00, 0x00, 0x25, 0x00, 0x00, 0x00, 0x00, 0x00, 0x00, 0x00, 0xa0, 0x03, 0x00, 0x00, 0x00, 0x00, 0x00,
    0x00, 0x00, 0x00, 0x00, 0x00, 0x23, 0x00, 0x00, 0x00, 0x00, 0x00, 0x00, 0x00, 0x00, 0x00, 0x00, 0x00, 0x25, 0x00,
    0x00, 0x00, 0x00, 0x00, 0x00, 0x00, 0x25, 0x00, 0x00, 0x00, 0xff, 0xff, 0xff, 0xff, 0x00, 0x24, 0x00, 0x00, 0x25,
    0x00, 0x00, 0x00, 0x12, 0x00, 0x00, 0x00, 0x25, 0x00, 0x00, 0x00, 0x12, 0x00, 0x00, 0x00, 0xff, 0xff, 0xff, 0xff,
    0x08, 0x24, 0x00, 0x00, 0x37, 0x00, 0x00, 0x00, 0x12, 0x00, 0x00, 0x00, 0x37, 0x00, 0x00, 0x00, 0x12, 0x00, 0x00,
    0x00, 0xff, 0xff, 0xff, 0xff, 0x08, 0x24, 0x00, 0x00, 0x49, 0x00, 0x00, 0x00, 0x12, 0x00, 0x00, 0x00, 0x49, 0x00,
    0x00, 0x00, 0x12, 0x00, 0x00, 0x00, 0xff, 0xff, 0xff, 0xff, 0x08, 0x24, 0x00, 0x00, 0x5b, 0x00, 0x00, 0x00, 0x12,
    0x00, 0x00, 0x00, 0x5b, 0x00, 0x00, 0x00, 0x12, 0x00, 0x00, 0x00, 0xff, 0xff, 0xff, 0xff, 0x08, 0x24, 0x00, 0x00,
    0x6d, 0x00, 0x00, 0x00, 0x24, 0x00, 0x00, 0x00, 0x6d, 0x00, 0x00, 0x00, 0x24, 0x00, 0x00, 0x00, 0xff, 0xff, 0xff,
    0xff, 0x00, 0x24, 0x00, 0x00, 0x91, 0x00, 0x00, 0x00, 0x24, 0x00, 0x00, 0x00, 0x91, 0x00, 0x00, 0x00, 0x24, 0x00,
    0x00, 0x00, 0xff, 0xff, 0xff, 0xff, 0x00, 0x24, 0x00, 0x00, 0xb5, 0x00, 0x00, 0x00, 0x24, 0x00, 0x00, 0x00, 0xb5,
    0x00, 0x00, 0x00, 0x24, 0x00, 0x00, 0x00, 0xff, 0xff, 0xff, 0xff, 0x00, 0x24, 0x00, 0x00, 0xd9, 0x00, 0x00, 0x00,
    0x24, 0x00, 0x00, 0x00, 0xd9, 0x00, 0x00, 0x00, 0x24, 0x00, 0x00, 0x00, 0xff, 0xff, 0xff, 0xff, 0x00, 0x24, 0x00,
    0x00, 0xfd, 0x00, 0x00, 0x00, 0x15, 0x00, 0x00, 0x00, 0xfd, 0x00, 0x00, 0x00, 0x15, 0x00, 0x00, 0x00, 0xff, 0xff,
    0xff, 0xff, 0x00, 0x24, 0x00, 0x00, 0x12, 0x01, 0x00, 0x00, 0x0c, 0x00, 0x00, 0x00, 0x12, 0x01, 0x00, 0x00, 0x0c,
    0x00, 0x00, 0x00, 0xff, 0xff, 0xff, 0xff, 0x08, 0x2c, 0x00, 0x00, 0x1e, 0x01, 0x00, 0x00, 0x12, 0x00, 0x00, 0x00,
    0x1e, 0x01, 0x00, 0x00, 0x12, 0x00, 0x00, 0x00, 0xff, 0xff, 0xff, 0xff, 0x00, 0x24, 0x00, 0x00, 0x30, 0x01, 0x00,
    0x00, 0x13, 0x00, 0x00, 0x00, 0x30, 0x01, 0x00, 0x00, 0x13, 0x00, 0x00, 0x00, 0xff, 0xff, 0xff, 0xff, 0x00, 0x24,
    0x00, 0x00, 0x43, 0x01, 0x00, 0x00, 0x13, 0x00, 0x00, 0x00, 0x43, 0x01, 0x00, 0x00, 0x13, 0x00, 0x00, 0x00, 0xff,
    0xff, 0xff, 0xff, 0x00, 0x24, 0x00, 0x00, 0x56, 0x01, 0x00, 0x00, 0x13, 0x00, 0x00, 0x00, 0x56, 0x01, 0x00, 0x00,
    0x13, 0x00, 0x00, 0x00, 0xff, 0xff, 0xff, 0xff, 0x00, 0x24, 0x00, 0x00, 0x69, 0x01, 0x00, 0x00, 0x13, 0x00, 0x00,
    0x00, 0x69, 0x01, 0x00, 0x00, 0x13, 0x00, 0x00, 0x00, 0xff, 0xff, 0xff, 0xff, 0x00, 0x24, 0x00, 0x00, 0x7c, 0x01,
    0x00, 0x00, 0x14, 0x00, 0x00, 0x00, 0x7c, 0x01, 0x00, 0x00, 0x14, 0x00, 0x00, 0x00, 0xff, 0xff, 0xff, 0xff, 0x00,
    0x24, 0x00, 0x00, 0x90, 0x01, 0x00, 0x00, 0x12, 0x00, 0x00, 0x00, 0x90, 0x01, 0x00, 0x00, 0x12, 0x00, 0x00, 0x00,
    0xff, 0xff, 0xff, 0xff, 0x00, 0x24, 0x00, 0x00, 0xa2, 0x01, 0x00, 0x00, 0x13, 0x00, 0x00, 0x00, 0xa2, 0x01, 0x00,
    0x00, 0x13, 0x00, 0x00, 0x00, 0xff, 0xff, 0xff, 0xff, 0x00, 0x24, 0x00, 0x00, 0xb5, 0x01, 0x00, 0x00, 0x13, 0x00,
    0x00, 0x00, 0xb5, 0x01, 0x00, 0x00, 0x13, 0x00, 0x00, 0x00, 0xff, 0xff, 0xff, 0xff, 0x00, 0x24, 0x00, 0x00, 0xc8,
    0x01, 0x00, 0x00, 0x13, 0x00, 0x00, 0x00, 0xc8, 0x01, 0x00, 0x00, 0x13, 0x00, 0x00, 0x00, 0xff, 0xff, 0xff, 0xff,
    0x00, 0x24, 0x00, 0x00, 0xdb, 0x01, 0x00, 0x00, 0x13, 0x00, 0x00, 0x00, 0xdb, 0x01, 0x00, 0x00, 0x13, 0x00, 0x00,
    0x00, 0xff, 0xff, 0xff, 0xff, 0x00, 0x24, 0x00, 0x00, 0xee, 0x01, 0x00, 0x00, 0x14, 0x00, 0x00, 0x00, 0xee, 0x01,
    0x00, 0x00, 0x14, 0x00, 0x00, 0x00, 0xff, 0xff, 0xff, 0xff, 0x00, 0x24, 0x00, 0x00, 0x02, 0x02, 0x00, 0x00, 0x12,
    0x00, 0x00, 0x00, 0x02, 0x02, 0x00, 0x00, 0x12, 0x00, 0x00, 0x00, 0xff, 0xff, 0xff, 0xff, 0x00, 0x24, 0x00, 0x00,
    0x14, 0x02, 0x00, 0x00, 0x13, 0x00, 0x00, 0x00, 0x14, 0x02, 0x00, 0x00, 0x13, 0x00, 0x00, 0x00, 0xff, 0xff, 0xff,
    0xff, 0x00, 0x24, 0x00, 0x00, 0x27, 0x02, 0x00, 0x00, 0x13, 0x00, 0x00, 0x00, 0x27, 0x02, 0x00, 0x00, 0x13, 0x00,
    0x00, 0x00, 0xff, 0xff, 0xff, 0xff, 0x00, 0x24, 0x00, 0x00, 0x3a, 0x02, 0x00, 0x00, 0x13, 0x00, 0x00, 0x00, 0x3a,
    0x02, 0x00, 0x00, 0x13, 0x00, 0x00, 0x00, 0xff, 0xff, 0xff, 0xff, 0x00, 0x24, 0x00, 0x00, 0x4d, 0x02, 0x00, 0x00,
    0x13, 0x00, 0x00, 0x00, 0x4d, 0x02, 0x00, 0x00, 0x13, 0x00, 0x00, 0x00, 0xff, 0xff, 0xff, 0xff, 0x00, 0x24, 0x00,
    0x00, 0x60, 0x02, 0x00, 0x00, 0x14, 0x00, 0x00, 0x00, 0x60, 0x02, 0x00, 0x00, 0x14, 0x00, 0x00, 0x00, 0xff, 0xff,
    0xff, 0xff, 0x00, 0x24, 0x00, 0x00, 0x74, 0x02, 0x00, 0x00, 0x12, 0x00, 0x00, 0x00, 0x74, 0x02, 0x00, 0x00, 0x12,
    0x00, 0x00, 0x00, 0xff, 0xff, 0xff, 0xff, 0x00, 0x24, 0x00, 0x00, 0x86, 0x02, 0x00, 0x00, 0x13, 0x00, 0x00, 0x00,
    0x86, 0x02, 0x00, 0x00, 0x13, 0x00, 0x00, 0x00, 0xff, 0xff, 0xff, 0xff, 0x00, 0x24, 0x00, 0x00, 0x99, 0x02, 0x00,
    0x00, 0x13, 0x00, 0x00, 0x00, 0x99, 0x02, 0x00, 0x00, 0x13, 0x00, 0x00, 0x00, 0xff, 0xff, 0xff, 0xff, 0x00, 0x24,
    0x00, 0x00, 0xac, 0x02, 0x00, 0x00, 0x13, 0x00, 0x00, 0x00, 0xac, 0x02, 0x00, 0x00, 0x13, 0x00, 0x00, 0x00, 0xff,
    0xff, 0xff, 0xff, 0x00, 0x24, 0x00, 0x00, 0xbf, 0x02, 0x00, 0x00, 0x13, 0x00, 0x00, 0x00, 0xbf, 0x02, 0x00, 0x00,
    0x13, 0x00, 0x00, 0x00, 0xff, 0xff, 0xff, 0xff, 0x00, 0x24, 0x00, 0x00, 0xd2, 0x02, 0x00, 0x00, 0x14, 0x00, 0x00,
    0x00, 0xd2, 0x02, 0x00, 0x00, 0x14, 0x00, 0x00, 0x00, 0xff, 0xff, 0xff, 0xff, 0x00, 0x24, 0x00, 0x00, 0x00, 0x00,
    0x00, 0x00, 0x5d, 0x0c, 0x00, 0x00, 0xc6, 0x00, 0x00, 0x00, 0x12, 0x03, 0x94, 0x2b, 0x06, 0x00, 0x00, 0x00, 0x5f,
    0x5f, 0x70, 0x72, 0x65, 0x63, 0x6f, 0x6d, 0x70, 0x69, 0x6c, 0x65, 0x64, 0x5f, 0x63, 0x6f, 0x6e, 0x76, 0x65, 0x72,
    0x74, 0x5f, 0x66, 0x36, 0x34, 0x5f, 0x74, 0x6f, 0x5f, 0x66, 0x31, 0x36, 0x5f, 0x69, 0x6d, 0x70, 0x6c, 0x47, 0x65,
    0x6e, 0x49, 0x53, 0x41, 0x5f, 0x61, 0x64, 0x64, 0x5f, 0x72, 0x74, 0x65, 0x5f, 0x66, 0x36, 0x34, 0x47, 0x65, 0x6e,
    0x49, 0x53, 0x41, 0x5f, 0x61, 0x64, 0x64, 0x5f, 0x72, 0x74, 0x7a, 0x5f, 0x66, 0x36, 0x34, 0x47, 0x65, 0x6e, 0x49,
    0x53, 0x41, 0x5f, 0x61, 0x64, 0x64, 0x5f, 0x72, 0x74, 0x6e, 0x5f, 0x66, 0x36, 0x34, 0x47, 0x65, 0x6e, 0x49, 0x53,
    0x41, 0x5f, 0x61, 0x64, 0x64, 0x5f, 0x72, 0x74, 0x70, 0x5f, 0x66, 0x36, 0x34, 0x5f, 0x5f, 0x70, 0x72, 0x65, 0x63,
    0x6f, 0x6d, 0x70, 0x69, 0x6c, 0x65, 0x64, 0x5f, 0x63, 0x6f, 0x6e, 0x76, 0x65, 0x72, 0x74, 0x5f, 0x66, 0x36, 0x34,
    0x5f, 0x74, 0x6f, 0x5f, 0x66, 0x31, 0x36, 0x5f, 0x72, 0x74, 0x65, 0x5f, 0x5f, 0x70, 0x72, 0x65, 0x63, 0x6f, 0x6d,
    0x70, 0x69, 0x6c, 0x65, 0x64, 0x5f, 0x63, 0x6f, 0x6e, 0x76, 0x65, 0x72, 0x74, 0x5f, 0x66, 0x36, 0x34, 0x5f, 0x74,
    0x6f, 0x5f, 0x66, 0x31, 0x36, 0x5f, 0x72, 0x74, 0x7a, 0x5f, 0x5f, 0x70, 0x72, 0x65, 0x63, 0x6f, 0x6d, 0x70, 0x69,
    0x6c, 0x65, 0x64, 0x5f, 0x63, 0x6f, 0x6e, 0x76, 0x65, 0x72, 0x74, 0x5f, 0x66, 0x36, 0x34, 0x5f, 0x74, 0x6f, 0x5f,
    0x66, 0x31, 0x36, 0x5f, 0x72, 0x74, 0x6e, 0x5f, 0x5f, 0x70, 0x72, 0x65, 0x63, 0x6f, 0x6d, 0x70, 0x69, 0x6c, 0x65,
    0x64, 0x5f, 0x63, 0x6f, 0x6e, 0x76, 0x65, 0x72, 0x74, 0x5f, 0x66, 0x36, 0x34, 0x5f, 0x74, 0x6f, 0x5f, 0x66, 0x31,
    0x36, 0x5f, 0x72, 0x74, 0x70, 0x5f, 0x5f, 0x70, 0x72, 0x65, 0x63, 0x6f, 0x6d, 0x70, 0x69, 0x6c, 0x65, 0x64, 0x5f,
    0x61, 0x62, 0x73, 0x5f, 0x69, 0x36, 0x34, 0x6c, 0x6c, 0x76, 0x6d, 0x2e, 0x61, 0x62, 0x73, 0x2e, 0x69, 0x36, 0x34,
    0x5f, 0x5f, 0x70, 0x72, 0x65, 0x63, 0x6f, 0x6d, 0x70, 0x69, 0x6c, 0x65, 0x64, 0x5f, 0x75, 0x64, 0x69, 0x76, 0x5f,
    0x5f, 0x70, 0x72, 0x65, 0x63, 0x6f, 0x6d, 0x70, 0x69, 0x6c, 0x65, 0x64, 0x5f, 0x75, 0x64, 0x69, 0x76, 0x32, 0x5f,
    0x5f, 0x70, 0x72, 0x65, 0x63, 0x6f, 0x6d, 0x70, 0x69, 0x6c, 0x65, 0x64, 0x5f, 0x75, 0x64, 0x69, 0x76, 0x33, 0x5f,
    0x5f, 0x70, 0x72, 0x65, 0x63, 0x6f, 0x6d, 0x70, 0x69, 0x6c, 0x65, 0x64, 0x5f, 0x75, 0x64, 0x69, 0x76, 0x34, 0x5f,
    0x5f, 0x70, 0x72, 0x65, 0x63, 0x6f, 0x6d, 0x70, 0x69, 0x6c, 0x65, 0x64, 0x5f, 0x75, 0x64, 0x69, 0x76, 0x38, 0x5f,
    0x5f, 0x70, 0x72, 0x65, 0x63, 0x6f, 0x6d, 0x70, 0x69, 0x6c, 0x65, 0x64, 0x5f, 0x75, 0x64, 0x69, 0x76, 0x31, 0x36,
    0x5f, 0x5f, 0x70, 0x72, 0x65, 0x63, 0x6f, 0x6d, 0x70, 0x69, 0x6c, 0x65, 0x64, 0x5f, 0x75, 0x6d, 0x6f, 0x64, 0x5f,
    0x5f, 0x70, 0x72, 0x65, 0x63, 0x6f, 0x6d, 0x70, 0x69, 0x6c, 0x65, 0x64, 0x5f, 0x75, 0x6d, 0x6f, 0x64, 0x32, 0x5f,
    0x5f, 0x70, 0x72, 0x65, 0x63, 0x6f, 0x6d, 0x70, 0x69, 0x6c, 0x65, 0x64, 0x5f, 0x75, 0x6d, 0x6f, 0x64, 0x33, 0x5f,
    0x5f, 0x70, 0x72, 0x65, 0x63, 0x6f, 0x6d, 0x70, 0x69, 0x6c, 0x65, 0x64, 0x5f, 0x75, 0x6d, 0x6f, 0x64, 0x34, 0x5f,
    0x5f, 0x70, 0x72, 0x65, 0x63, 0x6f, 0x6d, 0x70, 0x69, 0x6c, 0x65, 0x64, 0x5f, 0x75, 0x6d, 0x6f, 0x64, 0x38, 0x5f,
    0x5f, 0x70, 0x72, 0x65, 0x63, 0x6f, 0x6d, 0x70, 0x69, 0x6c, 0x65, 0x64, 0x5f, 0x75, 0x6d, 0x6f, 0x64, 0x31, 0x36,
    0x5f, 0x5f, 0x70, 0x72, 0x65, 0x63, 0x6f, 0x6d, 0x70, 0x69, 0x6c, 0x65, 0x64, 0x5f, 0x73, 0x64, 0x69, 0x76, 0x5f,
    0x5f, 0x70, 0x72, 0x65, 0x63, 0x6f, 0x6d, 0x70, 0x69, 0x6c, 0x65, 0x64, 0x5f, 0x73, 0x64, 0x69, 0x76, 0x32, 0x5f,
    0x5f, 0x70, 0x72, 0x65, 0x63, 0x6f, 0x6d, 0x70, 0x69, 0x6c, 0x65, 0x64, 0x5f, 0x73, 0x64, 0x69, 0x76, 0x33, 0x5f,
    0x5f, 0x70, 0x72, 0x65, 0x63, 0x6f, 0x6d, 0x70, 0x69, 0x6c, 0x65, 0x64, 0x5f, 0x73, 0x64, 0x69, 0x76, 0x34, 0x5f,
    0x5f, 0x70, 0x72, 0x65, 0x63, 0x6f, 0x6d, 0x70, 0x69, 0x6c, 0x65, 0x64, 0x5f, 0x73, 0x64, 0x69, 0x76, 0x38, 0x5f,
    0x5f, 0x70, 0x72, 0x65, 0x63, 0x6f, 0x6d, 0x70, 0x69, 0x6c, 0x65, 0x64, 0x5f, 0x73, 0x64, 0x69, 0x76, 0x31, 0x36,
    0x5f, 0x5f, 0x70, 0x72, 0x65, 0x63, 0x6f, 0x6d, 0x70, 0x69, 0x6c, 0x65, 0x64, 0x5f, 0x73, 0x6d, 0x6f, 0x64, 0x5f,
    0x5f, 0x70, 0x72, 0x65, 0x63, 0x6f, 0x6d, 0x70, 0x69, 0x6c, 0x65, 0x64, 0x5f, 0x73, 0x6d, 0x6f, 0x64, 0x32, 0x5f,
    0x5f, 0x70, 0x72, 0x65, 0x63, 0x6f, 0x6d, 0x70, 0x69, 0x6c, 0x65, 0x64, 0x5f, 0x73, 0x6d, 0x6f, 0x64, 0x33, 0x5f,
    0x5f, 0x70, 0x72, 0x65, 0x63, 0x6f, 0x6d, 0x70, 0x69, 0x6c, 0x65, 0x64, 0x5f, 0x73, 0x6d, 0x6f, 0x64, 0x34, 0x5f,
    0x5f, 0x70, 0x72, 0x65, 0x63, 0x6f, 0x6d, 0x70, 0x69, 0x6c, 0x65, 0x64, 0x5f, 0x73, 0x6d, 0x6f, 0x64, 0x38, 0x5f,
    0x5f, 0x70, 0x72, 0x65, 0x63, 0x6f, 0x6d, 0x70, 0x69, 0x6c, 0x65, 0x64, 0x5f, 0x73, 0x6d, 0x6f, 0x64, 0x31, 0x36,
    0x31, 0x34, 0x2e, 0x30, 0x2e, 0x36, 0x73, 0x70, 0x69, 0x72, 0x36, 0x34, 0x2d, 0x75, 0x6e, 0x6b, 0x6e, 0x6f, 0x77,
    0x6e, 0x2d, 0x75, 0x6e, 0x6b, 0x6e, 0x6f, 0x77, 0x6e, 0x6c, 0x6c, 0x76, 0x6d, 0x2d, 0x6c, 0x69, 0x6e, 0x6b, 0x00,
    0x00, 0x00, 0x00, 0x00};
